edition,spot,pokemon,card_number,card_name,set,category,rarity
GRAIL,1,Charmander,70,Charmander,Legendary Collection,main,Common
GRAIL,1,Charmander,113,Charmander,FireRed & LeafGreen,main,Rare Secret
GRAIL,1,Charmander,98,Charmander,Dragon,main,Rare Secret
GRAIL,1,Charmander,98,Charmander,Expedition Base Set,main,Common
GRAIL,1,Charmander,18a,Charmander,Burning Shadows,main,Common
GRAIL,1,Charmander,2,Charmander,EX Trainer Kit 2 Minun,main,
GRAIL,1,Charmander,168,Charmander,151,alt_art_SIR,Illustration Rare
GRAIL,1,Charmander,109,Charmander,Paldean Fates,alt_art_SIR,Shiny Rare
GRAIL,1,Charmander,44,Charmander,Scarlet & Violet Black Star Promos,promo,Promo
GRAIL,1,Charmander,SWSH232,Charmander,SWSH Black Star Promos,promo,Promo
GRAIL,1,Charmander,9,Charmander,McDonald's Collection 2021,promo,
GRAIL,1,Charmander,SWSH092,Charmander,SWSH Black Star Promos,promo,Promo
GRAIL,1,Charmander,47,Charmander,Scarlet & Violet Black Star Promos,promo,Promo
GRAIL,1,Charmeleon,37,Charmeleon,Legendary Collection,main,Uncommon
GRAIL,1,Charmeleon,73,Charmeleon,Expedition Base Set,main,Uncommon
GRAIL,1,Charmeleon,99,Charmeleon,Dragon,main,Rare Secret
GRAIL,1,Charmeleon,3,Charmeleon,EX Trainer Kit 2 Minun,main,Uncommon
GRAIL,1,Charmeleon,21,Charmeleon,Ascended Heroes,main,Uncommon
GRAIL,1,Charmeleon,169,Charmeleon,151,alt_art_SIR,Illustration Rare
GRAIL,1,Charmeleon,110,Charmeleon,Paldean Fates,alt_art_SIR,Shiny Rare
GRAIL,1,Charizard,100,Charizard ★ δ,Dragon Frontiers,main,Rare Holo Star
GRAIL,1,Charizard,107,Shining Charizard,Neo Destiny,main,Rare Shining
GRAIL,1,Charizard,146,Charizard,Skyridge,main,Rare Secret
GRAIL,1,Charizard,108,M Charizard-EX,Flashfire,main,Rare Secret
GRAIL,1,Charizard,3,Charizard,Legendary Collection,main,Rare Holo
GRAIL,1,Charizard,4,Charizard δ,Crystal Guardians,main,Rare Holo
GRAIL,1,Charizard,136,Charizard,Plasma Storm,main,Rare Secret
GRAIL,1,Charizard,2,Blaine's Charizard,Gym Challenge,main,Rare Holo
GRAIL,1,Charizard,4,Charizard,Base,main,Rare Holo
GRAIL,1,Charizard,150,Charizard-GX,Burning Shadows,main,Rare Rainbow
GRAIL,1,Charizard,SV49,Charizard-GX,Hidden Fates Shiny Vault,main,Rare Shiny GX
GRAIL,1,Charizard,103,Charizard,Stormfront,main,Rare Secret
GRAIL,1,Charizard,125,Mega Charizard X ex,Phantasmal Flames,main,Special Illustration Rare
GRAIL,1,Charizard,SWSH066,Charizard,SWSH Black Star Promos,main,Promo
GRAIL,1,Charizard,199,Charizard ex,151,alt_art_SIR,Special Illustration Rare
GRAIL,1,Charizard,154,Charizard V,Brilliant Stars,alt_art_SIR,Rare Ultra
GRAIL,1,Charizard,234,Charizard ex,Paldean Fates,alt_art_SIR,Special Illustration Rare
GRAIL,1,Charizard,79,Charizard V,Champion's Path,alt_art_SIR,Rare Secret
GRAIL,1,Charizard,130,Mega Charizard X ex,Phantasmal Flames,alt_art_SIR,Mega Hyper Rare
GRAIL,1,Charizard,74,Charizard VMAX,Champion's Path,alt_art_SIR,Rare Rainbow
GRAIL,1,Charizard,4,Charizard,Celebrations: Classic Collection,alt_art_SIR,Classic Collection
GRAIL,1,Charizard,SV107,Charizard VMAX,Shining Fates Shiny Vault,alt_art_SIR,Rare Holo VMAX
GRAIL,1,Charizard,223,Charizard ex,Obsidian Flames,alt_art_SIR,Special Illustration Rare
GRAIL,1,Charizard,174,Charizard VSTAR,Brilliant Stars,alt_art_SIR,Rare Rainbow
GRAIL,1,Charizard,20,Charizard VMAX,Darkness Ablaze,alt_art_SIR,Rare Holo VMAX
GRAIL,1,Charizard,183,Charizard ex,151,alt_art_SIR,Ultra Rare
GRAIL,1,Charizard,153,Charizard V,Brilliant Stars,alt_art_SIR,Rare Ultra
GRAIL,1,Charizard,228,Charizard ex,Obsidian Flames,alt_art_SIR,Hyper Rare
GRAIL,1,Charizard,TG03,Charizard,Lost Origin Trainer Gallery,alt_art_SIR,Trainer Gallery Rare Holo
GRAIL,1,Charizard,215,Charizard ex,Obsidian Flames,alt_art_SIR,Ultra Rare
GRAIL,1,Charizard,109,Mega Charizard X ex,Phantasmal Flames,alt_art_SIR,Ultra Rare
GRAIL,1,Charizard,11,Radiant Charizard,Pokémon GO,alt_art_SIR,Radiant Rare
GRAIL,1,Charizard,18,Charizard VSTAR,Brilliant Stars,alt_art_SIR,Rare Holo VSTAR
GRAIL,1,Charizard,19,Charizard VSTAR,Crown Zenith,alt_art_SIR,Rare Holo VSTAR
GRAIL,1,Charizard,20,Radiant Charizard,Crown Zenith,alt_art_SIR,Radiant Rare
GRAIL,1,Charizard,294,Mega Charizard Y ex,Ascended Heroes,alt_art_SIR,Mega Hyper Rare
GRAIL,1,Charizard,SWSH075,Special Delivery Charizard,SWSH Black Star Promos,promo,Promo
GRAIL,1,Charizard,SWSH262,Charizard VSTAR,SWSH Black Star Promos,promo,Promo
GRAIL,1,Charizard,SWSH260,Charizard V,SWSH Black Star Promos,promo,Promo
GRAIL,1,Charizard,SWSH261,Charizard VMAX,SWSH Black Star Promos,promo,Promo
GRAIL,1,Charizard,74,Charizard ex,Scarlet & Violet Black Star Promos,promo,Promo
GRAIL,1,Charizard,56,Charizard ex,Scarlet & Violet Black Star Promos,promo,Promo
GRAIL,1,Charizard,SWSH050,Charizard V,SWSH Black Star Promos,promo,Promo
GRAIL,1,Charizard,SWSH133,Lance's Charizard V,SWSH Black Star Promos,promo,Promo
GRAIL,1,Charizard,161,Charizard ex,Scarlet & Violet Black Star Promos,promo,Promo
GRAIL,1,Charizard,196,Charizard ex,Scarlet & Violet Promos,promo,Promo
GRAIL,2,Pikachu,86,Pikachu,Legendary Collection,main,Common
GRAIL,2,Pikachu,85,Pikachu with Grey Felt Hat,Scarlet & Violet Black Star Promos,main,Promo
GRAIL,2,Pikachu,104,Pikachu ★,Holon Phantoms,main,Rare Holo Star
GRAIL,2,Pikachu,7,Pikachu,Pokémon Rumble,main,
GRAIL,2,Pikachu,60,Pikachu,Emerald,main,Common
GRAIL,2,Pikachu,XY124,Pikachu-EX,XY Black Star Promos,main,Promo
GRAIL,2,Pikachu,24,_____'s Pikachu,Wizards Black Star Promos,main,Promo
GRAIL,2,Pikachu,SWSH074,Special Delivery Pikachu,SWSH Black Star Promos,main,Promo
GRAIL,2,Pikachu,12,Pikachu,POP Series 5,main,Common
GRAIL,2,Pikachu,114,Surfing Pikachu,Rising Rivals,main,Rare Secret
GRAIL,2,Pikachu,13,Pikachu,POP Series 4,main,Common
GRAIL,2,Pikachu,112,Pikachu,Rising Rivals,main,Rare Secret
GRAIL,2,Pikachu,238,Pikachu ex,Surging Sparks,main,Special Illustration Rare
GRAIL,2,Pikachu,35,Pikachu δ,Nintendo Black Star Promos,main,Promo
GRAIL,2,Pikachu,188,Pikachu VMAX,Vivid Voltage,alt_art_SIR,Rare Rainbow
GRAIL,2,Pikachu,TG17,Pikachu VMAX,Lost Origin Trainer Gallery,alt_art_SIR,Rare Holo VMAX
GRAIL,2,Pikachu,247,Pikachu ex,Surging Sparks,alt_art_SIR,Hyper Rare
GRAIL,2,Pikachu,173,Pikachu,151,alt_art_SIR,Illustration Rare
GRAIL,2,Pikachu,131,Pikachu,Paldean Fates,alt_art_SIR,Shiny Rare
GRAIL,2,Pikachu,179,Pikachu ex,Prismatic Evolutions,alt_art_SIR,Hyper Rare
GRAIL,2,Pikachu,160,Pikachu,Crown Zenith,alt_art_SIR,Rare Secret
GRAIL,2,Pikachu,170,Pikachu V,Vivid Voltage,alt_art_SIR,Rare Ultra
GRAIL,2,Pikachu,TG05,Pikachu,Lost Origin Trainer Gallery,alt_art_SIR,Trainer Gallery Rare Holo
GRAIL,2,Pikachu,GG30,Pikachu,Crown Zenith Galarian Gallery,alt_art_SIR,Trainer Gallery Rare Holo
GRAIL,2,Pikachu,219,Pikachu ex,Surging Sparks,alt_art_SIR,Ultra Rare
GRAIL,2,Pikachu,24,_____'s Pikachu,Celebrations: Classic Collection,alt_art_SIR,Classic Collection
GRAIL,2,Pikachu,157,Pikachu V,Brilliant Stars,alt_art_SIR,Rare Ultra
GRAIL,2,Pikachu,TG29,Pikachu VMAX,Lost Origin Trainer Gallery,alt_art_SIR,Rare Secret
GRAIL,2,Pikachu,44,Pikachu VMAX,Vivid Voltage,alt_art_SIR,Rare Holo VMAX
GRAIL,2,Pikachu,9,Surfing Pikachu VMAX,Celebrations,alt_art_SIR,Rare Holo VMAX
GRAIL,2,Pikachu,7,Flying Pikachu VMAX,Celebrations,alt_art_SIR,Rare Holo VMAX
GRAIL,2,Pikachu,276,Pikachu ex,Ascended Heroes,alt_art_SIR,Special Illustration Rare
GRAIL,2,Pikachu,277,Pikachu ex,Ascended Heroes,alt_art_SIR,Special Illustration Rare
GRAIL,2,Pikachu,23,Pikachu,30th Celebration,alt_art_SIR,Pikachu Rare
GRAIL,2,Pikachu,24,Pikachu,30th Celebration,alt_art_SIR,Pikachu Rare
GRAIL,2,Pikachu,25,Pikachu,30th Celebration,alt_art_SIR,Pikachu Rare
GRAIL,2,Pikachu,26,Pikachu,30th Celebration,alt_art_SIR,Pikachu Rare
GRAIL,2,Pikachu,27,Pikachu,30th Celebration,alt_art_SIR,Pikachu Rare
GRAIL,2,Pikachu,28,Pikachu,30th Celebration,alt_art_SIR,Pikachu Rare
GRAIL,2,Pikachu,29,Pikachu,30th Celebration,alt_art_SIR,Pikachu Rare
GRAIL,2,Pikachu,30,Pikachu,30th Celebration,alt_art_SIR,Pikachu Rare
GRAIL,2,Pikachu,31,Pikachu,30th Celebration,alt_art_SIR,Pikachu Rare
GRAIL,2,Pikachu,32,Pikachu,30th Celebration,alt_art_SIR,Pikachu Rare
GRAIL,2,Pikachu,33,Pikachu,30th Celebration,alt_art_SIR,Pikachu Rare
GRAIL,2,Pikachu,34,Pikachu,30th Celebration,alt_art_SIR,Pikachu Rare
GRAIL,2,Pikachu,35,Pikachu,30th Celebration,alt_art_SIR,Pikachu Rare
GRAIL,2,Pikachu,36,Pikachu,30th Celebration,alt_art_SIR,Pikachu Rare
GRAIL,2,Pikachu,37,Pikachu,30th Celebration,alt_art_SIR,Pikachu Rare
GRAIL,2,Pikachu,38,Pikachu,30th Celebration,alt_art_SIR,Pikachu Rare
GRAIL,2,Pikachu,39,Pikachu,30th Celebration,alt_art_SIR,Pikachu Rare
GRAIL,2,Pikachu,40,Pikachu,30th Celebration,alt_art_SIR,Pikachu Rare
GRAIL,2,Pikachu,41,Pikachu,30th Celebration,alt_art_SIR,Pikachu Rare
GRAIL,2,Pikachu,42,Pikachu,30th Celebration,alt_art_SIR,Pikachu Rare
GRAIL,2,Pikachu,43,Pikachu,30th Celebration,alt_art_SIR,Pikachu Rare
GRAIL,2,Pikachu,44,Pikachu,30th Celebration,alt_art_SIR,Pikachu Rare
GRAIL,2,Pikachu,45,Pikachu,30th Celebration,alt_art_SIR,Pikachu Rare
GRAIL,2,Pikachu,46,Pikachu,30th Celebration,alt_art_SIR,Pikachu Rare
GRAIL,2,Pikachu,47,Pikachu,30th Celebration,alt_art_SIR,Pikachu Rare
GRAIL,2,Pikachu,48,Pikachu,30th Celebration,alt_art_SIR,Pikachu Rare
GRAIL,2,Pikachu,49,Pikachu,30th Celebration,alt_art_SIR,Pikachu Rare
GRAIL,2,Pikachu,50,Pikachu,30th Celebration,alt_art_SIR,Pikachu Rare
GRAIL,2,Pikachu,51,Pikachu,30th Celebration,alt_art_SIR,Pikachu Rare
GRAIL,2,Pikachu,52,Pikachu,30th Celebration,alt_art_SIR,Pikachu Rare
GRAIL,2,Pikachu,149,Pikachu ex,30th Celebration,alt_art_SIR,Special Illustration Rare
GRAIL,2,Pikachu,150,Pikachu ex,30th Celebration,alt_art_SIR,Special Illustration Rare
GRAIL,2,Pikachu,SWSH145,Pikachu V,SWSH Black Star Promos,promo,Promo
GRAIL,2,Pikachu,SWSH020,Pikachu,SWSH Black Star Promos,promo,Promo
GRAIL,2,Pikachu,1,Pikachu on the Ball,Pokémon Futsal Collection,promo,
GRAIL,2,Pikachu,SWSH153,Pikachu,SWSH Black Star Promos,promo,Promo
GRAIL,2,Pikachu,101,Pikachu,Scarlet & Violet Black Star Promos,promo,Promo
GRAIL,2,Pikachu,25,Pikachu,McDonald's Collection 2021,promo,
GRAIL,2,Pikachu,88,Pikachu,Scarlet & Violet Black Star Promos,promo,Promo
GRAIL,2,Pikachu,27,Pikachu,Scarlet & Violet Black Star Promos,promo,Promo
GRAIL,2,Pikachu,SWSH062,Pikachu VMAX,SWSH Black Star Promos,promo,Promo
GRAIL,2,Pikachu,SWSH143,Pikachu V,SWSH Black Star Promos,promo,Promo
GRAIL,2,Pikachu,SWSH039,Pikachu,SWSH Black Star Promos,promo,Promo
GRAIL,2,Pikachu,SWSH141,Pikachu V-UNION,SWSH Black Star Promos,promo,Promo
GRAIL,2,Pikachu,SWSH142,Pikachu V-UNION,SWSH Black Star Promos,promo,Promo
GRAIL,2,Pikachu,7,Pikachu,McDonald's Collection 2022,promo,
GRAIL,2,Pikachu,SWSH286,Pikachu VMAX,SWSH Black Star Promos,promo,Promo
GRAIL,2,Pikachu,SWSH139,Pikachu V-UNION,SWSH Black Star Promos,promo,Promo
GRAIL,2,Pikachu,SWSH063,Pikachu V,SWSH Black Star Promos,promo,Promo
GRAIL,2,Pikachu,SWSH140,Pikachu V-UNION,SWSH Black Star Promos,promo,Promo
GRAIL,2,Pikachu,SWSH234,Pikachu,SWSH Black Star Promos,promo,Promo
GRAIL,2,Pikachu,SWSH285,Pikachu V,SWSH Black Star Promos,promo,Promo
GRAIL,2,Pikachu,SWSH198,Pikachu V,SWSH Black Star Promos,promo,Promo
GRAIL,2,Pikachu,SWSH061,Pikachu V,SWSH Black Star Promos,promo,Promo
GRAIL,2,Pikachu,106,Pikachu ex,Scarlet & Violet Black Star Promos,promo,Promo
GRAIL,2,Pichu,12,Pichu,Neo Genesis,main,Rare Holo
GRAIL,2,Pichu,22,Pichu,Expedition Base Set,main,Rare Holo
GRAIL,2,Pichu,59,Pichu,Emerald,main,Common
GRAIL,2,Pichu,16,Pichu Bros.,POP Series 3,main,Common
GRAIL,2,Pichu,58,Pichu,Expedition Base Set,main,Rare
GRAIL,2,Raichu,111,Shining Raichu,Neo Destiny,main,Rare Shining
GRAIL,2,Raichu,12,Raichu,FireRed & LeafGreen,main,Rare Holo
GRAIL,2,Raichu,15,Raichu δ,Holon Phantoms,main,Rare Holo
GRAIL,2,Raichu,11,Lt. Surge's Raichu,Gym Challenge,main,Rare Holo
GRAIL,2,Raichu,7,Dark Raichu,Legendary Collection,main,Rare Holo
GRAIL,2,Raichu,221,Raichu & Alolan Raichu-GX,Unified Minds,main,Rare Ultra
GRAIL,2,Raichu,211,Raichu,Paldea Evolved,alt_art_SIR,Illustration Rare
GRAIL,2,Raichu,132,Raichu,Paldean Fates,alt_art_SIR,Shiny Rare
GRAIL,2,Raichu,158,Raichu V,Brilliant Stars,alt_art_SIR,Rare Ultra
GRAIL,2,Alolan Raichu,221,Raichu & Alolan Raichu-GX,Unified Minds,main,Rare Ultra
GRAIL,2,Alolan Raichu,241,Raichu & Alolan Raichu-GX,Unified Minds,main,Rare Rainbow
GRAIL,2,Alolan Raichu,220,Raichu & Alolan Raichu-GX,Unified Minds,main,Rare Ultra
GRAIL,2,Alolan Raichu,SM72,Alolan Raichu,SM Black Star Promos,main,Promo
GRAIL,2,Alolan Raichu,54,Raichu & Alolan Raichu-GX,Unified Minds,main,Rare Holo GX
GRAIL,3,Umbreon,H30,Umbreon,Skyridge,main,Rare Holo
GRAIL,3,Umbreon,215,Umbreon VMAX,Evolving Skies,main,Rare Rainbow
GRAIL,3,Umbreon,161,Umbreon ex,Prismatic Evolutions,main,Special Illustration Rare
GRAIL,3,Umbreon,H29,Umbreon,Aquapolis,main,Rare Holo
GRAIL,3,Umbreon,17,Umbreon δ,Delta Species,main,Rare Holo
GRAIL,3,Umbreon,13,Umbreon,Neo Discovery,main,Rare Holo
GRAIL,3,Umbreon,86,Umbreon,HS—Undaunted,main,Rare Prime
GRAIL,3,Umbreon,112,Umbreon ex,Unseen Forces,main,Rare Holo EX
GRAIL,3,Umbreon,32,Umbreon,Neo Discovery,main,Rare
GRAIL,3,Umbreon,189,Umbreon V,Evolving Skies,main,Rare Ultra
GRAIL,3,Umbreon,32,Umbreon,Skyridge,main,Rare
GRAIL,3,Umbreon,SV69,Umbreon-GX,Hidden Fates Shiny Vault,main,Rare Shiny GX
GRAIL,3,Umbreon,TG23,Umbreon VMAX,Brilliant Stars Trainer Gallery,alt_art_SIR,Rare Holo VMAX
GRAIL,3,Umbreon,17,Umbreon ★,Celebrations: Classic Collection,alt_art_SIR,Classic Collection
GRAIL,3,Umbreon,214,Umbreon VMAX,Evolving Skies,alt_art_SIR,Rare Rainbow
GRAIL,3,Umbreon,188,Umbreon V,Evolving Skies,alt_art_SIR,Rare Ultra
GRAIL,3,Umbreon,95,Umbreon VMAX,Evolving Skies,alt_art_SIR,Rare Holo VMAX
GRAIL,3,Umbreon,SWSH129,Umbreon,SWSH Black Star Promos,promo,Promo
GRAIL,3,Umbreon,SWSH203,Umbreon V,SWSH Black Star Promos,promo,Promo
GRAIL,4,Rayquaza,107,Rayquaza ★,Deoxys,main,Rare Holo Star
GRAIL,4,Rayquaza,13,Rayquaza δ,Delta Species,main,Rare Holo
GRAIL,4,Rayquaza,218,Rayquaza VMAX,Evolving Skies,main,Rare Rainbow
GRAIL,4,Rayquaza,128,Rayquaza,Dragons Exalted,main,Rare Secret
GRAIL,4,Rayquaza,22,Rayquaza,Deoxys,main,Rare
GRAIL,4,Rayquaza,16,Rayquaza δ,Holon Phantoms,main,Rare Holo
GRAIL,4,Rayquaza,98,M Rayquaza-EX,Ancient Origins,main,Rare Secret
GRAIL,4,Rayquaza,20,Rayquaza,Call of Legends,main,Rare Holo
GRAIL,4,Rayquaza,102,Rayquaza ex,Deoxys,main,Rare Holo EX
GRAIL,4,Rayquaza,9,Rayquaza,Emerald,main,Rare Holo
GRAIL,4,Rayquaza,SL10,Rayquaza,Call of Legends,main,Rare Holo
GRAIL,4,Rayquaza,194,Rayquaza V,Evolving Skies,alt_art_SIR,Rare Ultra
GRAIL,4,Rayquaza,TG20,Rayquaza VMAX,Silver Tempest Trainer Gallery,alt_art_SIR,Rare Holo VMAX
GRAIL,4,Rayquaza,217,Rayquaza VMAX,Evolving Skies,alt_art_SIR,Rare Rainbow
GRAIL,4,Rayquaza,193,Rayquaza V,Evolving Skies,alt_art_SIR,Rare Ultra
GRAIL,4,Rayquaza,76,M Rayquaza-EX,Celebrations: Classic Collection,alt_art_SIR,Classic Collection
GRAIL,4,Rayquaza,TG29,Rayquaza VMAX,Silver Tempest Trainer Gallery,alt_art_SIR,Rare Secret
GRAIL,4,Rayquaza,138,Rayquaza,Vivid Voltage,alt_art_SIR,Amazing Rare
GRAIL,4,Rayquaza,111,Rayquaza VMAX,Evolving Skies,alt_art_SIR,Rare Holo VMAX
GRAIL,4,Rayquaza,102,Rayquaza VMAX,Crown Zenith,alt_art_SIR,Rare Holo VMAX
GRAIL,4,Rayquaza,101,Rayquaza VMAX,Crown Zenith,alt_art_SIR,Rare Holo VMAX
GRAIL,4,Rayquaza,SWSH147,Rayquaza V,SWSH Black Star Promos,promo,Promo
GRAIL,4,Rayquaza,SWSH029,Rayquaza,SWSH Black Star Promos,promo,Promo
GRAIL,5,Mew,19,Mew,Expedition Base Set,main,Rare Holo
GRAIL,5,Mew,101,Mew ★ δ,Dragon Frontiers,main,Rare Holo Star
GRAIL,5,Mew,232,Mew ex,Paldean Fates,main,Special Illustration Rare
GRAIL,5,Mew,1,Mew,Southern Islands,main,
GRAIL,5,Mew,97,Mew,HS—Triumphant,main,Rare Prime
GRAIL,5,Mew,100,Mew ex,Holon Phantoms,main,Rare Holo EX
GRAIL,5,Mew,3,Mew δ,POP Series 5,main,Rare
GRAIL,5,Mew,BW98,Mew,BW Black Star Promos,main,Promo
GRAIL,5,Mew,10,Mew,Legend Maker,main,Rare Holo
GRAIL,5,Mew,120,Mew-EX,Dragons Exalted,main,Rare Ultra
GRAIL,5,Mew,242,Mewtwo & Mew-GX,Unified Minds,main,Rare Rainbow
GRAIL,5,Mew,10,Mew,Pokémon Rumble,main,
GRAIL,5,Mew,269,Mew VMAX,Fusion Strike,alt_art_SIR,Rare Rainbow
GRAIL,5,Mew,251,Mew V,Fusion Strike,alt_art_SIR,Rare Ultra
GRAIL,5,Mew,268,Mew VMAX,Fusion Strike,alt_art_SIR,Rare Rainbow
GRAIL,5,Mew,GG10,Mew,Crown Zenith Galarian Gallery,alt_art_SIR,Trainer Gallery Rare Holo
GRAIL,5,Mew,216,Mew ex,Paldean Fates,alt_art_SIR,Shiny Ultra Rare
GRAIL,5,Mew,250,Mew V,Fusion Strike,alt_art_SIR,Rare Ultra
GRAIL,5,Mew,TG30,Mew VMAX,Lost Origin Trainer Gallery,alt_art_SIR,Rare Secret
GRAIL,5,Mew,193,Mew ex,151,alt_art_SIR,Ultra Rare
GRAIL,5,Mew,205,Mew ex,151,alt_art_SIR,Hyper Rare
GRAIL,5,Mew,88,Mew ex,Celebrations: Classic Collection,alt_art_SIR,Classic Collection
GRAIL,5,Mew,114,Mew VMAX,Fusion Strike,alt_art_SIR,Rare Holo VMAX
GRAIL,5,Mew,152,Mew ex,30th Celebration,alt_art_SIR,Special Illustration Rare
GRAIL,5,Mew,158,Mew ex,30th Celebration,alt_art_SIR,Futuristic Rare
GRAIL,5,Mew,53,Mew ex,Scarlet & Violet Black Star Promos,promo,Promo
GRAIL,6,Lugia,149,Lugia,Aquapolis,main,Rare Secret
GRAIL,6,Lugia,105,Lugia ex,Unseen Forces,main,Rare Holo EX
GRAIL,6,Lugia,9,Lugia,Neo Genesis,main,Rare Holo
GRAIL,6,Lugia,134,Lugia-EX,Plasma Storm,main,Rare Ultra
GRAIL,6,Lugia,186,Lugia V,Silver Tempest,main,Rare Ultra
GRAIL,6,Lugia,29,Lugia,Unseen Forces,main,Rare
GRAIL,6,Lugia,113,Lugia LEGEND,HeartGold & SoulSilver,main,LEGEND
GRAIL,6,Lugia,114,Lugia LEGEND,HeartGold & SoulSilver,main,LEGEND
GRAIL,6,Lugia,121,Lugia,30th Celebration,main,Rare
GRAIL,6,Lugia,149,Lugia,30th Celebration: Classic Collection,main,Rare Secret
GRAIL,6,Lugia,202,Lugia VSTAR,Silver Tempest,alt_art_SIR,Rare Rainbow
GRAIL,6,Lugia,211,Lugia VSTAR,Silver Tempest,alt_art_SIR,Rare Secret
GRAIL,6,Lugia,185,Lugia V,Silver Tempest,alt_art_SIR,Rare Ultra
GRAIL,6,Lugia,139,Lugia VSTAR,Silver Tempest,alt_art_SIR,Rare Holo VSTAR
GRAIL,6,Lugia,SWSH069,Lugia,SWSH Black Star Promos,promo,Promo
GRAIL,7,Mewtwo,103,Mewtwo ★,Holon Phantoms,main,Rare Holo Star
GRAIL,7,Mewtwo,8,Rocket's Mewtwo,Best of Game,main,Promo
GRAIL,7,Mewtwo,12,Mewtwo δ,Delta Species,main,Rare Holo
GRAIL,7,Mewtwo,29,Mewtwo,Legendary Collection,main,Rare
GRAIL,7,Mewtwo,109,Shining Mewtwo,Neo Destiny,main,Rare Shining
GRAIL,7,Mewtwo,78,Mewtwo-GX,Shining Legends,main,Rare Secret
GRAIL,7,Mewtwo,20,Mewtwo,Expedition Base Set,main,Rare Holo
GRAIL,7,Mewtwo,99,Rocket's Mewtwo ex,Team Rocket Returns,main,Rare Holo EX
GRAIL,7,Mewtwo,9,Mewtwo,Pokémon Rumble,main,
GRAIL,7,Mewtwo,242,Mewtwo & Mew-GX,Unified Minds,main,Rare Rainbow
GRAIL,7,Mewtwo,231,Team Rocket's Mewtwo ex,Destined Rivals,main,Special Illustration Rare
GRAIL,7,Mewtwo,GG44,Mewtwo VSTAR,Crown Zenith Galarian Gallery,alt_art_SIR,Rare Holo VSTAR
GRAIL,7,Mewtwo,72,Mewtwo V,Pokémon GO,alt_art_SIR,Rare Ultra
GRAIL,7,Mewtwo,79,Mewtwo VSTAR,Pokémon GO,alt_art_SIR,Rare Rainbow
GRAIL,7,Mewtwo,240,Team Rocket's Mewtwo ex,Destined Rivals,alt_art_SIR,Hyper Rare
GRAIL,7,Mewtwo,86,Mewtwo VSTAR,Pokémon GO,alt_art_SIR,Rare Secret
GRAIL,7,Mewtwo,213,Team Rocket's Mewtwo ex,Destined Rivals,alt_art_SIR,Ultra Rare
GRAIL,7,Mewtwo,54,Mewtwo-EX,Celebrations: Classic Collection,alt_art_SIR,Classic Collection
GRAIL,7,Mewtwo,31,Mewtwo VSTAR,Pokémon GO,alt_art_SIR,Rare Holo VSTAR
GRAIL,7,Mewtwo,281,Team Rocket's Mewtwo ex,Ascended Heroes,alt_art_SIR,Special Illustration Rare
GRAIL,7,Mewtwo,151,Mewtwo ex,30th Celebration,alt_art_SIR,Special Illustration Rare
GRAIL,7,Mewtwo,157,Mewtwo ex,30th Celebration,alt_art_SIR,Futuristic Rare
GRAIL,7,Mewtwo,52,Mewtwo,Scarlet & Violet Black Star Promos,promo,Promo
GRAIL,7,Mewtwo,SWSH160,Mewtwo V-UNION,SWSH Black Star Promos,promo,Promo
GRAIL,7,Mewtwo,SWSH162,Mewtwo V-UNION,SWSH Black Star Promos,promo,Promo
GRAIL,7,Mewtwo,SWSH161,Mewtwo V-UNION,SWSH Black Star Promos,promo,Promo
GRAIL,7,Mewtwo,SWSH159,Mewtwo V-UNION,SWSH Black Star Promos,promo,Promo
GRAIL,7,Mewtwo,SWSH223,Mewtwo V,SWSH Black Star Promos,promo,Promo
GRAIL,7,Mewtwo,SWSH229,Mewtwo V,SWSH Black Star Promos,promo,Promo
GRAIL,8,Gengar,165,Gengar & Mimikyu-GX,Team Up,main,Rare Ultra
GRAIL,8,Gengar,11,Gengar,Legendary Collection,main,Rare Holo
GRAIL,8,Gengar,108,Gengar ex,FireRed & LeafGreen,main,Rare Holo EX
GRAIL,8,Gengar,6,Dark Gengar,Neo Destiny,main,Rare Holo
GRAIL,8,Gengar,271,Gengar VMAX,Fusion Strike,main,Rare Rainbow
GRAIL,8,Gengar,13,Gengar,Expedition Base Set,main,Rare Holo
GRAIL,8,Gengar,114,Gengar-EX,Phantom Forces,main,Rare Ultra
GRAIL,8,Gengar,14,Sabrina's Gengar,Gym Heroes,main,Rare Holo
GRAIL,8,Gengar,94,Gengar,HS—Triumphant,main,Rare Prime
GRAIL,8,Gengar,121,M Gengar-EX,Phantom Forces,main,Rare Secret
GRAIL,8,Gengar,193,Gengar ex,Temporal Forces,alt_art_SIR,Ultra Rare
GRAIL,8,Gengar,TG06,Gengar,Lost Origin Trainer Gallery,alt_art_SIR,Trainer Gallery Rare Holo
GRAIL,8,Gengar,157,Gengar VMAX,Fusion Strike,alt_art_SIR,Rare Holo VMAX
GRAIL,8,Gengar,269,Mega Gengar ex,Ascended Heroes,alt_art_SIR,MEGA_ATTACK_RARE
GRAIL,8,Gengar,284,Mega Gengar ex,Ascended Heroes,alt_art_SIR,Special Illustration Rare
GRAIL,8,Gengar,154,Gengar ex,30th Celebration,alt_art_SIR,Special Illustration Rare
GRAIL,8,Gengar,SWSH052,Gengar,SWSH Black Star Promos,promo,Promo
GRAIL,8,Gengar,SWSH241,Gengar,SWSH Black Star Promos,promo,Promo
GRAIL,8,Mimikyu,165,Gengar & Mimikyu-GX,Team Up,main,Rare Ultra
GRAIL,8,Mimikyu,186,Gengar & Mimikyu-GX,Team Up,main,Rare Rainbow
GRAIL,8,Mimikyu,53,Gengar & Mimikyu-GX,Team Up,main,Rare Holo GX
GRAIL,8,Mimikyu,164,Gengar & Mimikyu-GX,Team Up,main,Rare Ultra
GRAIL,8,Mimikyu,226,Mimikyu-GX,Lost Thunder,main,Rare Rainbow
GRAIL,8,Mimikyu,206,Mimikyu-GX,Lost Thunder,main,Rare Ultra
GRAIL,8,Mimikyu,97,Team Rocket's Mimikyu,Ascended Heroes,main,Uncommon
GRAIL,8,Mimikyu,238,Team Rocket's Mimikyu,Ascended Heroes,main,Illustration Rare
GRAIL,8,Mimikyu,TG17,Mimikyu VMAX,Brilliant Stars Trainer Gallery,alt_art_SIR,Rare Holo VMAX
GRAIL,8,Mimikyu,160,Mimikyu,Paldean Fates,alt_art_SIR,Shiny Rare
GRAIL,8,Mimikyu,148,Mimikyu V,Battle Styles,alt_art_SIR,Rare Ultra
GRAIL,8,Mimikyu,69,Mimikyu VMAX,Brilliant Stars,alt_art_SIR,Rare Holo VMAX
GRAIL,8,Mimikyu,SWSH136,Mimikyu δ,SWSH Black Star Promos,promo,Promo
GRAIL,8,Mimikyu,75,Mimikyu,Scarlet & Violet Black Star Promos,promo,Promo
GRAIL,8,Mimikyu,4,Mimikyu ex,Scarlet & Violet Black Star Promos,promo,Promo
GRAIL,8,Gastly,57,Gastly,Skyridge,main,Common
GRAIL,8,Gastly,76,Gastly,Legendary Collection,main,Common
GRAIL,8,Gastly,177,Gastly,Temporal Forces,main,Illustration Rare
GRAIL,8,Gastly,123,Gastly,Ascended Heroes,main,Common
GRAIL,8,Gastly,48,Gastly,Perfect Order,main,Common
GRAIL,8,Haunter,63,Haunter,Skyridge,main,Common
GRAIL,8,Haunter,46,Haunter,Legendary Collection,main,Uncommon
GRAIL,8,Haunter,35,Haunter,Legend Maker,main,Uncommon
GRAIL,8,Haunter,124,Haunter,Ascended Heroes,main,Uncommon
GRAIL,8,Haunter,49,Haunter,Perfect Order,main,Common
GRAIL,9,Eevee,BW97,Eevee,BW Black Star Promos,main,Promo
GRAIL,9,Eevee,74,Eevee,Legendary Collection,main,Common
GRAIL,9,Eevee,191,Eevee & Snorlax-GX,Team Up,main,Rare Rainbow
GRAIL,9,Eevee,12,Eevee,McDonald's Collection 2016,main,
GRAIL,9,Eevee,101a,Eevee,Sun & Moon,main,Common
GRAIL,9,Eevee,11,Eevee,McDonald's Collection 2018,main,
GRAIL,9,Eevee,200,Eevee,Scarlet & Violet Promos,main,Promo
GRAIL,9,Eevee,116,Eevee,30th Celebration,main,Common
GRAIL,9,Eevee,117,Eevee,30th Celebration,main,Common
GRAIL,9,Eevee,118,Eevee,30th Celebration,main,Common
GRAIL,9,Eevee,167,Eevee ex,Prismatic Evolutions,alt_art_SIR,Special Illustration Rare
GRAIL,9,Eevee,188,Eevee,Twilight Masquerade,alt_art_SIR,Illustration Rare
GRAIL,9,Eevee,TG11,Eevee,Brilliant Stars Trainer Gallery,alt_art_SIR,Trainer Gallery Rare Holo
GRAIL,9,Eevee,2,Eevee on the Ball,Pokémon Futsal Collection,promo,
GRAIL,9,Eevee,SWSH230,Radiant Eevee,SWSH Black Star Promos,promo,Promo
GRAIL,9,Eevee,174,Eevee ex,Scarlet & Violet Promos,promo,Promo
GRAIL,9,Eevee,SWSH042,Eevee,SWSH Black Star Promos,promo,Promo
GRAIL,9,Eevee,173,Eevee,Scarlet & Violet Promos,promo,Promo
GRAIL,9,Eevee,SWSH175,Eevee,SWSH Black Star Promos,promo,Promo
GRAIL,9,Eevee,SWSH065,Eevee V,SWSH Black Star Promos,promo,Promo
GRAIL,9,Eevee,43,Eevee,Scarlet & Violet Black Star Promos,promo,Promo
GRAIL,9,Eevee,SWSH212,Eevee,SWSH Black Star Promos,promo,Promo
GRAIL,9,Eevee,SWSH118,Eevee,SWSH Black Star Promos,promo,Promo
GRAIL,9,Eevee,SWSH190,Eevee,SWSH Black Star Promos,promo,Promo
GRAIL,9,Eevee,SWSH095,Eevee,SWSH Black Star Promos,promo,Promo
GRAIL,9,Eevee,SWSH087,Eevee VMAX,SWSH Black Star Promos,promo,Promo
GRAIL,9,Eevee,SWSH127,Eevee,SWSH Black Star Promos,promo,Promo
GRAIL,10,Garchomp,120,Garchomp,Plasma Freeze,main,Rare Secret
GRAIL,10,Garchomp,232,Cynthia's Garchomp ex,Destined Rivals,main,Special Illustration Rare
GRAIL,10,Garchomp,97,Garchomp LV.X,Majestic Dawn,main,Rare Holo LV.X
GRAIL,10,Garchomp,145,Garchomp C LV.X,Supreme Victors,main,Rare Holo LV.X
GRAIL,10,Garchomp,247,Garchomp & Giratina-GX,Unified Minds,main,Rare Rainbow
GRAIL,10,Garchomp,XY168,M Garchomp-EX,XY Black Star Promos,main,Promo
GRAIL,10,Garchomp,SM193,Garchomp & Giratina-GX,SM Black Star Promos,main,Promo
GRAIL,10,Garchomp,111,Cynthia's Garchomp ex,Ascended Heroes,main,Double Rare
GRAIL,10,Garchomp,245,Garchomp ex,Paradox Rift,alt_art_SIR,Special Illustration Rare
GRAIL,10,Garchomp,241,Cynthia's Garchomp ex,Destined Rivals,alt_art_SIR,Hyper Rare
GRAIL,10,Garchomp,260,Garchomp ex,Paradox Rift,alt_art_SIR,Hyper Rare
GRAIL,10,Garchomp,178,Garchomp V,Astral Radiance,alt_art_SIR,Rare Ultra
GRAIL,10,Garchomp,219,Garchomp ex,Paradox Rift,alt_art_SIR,Ultra Rare
GRAIL,10,Garchomp,145,Garchomp C LV.X,Celebrations: Classic Collection,alt_art_SIR,Classic Collection
GRAIL,10,Garchomp,215,Cynthia's Garchomp ex,Destined Rivals,alt_art_SIR,Ultra Rare
GRAIL,10,Giratina,186,Giratina V,Lost Origin,main,Rare Ultra
GRAIL,10,Giratina,124,Giratina-EX,Dragons Exalted,main,Rare Ultra
GRAIL,10,Giratina,BW74,Giratina,BW Black Star Promos,main,Promo
GRAIL,10,Giratina,GG69,Giratina VSTAR,Crown Zenith Galarian Gallery,main,Rare Secret
GRAIL,10,Giratina,DP38,Giratina LV.X,DP Black Star Promos,main,Promo
GRAIL,10,Giratina,124,Giratina LV.X,Platinum,main,Rare Holo LV.X
GRAIL,10,Giratina,93,Giratina-EX,Ancient Origins,main,Rare Ultra
GRAIL,10,Giratina,10,Giratina,Platinum,main,Rare Holo
GRAIL,10,Giratina,247,Garchomp & Giratina-GX,Unified Minds,main,Rare Rainbow
GRAIL,10,Giratina,201,Giratina VSTAR,Lost Origin,alt_art_SIR,Rare Rainbow
GRAIL,10,Giratina,212,Giratina VSTAR,Lost Origin,alt_art_SIR,Rare Secret
GRAIL,10,Giratina,185,Giratina V,Lost Origin,alt_art_SIR,Rare Ultra
GRAIL,10,Giratina,131,Giratina VSTAR,Lost Origin,alt_art_SIR,Rare Holo VSTAR
GRAIL,10,Giratina,SWSH259,Giratina V,SWSH Black Star Promos,promo,Promo
GRAIL,10,Gible,7,Gible,POP Series 6,main,Uncommon
GRAIL,10,Gible,94,Gible,Legendary Treasures,main,Common
GRAIL,10,Gible,106,Gible,Supreme Victors,main,Common
GRAIL,10,Gible,85,Gible,Mysterious Treasures,main,Common
GRAIL,10,Gible,109,Cynthia's Gible,Ascended Heroes,main,Common
GRAIL,10,Gabite,89,Gabite,Dragons Exalted,main,Uncommon
GRAIL,10,Gabite,59,Gabite,Supreme Victors,main,Uncommon
GRAIL,10,Gabite,SV39,Gabite,Hidden Fates Shiny Vault,main,Rare Shiny
GRAIL,10,Gabite,110,Cynthia's Gabite,Ascended Heroes,main,Uncommon
GRAIL,11,Reshiram,173,Reshiram ex,White Flare,main,Black White Rare
GRAIL,11,Reshiram,222,Reshiram & Zekrom-GX,Cosmic Eclipse,main,Rare Ultra
GRAIL,11,Reshiram,114,Reshiram,Legendary Treasures,main,Rare Secret
GRAIL,11,Reshiram,259,Reshiram & Zekrom-GX,Cosmic Eclipse,main,Rare Rainbow
GRAIL,11,Reshiram,154,N's Reshiram,Ascended Heroes,main,Rare
GRAIL,11,Reshiram,14,Reshiram,30th Celebration,main,Rare
GRAIL,11,Reshiram,166,Reshiram ex,White Flare,alt_art_SIR,Special Illustration Rare
GRAIL,11,Reshiram,167,N's Reshiram,Journey Together,alt_art_SIR,Illustration Rare
GRAIL,11,Reshiram,113,Reshiram,Celebrations: Classic Collection,alt_art_SIR,Classic Collection
GRAIL,11,Reshiram,172,Reshiram V,Silver Tempest,alt_art_SIR,Rare Ultra
GRAIL,11,Reshiram,158,Reshiram ex,White Flare,alt_art_SIR,Ultra Rare
GRAIL,11,Reshiram,17,Reshiram,Shining Fates,alt_art_SIR,Amazing Rare
GRAIL,11,Zekrom,172,Zekrom ex,Black Bolt,main,Black White Rare
GRAIL,11,Zekrom,222,Reshiram & Zekrom-GX,Cosmic Eclipse,main,Rare Ultra
GRAIL,11,Zekrom,115,Zekrom,Legendary Treasures,main,Rare Secret
GRAIL,11,Zekrom,166,Zekrom ex,Black Bolt,main,Special Illustration Rare
GRAIL,11,Zekrom,97,Zekrom-EX,Next Destinies,main,Rare Ultra
GRAIL,11,Zekrom,155,N's Zekrom,Ascended Heroes,main,Rare
GRAIL,11,Zekrom,114,Zekrom,Celebrations: Classic Collection,alt_art_SIR,Classic Collection
GRAIL,11,Zekrom,TG05,Zekrom,Brilliant Stars Trainer Gallery,alt_art_SIR,Trainer Gallery Rare Holo
GRAIL,11,Zekrom,158,Zekrom ex,Black Bolt,alt_art_SIR,Ultra Rare
GRAIL,11,Kyurem,145,Black Kyurem-EX,Boundaries Crossed,main,Rare Ultra
GRAIL,11,Kyurem,146,White Kyurem-EX,Boundaries Crossed,main,Rare Ultra
GRAIL,11,Kyurem,96,Kyurem-EX,Next Destinies,main,Rare Ultra
GRAIL,11,Kyurem,21,Kyurem,Dragon Vault,main,
GRAIL,11,Kyurem,165,Kyurem ex,Black Bolt,main,Special Illustration Rare
GRAIL,11,Kyurem,197,Kyurem VMAX,Lost Origin,alt_art_SIR,Rare Rainbow
GRAIL,11,Kyurem,174,Kyurem V,Lost Origin,alt_art_SIR,Rare Ultra
GRAIL,11,Kyurem,218,Black Kyurem ex,Surging Sparks,alt_art_SIR,Ultra Rare
GRAIL,11,Kyurem,49,Kyurem VMAX,Lost Origin,alt_art_SIR,Rare Holo VMAX
GRAIL,11,Kyurem,157,Kyurem ex,Black Bolt,alt_art_SIR,Ultra Rare
GRAIL,11,Black Kyurem,145,Black Kyurem-EX,Boundaries Crossed,main,Rare Ultra
GRAIL,11,Black Kyurem,XY80,Black Kyurem,XY Black Star Promos,main,Promo
GRAIL,11,Black Kyurem,BW58,Black Kyurem,BW Black Star Promos,main,Promo
GRAIL,11,Black Kyurem,BW62,Black Kyurem-EX,BW Black Star Promos,main,Promo
GRAIL,11,Black Kyurem,100,Black Kyurem-EX,Legendary Treasures,main,Rare Holo EX
GRAIL,11,Black Kyurem,218,Black Kyurem ex,Surging Sparks,alt_art_SIR,Ultra Rare
GRAIL,11,White Kyurem,146,White Kyurem-EX,Boundaries Crossed,main,Rare Ultra
GRAIL,11,White Kyurem,74,White Kyurem-GX,Dragon Majesty,main,Rare Rainbow
GRAIL,11,White Kyurem,XY81,White Kyurem,XY Black Star Promos,main,Promo
GRAIL,11,White Kyurem,BW59,White Kyurem,BW Black Star Promos,main,Promo
GRAIL,12,Vaporeon,102,Vaporeon ★,Power Keepers,main,Rare Holo Star
GRAIL,12,Vaporeon,H31,Vaporeon,Skyridge,main,Rare Holo
GRAIL,12,Vaporeon,9,Dark Vaporeon,Legendary Collection,main,Rare Holo
GRAIL,12,Vaporeon,110,Vaporeon ex,Delta Species,main,Rare Holo EX
GRAIL,12,Vaporeon,149,Vaporeon ex,Prismatic Evolutions,main,Special Illustration Rare
GRAIL,12,Vaporeon,18,Vaporeon δ,Delta Species,main,Rare Holo
GRAIL,12,Vaporeon,172,Vaporeon V,Evolving Skies,alt_art_SIR,Rare Ultra
GRAIL,12,Vaporeon,TG02,Vaporeon,Brilliant Stars Trainer Gallery,alt_art_SIR,Trainer Gallery Rare Holo
GRAIL,12,Vaporeon,30,Vaporeon VMAX,Evolving Skies,alt_art_SIR,Rare Holo VMAX
GRAIL,12,Vaporeon,SWSH181,Vaporeon V,SWSH Black Star Promos,promo,Promo
GRAIL,12,Vaporeon,SWSH182,Vaporeon VMAX,SWSH Black Star Promos,promo,Promo
GRAIL,12,Vaporeon,SWSH072,Vaporeon,SWSH Black Star Promos,promo,Promo
GRAIL,12,Vaporeon,SWSH150,Vaporeon V,SWSH Black Star Promos,promo,Promo
GRAIL,12,Vaporeon,168,Vaporeon,Scarlet & Violet Promos,promo,Promo
GRAIL,12,Jolteon,101,Jolteon ★,Power Keepers,main,Rare Holo Star
GRAIL,12,Jolteon,7,Jolteon δ,Delta Species,main,Rare Holo
GRAIL,12,Jolteon,109,Jolteon ex,Delta Species,main,Rare Holo EX
GRAIL,12,Jolteon,4,Jolteon,Jungle,main,Rare Holo
GRAIL,12,Jolteon,14,Jolteon,Legendary Collection,main,Rare Holo
GRAIL,12,Jolteon,28a,Jolteon-EX,Generations,main,Rare Ultra
GRAIL,12,Jolteon,153,Jolteon ex,Prismatic Evolutions,alt_art_SIR,Special Illustration Rare
GRAIL,12,Jolteon,177,Jolteon V,Evolving Skies,alt_art_SIR,Rare Ultra
GRAIL,12,Jolteon,TG04,Jolteon,Brilliant Stars Trainer Gallery,alt_art_SIR,Trainer Gallery Rare Holo
GRAIL,12,Jolteon,51,Jolteon VMAX,Evolving Skies,alt_art_SIR,Rare Holo VMAX
GRAIL,12,Jolteon,SWSH183,Jolteon V,SWSH Black Star Promos,promo,Promo
GRAIL,12,Jolteon,SWSH184,Jolteon VMAX,SWSH Black Star Promos,promo,Promo
GRAIL,12,Jolteon,SWSH094,Jolteon,SWSH Black Star Promos,promo,Promo
GRAIL,12,Jolteon,SWSH151,Jolteon V,SWSH Black Star Promos,promo,Promo
GRAIL,12,Jolteon,169,Jolteon,Scarlet & Violet Promos,promo,Promo
GRAIL,12,Flareon,5,Flareon δ,Delta Species,main,Rare Holo
GRAIL,12,Flareon,100,Flareon ★,Power Keepers,main,Rare Holo Star
GRAIL,12,Flareon,108,Flareon ex,Delta Species,main,Rare Holo EX
GRAIL,12,Flareon,3,Flareon,Jungle,main,Rare Holo
GRAIL,12,Flareon,RC28,Flareon-EX,Generations,main,Rare Ultra
GRAIL,12,Flareon,146,Flareon ex,Prismatic Evolutions,main,Special Illustration Rare
GRAIL,12,Flareon,TG01,Flareon,Brilliant Stars Trainer Gallery,alt_art_SIR,Trainer Gallery Rare Holo
GRAIL,12,Flareon,169,Flareon V,Evolving Skies,alt_art_SIR,Rare Ultra
GRAIL,12,Flareon,18,Flareon VMAX,Evolving Skies,alt_art_SIR,Rare Holo VMAX
GRAIL,12,Flareon,SWSH179,Flareon V,SWSH Black Star Promos,promo,Promo
GRAIL,12,Flareon,SWSH180,Flareon VMAX,SWSH Black Star Promos,promo,Promo
GRAIL,12,Flareon,SWSH041,Flareon,SWSH Black Star Promos,promo,Promo
GRAIL,12,Flareon,SWSH149,Flareon V,SWSH Black Star Promos,promo,Promo
GRAIL,12,Flareon,167,Flareon,Scarlet & Violet Promos,promo,Promo
GRAIL,13,Sylveon,205,Gardevoir & Sylveon-GX,Unbroken Bonds,main,Rare Ultra
GRAIL,13,Sylveon,156,Sylveon ex,Prismatic Evolutions,main,Special Illustration Rare
GRAIL,13,Sylveon,212,Sylveon VMAX,Evolving Skies,main,Rare Rainbow
GRAIL,13,Sylveon,SV76,Sylveon-GX,Hidden Fates Shiny Vault,main,Rare Shiny GX
GRAIL,13,Sylveon,184,Sylveon V,Evolving Skies,main,Rare Ultra
GRAIL,13,Sylveon,92a,Sylveon-GX,Guardians Rising,main,Rare Holo GX
GRAIL,13,Sylveon,71,Sylveon ex,30th Celebration,main,Double Rare
GRAIL,13,Sylveon,153,Sylveon ex,30th Celebration,main,Special Illustration Rare
GRAIL,13,Sylveon,TG15,Sylveon VMAX,Brilliant Stars Trainer Gallery,alt_art_SIR,Rare Holo VMAX
GRAIL,13,Sylveon,211,Sylveon VMAX,Evolving Skies,alt_art_SIR,Rare Rainbow
GRAIL,13,Sylveon,183,Sylveon V,Evolving Skies,alt_art_SIR,Rare Ultra
GRAIL,13,Sylveon,75,Sylveon VMAX,Evolving Skies,alt_art_SIR,Rare Holo VMAX
GRAIL,13,Sylveon,SWSH211,Sylveon,SWSH Black Star Promos,promo,Promo
GRAIL,13,Sylveon,SWSH134,Dark Sylveon V,SWSH Black Star Promos,promo,Promo
GRAIL,13,Sylveon,SWSH202,Sylveon V,SWSH Black Star Promos,promo,Promo
GRAIL,13,Sylveon,172,Sylveon,Scarlet & Violet Promos,promo,Promo
GRAIL,14,Espeon,16,Espeon ★,POP Series 5,main,Rare
GRAIL,14,Espeon,4,Dark Espeon,Neo Destiny,main,Rare Holo
GRAIL,14,Espeon,1,Espeon,Neo Discovery,main,Rare Holo
GRAIL,14,Espeon,102,Espeon ex,Unseen Forces,main,Rare Holo EX
GRAIL,14,Espeon,81,Espeon,HS—Undaunted,main,Rare Prime
GRAIL,14,Espeon,270,Espeon VMAX,Fusion Strike,main,Rare Rainbow
GRAIL,14,Espeon,155,Espeon ex,Prismatic Evolutions,main,Special Illustration Rare
GRAIL,14,Espeon,4,Espeon δ,Delta Species,main,Rare Holo
GRAIL,14,Espeon,180,Espeon V,Evolving Skies,alt_art_SIR,Rare Ultra
GRAIL,14,Espeon,179,Espeon V,Evolving Skies,alt_art_SIR,Rare Ultra
GRAIL,14,Espeon,65,Espeon VMAX,Evolving Skies,alt_art_SIR,Rare Holo VMAX
GRAIL,14,Espeon,SWSH174,Espeon,SWSH Black Star Promos,promo,Promo
GRAIL,14,Espeon,SWSH201,Espeon V,SWSH Black Star Promos,promo,Promo
GRAIL,14,Deoxys,2,Deoxys,Emerald,main,Rare Holo
GRAIL,14,Deoxys,111,Deoxys-EX,Plasma Freeze,main,Rare Ultra
GRAIL,14,Deoxys,89,Rayquaza & Deoxys LEGEND,HS—Undaunted,main,LEGEND
GRAIL,14,Deoxys,90,Rayquaza & Deoxys LEGEND,HS—Undaunted,main,LEGEND
GRAIL,14,Deoxys,2,Deoxys δ,POP Series 4,main,Rare
GRAIL,14,Deoxys,5,Deoxys δ,Holon Phantoms,main,Rare Holo
GRAIL,14,Deoxys,98,Deoxys ex,Deoxys,main,Rare Holo EX
GRAIL,14,Deoxys,GG45,Deoxys VMAX,Crown Zenith Galarian Gallery,alt_art_SIR,Rare Holo VMAX
GRAIL,14,Deoxys,GG46,Deoxys VSTAR,Crown Zenith Galarian Gallery,alt_art_SIR,Rare Holo VSTAR
GRAIL,14,Deoxys,GG12,Deoxys,Crown Zenith Galarian Gallery,alt_art_SIR,Trainer Gallery Rare Holo
GRAIL,14,Deoxys,SWSH268,Deoxys VSTAR,SWSH Black Star Promos,promo,Promo
GRAIL,14,Deoxys,SWSH267,Deoxys VMAX,SWSH Black Star Promos,promo,Promo
GRAIL,14,Deoxys,SWSH170,Deoxys,SWSH Black Star Promos,promo,Promo
GRAIL,14,Deoxys,SWSH266,Deoxys V,SWSH Black Star Promos,promo,Promo
GRAIL,15,Latias,170,Latias & Latios-GX,Team Up,main,Rare Ultra
GRAIL,15,Latias,105,Latias ★,Deoxys,main,Rare Holo Star
GRAIL,15,Latias,112,Latias-EX,Plasma Freeze,main,Rare Ultra
GRAIL,15,Latias,190,Latias & Latios-GX,Team Up,main,Rare Rainbow
GRAIL,15,Latias,93,Latias ex,Dragon,main,Rare Holo EX
GRAIL,15,Latias,4,Latias,EX Trainer Kit Latias,main,
GRAIL,15,Latias,239,Latias ex,Surging Sparks,alt_art_SIR,Special Illustration Rare
GRAIL,15,Latias,181,Mega Latias ex,Mega Evolution,alt_art_SIR,Special Illustration Rare
GRAIL,15,Latias,GG20,Latias,Crown Zenith Galarian Gallery,alt_art_SIR,Trainer Gallery Rare Holo
GRAIL,15,Latias,220,Latias ex,Surging Sparks,alt_art_SIR,Ultra Rare
GRAIL,15,Latias,163,Mega Latias ex,Mega Evolution,alt_art_SIR,Ultra Rare
GRAIL,15,Latias,SWSH171,Latias,SWSH Black Star Promos,promo,Promo
GRAIL,15,Latias,139,Latias,Scarlet & Violet Black Star Promos,promo,Promo
GRAIL,15,Latios,170,Latias & Latios-GX,Team Up,main,Rare Ultra
GRAIL,15,Latios,106,Latios ★,Deoxys,main,Rare Holo Star
GRAIL,15,Latios,22,Latios δ,Holon Phantoms,main,Rare
GRAIL,15,Latios,96,Latios ex δ,Dragon Frontiers,main,Rare Holo EX
GRAIL,15,Latios,94,Latios ex,Dragon,main,Rare Holo EX
GRAIL,15,Latios,2,Latios,EX Trainer Kit Latios,main,
GRAIL,15,Latios,203,Latios,Surging Sparks,alt_art_SIR,Illustration Rare
GRAIL,16,Arceus,221,Arceus & Dialga & Palkia-GX,Cosmic Eclipse,main,Rare Ultra
GRAIL,16,Arceus,GG70,Arceus VSTAR,Crown Zenith Galarian Gallery,main,Rare Secret
GRAIL,16,Arceus,95,Arceus LV.X,Arceus,main,Rare Holo LV.X
GRAIL,16,Arceus,DP56,Arceus LV.X,DP Black Star Promos,main,Promo
GRAIL,16,Arceus,DP53,Arceus LV.X,DP Black Star Promos,main,Promo
GRAIL,16,Arceus,258,Arceus & Dialga & Palkia-GX,Cosmic Eclipse,main,Rare Rainbow
GRAIL,16,Arceus,XY83,Arceus,XY Black Star Promos,main,Promo
GRAIL,16,Arceus,123,Arceus VSTAR,30th Celebration: Classic Collection,main,Holo Rare VSTAR
GRAIL,16,Arceus,166,Arceus V,Brilliant Stars,alt_art_SIR,Rare Ultra
GRAIL,16,Arceus,184,Arceus VSTAR,Brilliant Stars,alt_art_SIR,Rare Secret
GRAIL,16,Arceus,176,Arceus VSTAR,Brilliant Stars,alt_art_SIR,Rare Rainbow
GRAIL,16,Arceus,165,Arceus V,Brilliant Stars,alt_art_SIR,Rare Ultra
GRAIL,16,Arceus,123,Arceus VSTAR,Brilliant Stars,alt_art_SIR,Rare Holo VSTAR
GRAIL,16,Arceus,SWSH204,Arceus V,SWSH Black Star Promos,promo,Promo
GRAIL,16,Arceus,SWSH307,Arceus VSTAR,SWSH Black Star Promos,promo,Promo
GRAIL,16,Arceus,SWSH306,Arceus V,SWSH Black Star Promos,promo,Promo
GRAIL,16,Dialga,122,Dialga-EX,Phantom Forces,main,Rare Secret
GRAIL,16,Dialga,221,Arceus & Dialga & Palkia-GX,Cosmic Eclipse,main,Rare Ultra
GRAIL,16,Dialga,99,Dialga-EX,Plasma Blast,main,Rare Ultra
GRAIL,16,Dialga,105,Dialga LV.X,Great Encounters,main,Rare Holo LV.X
GRAIL,16,Dialga,4,Dialga,Majestic Dawn,main,Rare Holo
GRAIL,16,Dialga,122,Dialga G LV.X,Platinum,main,Rare Holo LV.X
GRAIL,16,Dialga,103,Dialga,30th Celebration,main,Rare
GRAIL,16,Dialga,GG68,Origin Forme Dialga VSTAR,Crown Zenith Galarian Gallery,alt_art_SIR,Rare Secret
GRAIL,16,Dialga,177,Origin Forme Dialga V,Astral Radiance,alt_art_SIR,Rare Ultra
GRAIL,16,Dialga,198,Origin Forme Dialga VSTAR,Astral Radiance,alt_art_SIR,Rare Rainbow
GRAIL,16,Dialga,210,Origin Forme Dialga VSTAR,Astral Radiance,alt_art_SIR,Rare Secret
GRAIL,16,Dialga,114,Origin Forme Dialga VSTAR,Astral Radiance,alt_art_SIR,Rare Holo VSTAR
GRAIL,16,Dialga,SWSH255,Origin Forme Dialga V,SWSH Black Star Promos,promo,Promo
GRAIL,16,Dialga,SWSH256,Origin Forme Dialga VSTAR,SWSH Black Star Promos,promo,Promo
GRAIL,16,Dialga,180,Dialga ex,Scarlet & Violet Promos,promo,Promo
GRAIL,16,Palkia,221,Arceus & Dialga & Palkia-GX,Cosmic Eclipse,main,Rare Ultra
GRAIL,16,Palkia,100,Palkia-EX,Plasma Blast,main,Rare Ultra
GRAIL,16,Palkia,106,Palkia LV.X,Great Encounters,main,Rare Holo LV.X
GRAIL,16,Palkia,102,Palkia & Dialga LEGEND,HS—Triumphant,main,LEGEND
GRAIL,16,Palkia,101,Palkia & Dialga LEGEND,HS—Triumphant,main,LEGEND
GRAIL,16,Palkia,20,Palkia,30th Celebration,main,Rare
GRAIL,16,Palkia,106,Palkia LV.X,30th Celebration: Classic Collection,main,Rare Holo LV.X
GRAIL,16,Palkia,GG67,Origin Forme Palkia VSTAR,Crown Zenith Galarian Gallery,alt_art_SIR,Rare Secret
GRAIL,16,Palkia,167,Origin Forme Palkia V,Astral Radiance,alt_art_SIR,Rare Ultra
GRAIL,16,Palkia,192,Origin Forme Palkia VSTAR,Astral Radiance,alt_art_SIR,Rare Rainbow
GRAIL,16,Palkia,208,Origin Forme Palkia VSTAR,Astral Radiance,alt_art_SIR,Rare Secret
GRAIL,16,Palkia,40,Origin Forme Palkia VSTAR,Astral Radiance,alt_art_SIR,Rare Holo VSTAR
GRAIL,16,Palkia,SWSH253,Origin Forme Palkia V,SWSH Black Star Promos,promo,Promo
GRAIL,16,Palkia,SWSH254,Origin Forme Palkia VSTAR,SWSH Black Star Promos,promo,Promo
GRAIL,17,Tyranitar,113,Shining Tyranitar,Neo Destiny,main,Rare Shining
GRAIL,17,Tyranitar,111,Tyranitar ex,Unseen Forces,main,Rare Holo EX
GRAIL,17,Tyranitar,12,Tyranitar,Neo Discovery,main,Rare Holo
GRAIL,17,Tyranitar,226,Mega Sableye & Tyranitar-GX,Unified Minds,main,Rare Ultra
GRAIL,17,Tyranitar,17,Tyranitar ex,POP Series 1,main,Rare
GRAIL,17,Tyranitar,16,Tyranitar δ,Delta Species,main,Rare Holo
GRAIL,17,Tyranitar,29,Tyranitar,Expedition Base Set,main,Rare Holo
GRAIL,17,Tyranitar,11,Dark Tyranitar,Neo Destiny,main,Rare Holo
GRAIL,17,Tyranitar,20,Dark Tyranitar,Team Rocket Returns,main,Rare
GRAIL,17,Tyranitar,155,Tyranitar V,Battle Styles,alt_art_SIR,Rare Ultra
GRAIL,17,Tyranitar,222,Tyranitar,Paldea Evolved,alt_art_SIR,Illustration Rare
GRAIL,17,Tyranitar,154,Tyranitar V,Battle Styles,alt_art_SIR,Rare Ultra
GRAIL,17,Tyranitar,211,Tyranitar ex,Obsidian Flames,alt_art_SIR,Ultra Rare
GRAIL,17,Tyranitar,SWSH109,Tyranitar V,SWSH Black Star Promos,promo,Promo
GRAIL,17,Sableye,226,Mega Sableye & Tyranitar-GX,Unified Minds,main,Rare Ultra
GRAIL,17,Sableye,23,Sableye,Deoxys,main,Rare
GRAIL,17,Sableye,10,Sableye,Sandstorm,main,Rare Holo
GRAIL,17,Sableye,10,Sableye,Crystal Guardians,main,Rare Holo
GRAIL,17,Sableye,245,Mega Sableye & Tyranitar-GX,Unified Minds,main,Rare Rainbow
GRAIL,17,Sableye,31,Sableye,Holon Phantoms,main,Rare
GRAIL,17,Sableye,194,Sableye V,Sword & Shield,alt_art_SIR,Rare Ultra
GRAIL,17,Sableye,184,Sableye,Paldean Fates,alt_art_SIR,Shiny Rare
GRAIL,17,Larvitar,63,Larvitar,Team Rocket Returns,main,Common
GRAIL,17,Larvitar,62,Larvitar,Team Rocket Returns,main,Common
GRAIL,17,Larvitar,52,Larvitar δ,Dragon Frontiers,main,Common
GRAIL,17,Larvitar,73,Larvitar δ,Delta Species,main,Common
GRAIL,17,Larvitar,203,Larvitar,Obsidian Flames,alt_art_SIR,Illustration Rare
GRAIL,17,Pupitar,40,Dark Pupitar,Team Rocket Returns,main,Uncommon
GRAIL,17,Pupitar,41,Dark Pupitar,Team Rocket Returns,main,Uncommon
GRAIL,17,Pupitar,51,Pupitar δ,Delta Species,main,Uncommon
GRAIL,17,Pupitar,70,Pupitar,Unseen Forces,main,Common
GRAIL,17,Pupitar,120,Pupitar,Scarlet & Violet Black Star Promos,promo,Promo
GRAIL,17,Houndoom,H11,Houndoom,Skyridge,main,Rare Holo
GRAIL,17,Houndoom,7,Dark Houndoom,Neo Destiny,main,Rare Holo
GRAIL,17,Houndoom,8,Houndoom,Neo Revelation,main,Rare Holo
GRAIL,17,Houndoom,H11,Houndoom,Aquapolis,main,Rare Holo
GRAIL,17,Houndoom,10,Team Magma's Houndoom,Team Magma vs Team Aqua,main,Rare Holo
GRAIL,17,Houndoom,82,Houndoom,HS—Undaunted,main,Rare Prime
GRAIL,17,Houndoom,12,Houndoom,Skyridge,main,Rare
GRAIL,17,Houndoom,66,Houndoom,Shrouded Fable,alt_art_SIR,Illustration Rare
GRAIL,17,Houndoom,179,Houndoom,Battle Styles,alt_art_SIR,Rare Secret
GRAIL,17,Houndoom,191,Team Rocket's Houndoom,Destined Rivals,alt_art_SIR,Illustration Rare
GRAIL,17,Houndoom,178,Houndoom V,Darkness Ablaze,alt_art_SIR,Rare Ultra
GRAIL,17,Houndoom,TG10,Houndoom,Brilliant Stars Trainer Gallery,alt_art_SIR,Trainer Gallery Rare Holo
GRAIL,17,Houndoom,SWSH090,Houndoom,SWSH Black Star Promos,promo,Promo
GRAIL,17,Houndoom,103,Houndoom ex,Scarlet & Violet Black Star Promos,promo,Promo
GRAIL,17,Houndour,5,Houndour,Neo Discovery,main,Rare Holo
GRAIL,17,Houndour,39,Houndour,Neo Discovery,main,Uncommon
GRAIL,17,Houndour,60,Houndour,Team Rocket Returns,main,Common
GRAIL,17,Houndour,87,Houndour,Aquapolis,main,Common
GRAIL,17,Houndour,204,Houndour,Obsidian Flames,alt_art_SIR,Illustration Rare
GRAIL,18,Dragonite,9,Dragonite,Expedition Base Set,main,Rare Holo
GRAIL,18,Dragonite,5,Dark Dragonite,Legendary Collection,main,Rare Holo
GRAIL,18,Dragonite,14,Light Dragonite,Neo Destiny,main,Rare Holo
GRAIL,18,Dragonite,90,Dragonite ex,Dragon,main,Rare Holo EX
GRAIL,18,Dragonite,192,Dragonite V,Evolving Skies,main,Rare Ultra
GRAIL,18,Dragonite,91,Dragonite ex δ,Dragon Frontiers,main,Rare Holo EX
GRAIL,18,Dragonite,4,Dragonite,Fossil,main,Rare Holo
GRAIL,18,Dragonite,3,Dragonite δ,Delta Species,main,Rare Holo
GRAIL,18,Dragonite,5,Dark Dragonite,Team Rocket,main,Rare Holo
GRAIL,18,Dragonite,81,Dragonite VSTAR,Pokémon GO,alt_art_SIR,Rare Rainbow
GRAIL,18,Dragonite,191,Dragonite V,Evolving Skies,alt_art_SIR,Rare Ultra
GRAIL,18,Dragonite,76,Dragonite V,Pokémon GO,alt_art_SIR,Rare Ultra
GRAIL,18,Dragonite,50,Dragonite VSTAR,Pokémon GO,alt_art_SIR,Rare Holo VSTAR
GRAIL,18,Dragonite,271,Mega Dragonite ex,Ascended Heroes,alt_art_SIR,MEGA_ATTACK_RARE
GRAIL,18,Dragonite,290,Mega Dragonite ex,Ascended Heroes,alt_art_SIR,Special Illustration Rare
GRAIL,18,Dragonite,295,Mega Dragonite ex,Ascended Heroes,alt_art_SIR,Mega Hyper Rare
GRAIL,18,Dragonite,SWSH154,Dragonite V,SWSH Black Star Promos,promo,Promo
GRAIL,18,Dragonite,SWSH235,Dragonite V,SWSH Black Star Promos,promo,Promo
GRAIL,18,Dragonite,SWSH236,Dragonite VSTAR,SWSH Black Star Promos,promo,Promo
GRAIL,18,Dratini,72,Dratini,Legendary Collection,main,Common
GRAIL,18,Dratini,53,Dratini,Team Rocket Returns,main,Common
GRAIL,18,Dratini,42,Erika's Dratini,Gym Heroes,main,Uncommon
GRAIL,18,Dratini,9,Dratini,McDonald's Collection 2018,main,
GRAIL,18,Dratini,150,Dratini,Ascended Heroes,main,Common
GRAIL,18,Dragonair,4,Erika's Dragonair,Gym Heroes,main,Rare Holo
GRAIL,18,Dragonair,32,Dark Dragonair,Team Rocket Returns,main,Uncommon
GRAIL,18,Dragonair,31,Dark Dragonair,Team Rocket Returns,main,Uncommon
GRAIL,18,Dragonair,38,Dark Dragonair,Legendary Collection,main,Uncommon
GRAIL,18,Dragonair,151,Dragonair,Ascended Heroes,main,Uncommon
GRAIL,18,Dragonair,181,Dragonair,151,alt_art_SIR,Illustration Rare
GRAIL,19,Blastoise,4,Dark Blastoise,Legendary Collection,main,Rare Holo
GRAIL,19,Blastoise,2,Blastoise δ,Crystal Guardians,main,Rare Holo
GRAIL,19,Blastoise,104,Blastoise ex,FireRed & LeafGreen,main,Rare Holo EX
GRAIL,19,Blastoise,3,Dark Blastoise,Team Rocket,main,Rare Holo
GRAIL,19,Blastoise,4,Blastoise,Expedition Base Set,main,Rare Holo
GRAIL,19,Blastoise,215,Blastoise & Piplup-GX,Cosmic Eclipse,main,Rare Ultra
GRAIL,19,Blastoise,137,Blastoise,Plasma Storm,main,Rare Secret
GRAIL,19,Blastoise,XY122,Blastoise-EX,XY Black Star Promos,main,Promo
GRAIL,19,Blastoise,2,Blastoise,Base,main,Rare Holo
GRAIL,19,Blastoise,200,Blastoise ex,151,alt_art_SIR,Special Illustration Rare
GRAIL,19,Blastoise,184,Blastoise ex,151,alt_art_SIR,Ultra Rare
GRAIL,19,Blastoise,2,Blastoise,Celebrations: Classic Collection,alt_art_SIR,Classic Collection
GRAIL,19,Blastoise,18,Radiant Blastoise,Pokémon GO,alt_art_SIR,Radiant Rare
GRAIL,19,Blastoise,SWSH103,Blastoise VMAX,SWSH Black Star Promos,promo,Promo
GRAIL,19,Blastoise,SWSH101,Blastoise V,SWSH Black Star Promos,promo,Promo
GRAIL,19,Piplup,215,Blastoise & Piplup-GX,Cosmic Eclipse,main,Rare Ultra
GRAIL,19,Piplup,253,Blastoise & Piplup-GX,Cosmic Eclipse,main,Rare Rainbow
GRAIL,19,Piplup,214,Blastoise & Piplup-GX,Cosmic Eclipse,main,Rare Ultra
GRAIL,19,Piplup,15,Piplup,POP Series 6,main,Common
GRAIL,19,Piplup,38,Blastoise & Piplup-GX,Cosmic Eclipse,main,Rare Holo GX
GRAIL,19,Piplup,98,Piplup,Phantasmal Flames,alt_art_SIR,Illustration Rare
GRAIL,19,Piplup,20,Piplup,McDonald's Collection 2021,promo,
GRAIL,19,Empoleon,117,Empoleon,Plasma Freeze,main,Rare Secret
GRAIL,19,Empoleon,DP11,Empoleon LV.X,DP Black Star Promos,main,Promo
GRAIL,19,Empoleon,2,Empoleon,Stormfront,main,Rare Holo
GRAIL,19,Empoleon,120,Empoleon LV.X,Diamond & Pearl,main,Rare Holo LV.X
GRAIL,19,Empoleon,146,Empoleon V,Battle Styles,main,Rare Ultra
GRAIL,19,Empoleon,4,Empoleon,Diamond & Pearl,main,Rare Holo
GRAIL,19,Empoleon,145,Empoleon V,Battle Styles,alt_art_SIR,Rare Ultra
GRAIL,19,Empoleon,114,Empoleon ex,Phantasmal Flames,alt_art_SIR,Ultra Rare
GRAIL,19,Empoleon,SWSH108,Empoleon V,SWSH Black Star Promos,promo,Promo
GRAIL,19,Starmie,H28,Starmie,Skyridge,main,Rare Holo
GRAIL,19,Starmie,5,Starmie,Pokémon Rumble,main,
GRAIL,19,Starmie,21,Mega Starmie ex,Perfect Order,main,Double Rare
GRAIL,19,Starmie,102,Mega Starmie ex,Perfect Order,main,Ultra Rare
GRAIL,19,Starmie,118,Mega Starmie ex,Perfect Order,main,Special Illustration Rare
GRAIL,19,Starmie,119,Starmie,Paldean Fates,alt_art_SIR,Shiny Rare
GRAIL,19,Starmie,166,Starmie V,Astral Radiance,alt_art_SIR,Rare Ultra
GRAIL,19,Squirtle,95,Squirtle,Legendary Collection,main,Common
GRAIL,19,Squirtle,46,Squirtle,Team Magma vs Team Aqua,main,Common
GRAIL,19,Squirtle,132,Squirtle,Expedition Base Set,main,Common
GRAIL,19,Squirtle,83,Squirtle,FireRed & LeafGreen,main,Common
GRAIL,19,Squirtle,82,Squirtle,FireRed & LeafGreen,main,Common
GRAIL,19,Squirtle,64,Squirtle,Crystal Guardians,main,Common
GRAIL,19,Squirtle,148,Squirtle,Stellar Crown,alt_art_SIR,Illustration Rare
GRAIL,19,Squirtle,170,Squirtle,151,alt_art_SIR,Illustration Rare
GRAIL,19,Squirtle,SWSH233,Squirtle,SWSH Black Star Promos,promo,Promo
GRAIL,19,Squirtle,17,Squirtle,McDonald's Collection 2021,promo,
GRAIL,19,Squirtle,48,Squirtle,Scarlet & Violet Black Star Promos,promo,Promo
GRAIL,19,Wartortle,39,Dark Wartortle,Legendary Collection,main,Uncommon
GRAIL,19,Wartortle,92,Wartortle,Expedition Base Set,main,Uncommon
GRAIL,19,Wartortle,15,Wartortle,Southern Islands,main,
GRAIL,19,Wartortle,42,Wartortle,Crystal Guardians,main,Uncommon
GRAIL,19,Wartortle,171,Wartortle,151,main,Illustration Rare
GRAIL,19,Prinplup,58,Prinplup,Diamond & Pearl,main,Uncommon
GRAIL,19,Prinplup,59,Prinplup,Platinum,main,Uncommon
GRAIL,19,Prinplup,44,Prinplup,Majestic Dawn,main,Uncommon
GRAIL,19,Prinplup,28,Prinplup,Dark Explorers,main,Uncommon
GRAIL,19,Staryu,104,Staryu,Skyridge,main,Common
GRAIL,19,Staryu,103,Staryu,Skyridge,main,Common
GRAIL,19,Staryu,4,Staryu,McDonald's Collection 2015,main,
GRAIL,19,Staryu,20,Staryu,Perfect Order,main,Common
GRAIL,19,Staryu,118,Staryu,Paldean Fates,alt_art_SIR,Shiny Rare
GRAIL,19,Poliwag,87,Poliwag,Skyridge,main,Common
GRAIL,19,Poliwag,75,Poliwag,FireRed & LeafGreen,main,Common
GRAIL,19,Poliwag,125,Poliwag,Expedition Base Set,main,Common
GRAIL,19,Poliwhirl,88,Poliwhirl,Skyridge,main,Common
GRAIL,19,Poliwhirl,89,Poliwhirl,Expedition Base Set,main,Uncommon
GRAIL,19,Poliwhirl,68,Poliwhirl,Unseen Forces,main,Common
GRAIL,19,Poliwhirl,46,Poliwhirl,FireRed & LeafGreen,main,Uncommon
GRAIL,19,Poliwhirl,176,Poliwhirl,151,alt_art_SIR,Illustration Rare
GRAIL,19,Poliwrath,H24,Poliwrath,Skyridge,main,Rare Holo
GRAIL,19,Poliwrath,11,Poliwrath,Unseen Forces,main,Rare Holo
GRAIL,19,Poliwrath,31,Misty's Poliwrath,Gym Heroes,main,Rare
GRAIL,19,Poliwrath,26,Poliwrath,Skyridge,main,Rare
GRAIL,19,Poliwrath,28,Poliwrath,Neo Discovery,main,Rare
GRAIL,19,Politoed,H23,Politoed,Skyridge,main,Rare Holo
GRAIL,19,Politoed,107,Politoed ex,Unseen Forces,main,Rare Holo EX
GRAIL,19,Politoed,8,Politoed,Neo Discovery,main,Rare Holo
GRAIL,19,Politoed,25,Politoed,Skyridge,main,Rare
GRAIL,19,Politoed,12,Politoed,Legends Awakened,main,Rare Holo
GRAIL,20,Groudon,111,Groudon ★,Delta Species,main,Rare Holo Star
GRAIL,20,Groudon,15,Team Magma's Groudon-EX,Double Crisis,main,Rare Ultra
GRAIL,20,Groudon,106,Groudon-EX,Dark Explorers,main,Rare Ultra
GRAIL,20,Groudon,9,Team Magma's Groudon,Team Magma vs Team Aqua,main,Rare Holo
GRAIL,20,Groudon,97,Primal Groudon-EX,Ancient Origins,main,Rare Secret
GRAIL,20,Groudon,93,Groudon ex,Hidden Legends,main,Rare Holo EX
GRAIL,20,Groudon,88,Kyogre & Groudon LEGEND,HS—Undaunted,main,LEGEND
GRAIL,20,Groudon,199,Groudon,Paradox Rift,alt_art_SIR,Illustration Rare
GRAIL,20,Groudon,9,Team Magma's Groudon,Celebrations: Classic Collection,alt_art_SIR,Classic Collection
GRAIL,20,Kyogre,112,Kyogre ★,Delta Species,main,Rare Holo Star
GRAIL,20,Kyogre,6,Team Aqua's Kyogre-EX,Double Crisis,main,Rare Ultra
GRAIL,20,Kyogre,96,Primal Kyogre-EX,Ancient Origins,main,Rare Secret
GRAIL,20,Kyogre,3,Team Aqua's Kyogre,Team Magma vs Team Aqua,main,Rare Holo
GRAIL,20,Kyogre,149,Primal Kyogre-EX,Primal Clash,main,Rare Ultra
GRAIL,20,Kyogre,95,Kyogre ex,Crystal Guardians,main,Rare Holo EX
GRAIL,20,Kyogre,104,Kyogre-EX,Dark Explorers,main,Rare Ultra
GRAIL,20,Kyogre,21,Kyogre,Shining Fates,alt_art_SIR,Amazing Rare
GRAIL,20,Kyogre,178,Kyogre ex,Scarlet & Violet Promos,promo,Promo
NUCLEAR,1,Charmander,70,Charmander,Legendary Collection,main,Common
NUCLEAR,1,Charmander,113,Charmander,FireRed & LeafGreen,main,Rare Secret
NUCLEAR,1,Charmander,98,Charmander,Dragon,main,Rare Secret
NUCLEAR,1,Charmander,98,Charmander,Expedition Base Set,main,Common
NUCLEAR,1,Charmander,101,Charmander,Stormfront,main,Rare Secret
NUCLEAR,1,Charmander,58,Charmander,FireRed & LeafGreen,main,Common
NUCLEAR,1,Charmander,168,Charmander,151,alt_art_SIR,Illustration Rare
NUCLEAR,1,Charmander,109,Charmander,Paldean Fates,alt_art_SIR,Shiny Rare
NUCLEAR,1,Charmander,44,Charmander,Scarlet & Violet Black Star Promos,promo,Promo
NUCLEAR,1,Charmander,SWSH232,Charmander,SWSH Black Star Promos,promo,Promo
NUCLEAR,1,Charmander,9,Charmander,McDonald's Collection 2021,promo,
NUCLEAR,1,Charmander,SWSH092,Charmander,SWSH Black Star Promos,promo,Promo
NUCLEAR,1,Charmander,47,Charmander,Scarlet & Violet Black Star Promos,promo,Promo
NUCLEAR,1,Charmeleon,37,Charmeleon,Legendary Collection,main,Uncommon
NUCLEAR,1,Charmeleon,73,Charmeleon,Expedition Base Set,main,Uncommon
NUCLEAR,1,Charmeleon,99,Charmeleon,Dragon,main,Rare Secret
NUCLEAR,1,Charmeleon,3,Charmeleon,EX Trainer Kit 2 Minun,main,Uncommon
NUCLEAR,1,Charmeleon,21,Charmeleon,Ascended Heroes,main,Uncommon
NUCLEAR,1,Charmeleon,169,Charmeleon,151,alt_art_SIR,Illustration Rare
NUCLEAR,1,Charmeleon,110,Charmeleon,Paldean Fates,alt_art_SIR,Shiny Rare
NUCLEAR,1,Charizard,100,Charizard ★ δ,Dragon Frontiers,main,Rare Holo Star
NUCLEAR,1,Charizard,107,Shining Charizard,Neo Destiny,main,Rare Shining
NUCLEAR,1,Charizard,146,Charizard,Skyridge,main,Rare Secret
NUCLEAR,1,Charizard,108,M Charizard-EX,Flashfire,main,Rare Secret
NUCLEAR,1,Charizard,3,Charizard,Legendary Collection,main,Rare Holo
NUCLEAR,1,Charizard,4,Charizard δ,Crystal Guardians,main,Rare Holo
NUCLEAR,1,Charizard,136,Charizard,Plasma Storm,main,Rare Secret
NUCLEAR,1,Charizard,2,Blaine's Charizard,Gym Challenge,main,Rare Holo
NUCLEAR,1,Charizard,4,Charizard,Base,main,Rare Holo
NUCLEAR,1,Charizard,150,Charizard-GX,Burning Shadows,main,Rare Rainbow
NUCLEAR,1,Charizard,SV49,Charizard-GX,Hidden Fates Shiny Vault,main,Rare Shiny GX
NUCLEAR,1,Charizard,103,Charizard,Stormfront,main,Rare Secret
NUCLEAR,1,Charizard,125,Mega Charizard X ex,Phantasmal Flames,main,Special Illustration Rare
NUCLEAR,1,Charizard,SWSH066,Charizard,SWSH Black Star Promos,main,Promo
NUCLEAR,1,Charizard,199,Charizard ex,151,alt_art_SIR,Special Illustration Rare
NUCLEAR,1,Charizard,154,Charizard V,Brilliant Stars,alt_art_SIR,Rare Ultra
NUCLEAR,1,Charizard,234,Charizard ex,Paldean Fates,alt_art_SIR,Special Illustration Rare
NUCLEAR,1,Charizard,79,Charizard V,Champion's Path,alt_art_SIR,Rare Secret
NUCLEAR,1,Charizard,130,Mega Charizard X ex,Phantasmal Flames,alt_art_SIR,Mega Hyper Rare
NUCLEAR,1,Charizard,74,Charizard VMAX,Champion's Path,alt_art_SIR,Rare Rainbow
NUCLEAR,1,Charizard,4,Charizard,Celebrations: Classic Collection,alt_art_SIR,Classic Collection
NUCLEAR,1,Charizard,SV107,Charizard VMAX,Shining Fates Shiny Vault,alt_art_SIR,Rare Holo VMAX
NUCLEAR,1,Charizard,223,Charizard ex,Obsidian Flames,alt_art_SIR,Special Illustration Rare
NUCLEAR,1,Charizard,174,Charizard VSTAR,Brilliant Stars,alt_art_SIR,Rare Rainbow
NUCLEAR,1,Charizard,20,Charizard VMAX,Darkness Ablaze,alt_art_SIR,Rare Holo VMAX
NUCLEAR,1,Charizard,183,Charizard ex,151,alt_art_SIR,Ultra Rare
NUCLEAR,1,Charizard,153,Charizard V,Brilliant Stars,alt_art_SIR,Rare Ultra
NUCLEAR,1,Charizard,228,Charizard ex,Obsidian Flames,alt_art_SIR,Hyper Rare
NUCLEAR,1,Charizard,TG03,Charizard,Lost Origin Trainer Gallery,alt_art_SIR,Trainer Gallery Rare Holo
NUCLEAR,1,Charizard,215,Charizard ex,Obsidian Flames,alt_art_SIR,Ultra Rare
NUCLEAR,1,Charizard,109,Mega Charizard X ex,Phantasmal Flames,alt_art_SIR,Ultra Rare
NUCLEAR,1,Charizard,11,Radiant Charizard,Pokémon GO,alt_art_SIR,Radiant Rare
NUCLEAR,1,Charizard,18,Charizard VSTAR,Brilliant Stars,alt_art_SIR,Rare Holo VSTAR
NUCLEAR,1,Charizard,19,Charizard VSTAR,Crown Zenith,alt_art_SIR,Rare Holo VSTAR
NUCLEAR,1,Charizard,20,Radiant Charizard,Crown Zenith,alt_art_SIR,Radiant Rare
NUCLEAR,1,Charizard,294,Mega Charizard Y ex,Ascended Heroes,alt_art_SIR,Mega Hyper Rare
NUCLEAR,1,Charizard,SWSH075,Special Delivery Charizard,SWSH Black Star Promos,promo,Promo
NUCLEAR,1,Charizard,SWSH262,Charizard VSTAR,SWSH Black Star Promos,promo,Promo
NUCLEAR,1,Charizard,SWSH260,Charizard V,SWSH Black Star Promos,promo,Promo
NUCLEAR,1,Charizard,SWSH261,Charizard VMAX,SWSH Black Star Promos,promo,Promo
NUCLEAR,1,Charizard,74,Charizard ex,Scarlet & Violet Black Star Promos,promo,Promo
NUCLEAR,1,Charizard,56,Charizard ex,Scarlet & Violet Black Star Promos,promo,Promo
NUCLEAR,1,Charizard,SWSH050,Charizard V,SWSH Black Star Promos,promo,Promo
NUCLEAR,1,Charizard,SWSH133,Lance's Charizard V,SWSH Black Star Promos,promo,Promo
NUCLEAR,1,Charizard,161,Charizard ex,Scarlet & Violet Black Star Promos,promo,Promo
NUCLEAR,1,Charizard,196,Charizard ex,Scarlet & Violet Promos,promo,Promo
NUCLEAR,2,Pikachu,86,Pikachu,Legendary Collection,main,Common
NUCLEAR,2,Pikachu,85,Pikachu with Grey Felt Hat,Scarlet & Violet Black Star Promos,main,Promo
NUCLEAR,2,Pikachu,104,Pikachu ★,Holon Phantoms,main,Rare Holo Star
NUCLEAR,2,Pikachu,7,Pikachu,Pokémon Rumble,main,
NUCLEAR,2,Pikachu,60,Pikachu,Emerald,main,Common
NUCLEAR,2,Pikachu,XY124,Pikachu-EX,XY Black Star Promos,main,Promo
NUCLEAR,2,Pikachu,24,_____'s Pikachu,Wizards Black Star Promos,main,Promo
NUCLEAR,2,Pikachu,SWSH074,Special Delivery Pikachu,SWSH Black Star Promos,main,Promo
NUCLEAR,2,Pikachu,12,Pikachu,POP Series 5,main,Common
NUCLEAR,2,Pikachu,114,Surfing Pikachu,Rising Rivals,main,Rare Secret
NUCLEAR,2,Pikachu,13,Pikachu,POP Series 4,main,Common
NUCLEAR,2,Pikachu,112,Pikachu,Rising Rivals,main,Rare Secret
NUCLEAR,2,Pikachu,238,Pikachu ex,Surging Sparks,main,Special Illustration Rare
NUCLEAR,2,Pikachu,35,Pikachu δ,Nintendo Black Star Promos,main,Promo
NUCLEAR,2,Pikachu,188,Pikachu VMAX,Vivid Voltage,alt_art_SIR,Rare Rainbow
NUCLEAR,2,Pikachu,TG17,Pikachu VMAX,Lost Origin Trainer Gallery,alt_art_SIR,Rare Holo VMAX
NUCLEAR,2,Pikachu,247,Pikachu ex,Surging Sparks,alt_art_SIR,Hyper Rare
NUCLEAR,2,Pikachu,173,Pikachu,151,alt_art_SIR,Illustration Rare
NUCLEAR,2,Pikachu,131,Pikachu,Paldean Fates,alt_art_SIR,Shiny Rare
NUCLEAR,2,Pikachu,179,Pikachu ex,Prismatic Evolutions,alt_art_SIR,Hyper Rare
NUCLEAR,2,Pikachu,160,Pikachu,Crown Zenith,alt_art_SIR,Rare Secret
NUCLEAR,2,Pikachu,170,Pikachu V,Vivid Voltage,alt_art_SIR,Rare Ultra
NUCLEAR,2,Pikachu,TG05,Pikachu,Lost Origin Trainer Gallery,alt_art_SIR,Trainer Gallery Rare Holo
NUCLEAR,2,Pikachu,GG30,Pikachu,Crown Zenith Galarian Gallery,alt_art_SIR,Trainer Gallery Rare Holo
NUCLEAR,2,Pikachu,219,Pikachu ex,Surging Sparks,alt_art_SIR,Ultra Rare
NUCLEAR,2,Pikachu,24,_____'s Pikachu,Celebrations: Classic Collection,alt_art_SIR,Classic Collection
NUCLEAR,2,Pikachu,157,Pikachu V,Brilliant Stars,alt_art_SIR,Rare Ultra
NUCLEAR,2,Pikachu,TG29,Pikachu VMAX,Lost Origin Trainer Gallery,alt_art_SIR,Rare Secret
NUCLEAR,2,Pikachu,44,Pikachu VMAX,Vivid Voltage,alt_art_SIR,Rare Holo VMAX
NUCLEAR,2,Pikachu,9,Surfing Pikachu VMAX,Celebrations,alt_art_SIR,Rare Holo VMAX
NUCLEAR,2,Pikachu,7,Flying Pikachu VMAX,Celebrations,alt_art_SIR,Rare Holo VMAX
NUCLEAR,2,Pikachu,276,Pikachu ex,Ascended Heroes,alt_art_SIR,Special Illustration Rare
NUCLEAR,2,Pikachu,277,Pikachu ex,Ascended Heroes,alt_art_SIR,Special Illustration Rare
NUCLEAR,2,Pikachu,23,Pikachu,30th Celebration,alt_art_SIR,Pikachu Rare
NUCLEAR,2,Pikachu,24,Pikachu,30th Celebration,alt_art_SIR,Pikachu Rare
NUCLEAR,2,Pikachu,25,Pikachu,30th Celebration,alt_art_SIR,Pikachu Rare
NUCLEAR,2,Pikachu,26,Pikachu,30th Celebration,alt_art_SIR,Pikachu Rare
NUCLEAR,2,Pikachu,27,Pikachu,30th Celebration,alt_art_SIR,Pikachu Rare
NUCLEAR,2,Pikachu,28,Pikachu,30th Celebration,alt_art_SIR,Pikachu Rare
NUCLEAR,2,Pikachu,29,Pikachu,30th Celebration,alt_art_SIR,Pikachu Rare
NUCLEAR,2,Pikachu,30,Pikachu,30th Celebration,alt_art_SIR,Pikachu Rare
NUCLEAR,2,Pikachu,31,Pikachu,30th Celebration,alt_art_SIR,Pikachu Rare
NUCLEAR,2,Pikachu,32,Pikachu,30th Celebration,alt_art_SIR,Pikachu Rare
NUCLEAR,2,Pikachu,33,Pikachu,30th Celebration,alt_art_SIR,Pikachu Rare
NUCLEAR,2,Pikachu,34,Pikachu,30th Celebration,alt_art_SIR,Pikachu Rare
NUCLEAR,2,Pikachu,35,Pikachu,30th Celebration,alt_art_SIR,Pikachu Rare
NUCLEAR,2,Pikachu,36,Pikachu,30th Celebration,alt_art_SIR,Pikachu Rare
NUCLEAR,2,Pikachu,37,Pikachu,30th Celebration,alt_art_SIR,Pikachu Rare
NUCLEAR,2,Pikachu,38,Pikachu,30th Celebration,alt_art_SIR,Pikachu Rare
NUCLEAR,2,Pikachu,39,Pikachu,30th Celebration,alt_art_SIR,Pikachu Rare
NUCLEAR,2,Pikachu,40,Pikachu,30th Celebration,alt_art_SIR,Pikachu Rare
NUCLEAR,2,Pikachu,41,Pikachu,30th Celebration,alt_art_SIR,Pikachu Rare
NUCLEAR,2,Pikachu,42,Pikachu,30th Celebration,alt_art_SIR,Pikachu Rare
NUCLEAR,2,Pikachu,43,Pikachu,30th Celebration,alt_art_SIR,Pikachu Rare
NUCLEAR,2,Pikachu,44,Pikachu,30th Celebration,alt_art_SIR,Pikachu Rare
NUCLEAR,2,Pikachu,45,Pikachu,30th Celebration,alt_art_SIR,Pikachu Rare
NUCLEAR,2,Pikachu,46,Pikachu,30th Celebration,alt_art_SIR,Pikachu Rare
NUCLEAR,2,Pikachu,47,Pikachu,30th Celebration,alt_art_SIR,Pikachu Rare
NUCLEAR,2,Pikachu,48,Pikachu,30th Celebration,alt_art_SIR,Pikachu Rare
NUCLEAR,2,Pikachu,49,Pikachu,30th Celebration,alt_art_SIR,Pikachu Rare
NUCLEAR,2,Pikachu,50,Pikachu,30th Celebration,alt_art_SIR,Pikachu Rare
NUCLEAR,2,Pikachu,51,Pikachu,30th Celebration,alt_art_SIR,Pikachu Rare
NUCLEAR,2,Pikachu,52,Pikachu,30th Celebration,alt_art_SIR,Pikachu Rare
NUCLEAR,2,Pikachu,149,Pikachu ex,30th Celebration,alt_art_SIR,Special Illustration Rare
NUCLEAR,2,Pikachu,150,Pikachu ex,30th Celebration,alt_art_SIR,Special Illustration Rare
NUCLEAR,2,Pikachu,SWSH145,Pikachu V,SWSH Black Star Promos,promo,Promo
NUCLEAR,2,Pikachu,SWSH020,Pikachu,SWSH Black Star Promos,promo,Promo
NUCLEAR,2,Pikachu,1,Pikachu on the Ball,Pokémon Futsal Collection,promo,
NUCLEAR,2,Pikachu,SWSH153,Pikachu,SWSH Black Star Promos,promo,Promo
NUCLEAR,2,Pikachu,101,Pikachu,Scarlet & Violet Black Star Promos,promo,Promo
NUCLEAR,2,Pikachu,25,Pikachu,McDonald's Collection 2021,promo,
NUCLEAR,2,Pikachu,88,Pikachu,Scarlet & Violet Black Star Promos,promo,Promo
NUCLEAR,2,Pikachu,27,Pikachu,Scarlet & Violet Black Star Promos,promo,Promo
NUCLEAR,2,Pikachu,SWSH062,Pikachu VMAX,SWSH Black Star Promos,promo,Promo
NUCLEAR,2,Pikachu,SWSH143,Pikachu V,SWSH Black Star Promos,promo,Promo
NUCLEAR,2,Pikachu,SWSH039,Pikachu,SWSH Black Star Promos,promo,Promo
NUCLEAR,2,Pikachu,SWSH141,Pikachu V-UNION,SWSH Black Star Promos,promo,Promo
NUCLEAR,2,Pikachu,SWSH142,Pikachu V-UNION,SWSH Black Star Promos,promo,Promo
NUCLEAR,2,Pikachu,7,Pikachu,McDonald's Collection 2022,promo,
NUCLEAR,2,Pikachu,SWSH286,Pikachu VMAX,SWSH Black Star Promos,promo,Promo
NUCLEAR,2,Pikachu,SWSH139,Pikachu V-UNION,SWSH Black Star Promos,promo,Promo
NUCLEAR,2,Pikachu,SWSH063,Pikachu V,SWSH Black Star Promos,promo,Promo
NUCLEAR,2,Pikachu,SWSH140,Pikachu V-UNION,SWSH Black Star Promos,promo,Promo
NUCLEAR,2,Pikachu,SWSH234,Pikachu,SWSH Black Star Promos,promo,Promo
NUCLEAR,2,Pikachu,SWSH285,Pikachu V,SWSH Black Star Promos,promo,Promo
NUCLEAR,2,Pikachu,SWSH198,Pikachu V,SWSH Black Star Promos,promo,Promo
NUCLEAR,2,Pikachu,SWSH061,Pikachu V,SWSH Black Star Promos,promo,Promo
NUCLEAR,2,Pikachu,106,Pikachu ex,Scarlet & Violet Black Star Promos,promo,Promo
NUCLEAR,2,Pichu,12,Pichu,Neo Genesis,main,Rare Holo
NUCLEAR,2,Pichu,22,Pichu,Expedition Base Set,main,Rare Holo
NUCLEAR,2,Pichu,59,Pichu,Emerald,main,Common
NUCLEAR,2,Pichu,16,Pichu Bros.,POP Series 3,main,Common
NUCLEAR,2,Pichu,58,Pichu,Expedition Base Set,main,Rare
NUCLEAR,2,Raichu,111,Shining Raichu,Neo Destiny,main,Rare Shining
NUCLEAR,2,Raichu,12,Raichu,FireRed & LeafGreen,main,Rare Holo
NUCLEAR,2,Raichu,15,Raichu δ,Holon Phantoms,main,Rare Holo
NUCLEAR,2,Raichu,11,Lt. Surge's Raichu,Gym Challenge,main,Rare Holo
NUCLEAR,2,Raichu,7,Dark Raichu,Legendary Collection,main,Rare Holo
NUCLEAR,2,Raichu,221,Raichu & Alolan Raichu-GX,Unified Minds,main,Rare Ultra
NUCLEAR,2,Raichu,211,Raichu,Paldea Evolved,alt_art_SIR,Illustration Rare
NUCLEAR,2,Raichu,132,Raichu,Paldean Fates,alt_art_SIR,Shiny Rare
NUCLEAR,2,Raichu,158,Raichu V,Brilliant Stars,alt_art_SIR,Rare Ultra
NUCLEAR,2,Alolan Raichu,221,Raichu & Alolan Raichu-GX,Unified Minds,main,Rare Ultra
NUCLEAR,2,Alolan Raichu,241,Raichu & Alolan Raichu-GX,Unified Minds,main,Rare Rainbow
NUCLEAR,2,Alolan Raichu,220,Raichu & Alolan Raichu-GX,Unified Minds,main,Rare Ultra
NUCLEAR,2,Alolan Raichu,SM72,Alolan Raichu,SM Black Star Promos,main,Promo
NUCLEAR,2,Alolan Raichu,54,Raichu & Alolan Raichu-GX,Unified Minds,main,Rare Holo GX
NUCLEAR,3,Umbreon,H30,Umbreon,Skyridge,main,Rare Holo
NUCLEAR,3,Umbreon,215,Umbreon VMAX,Evolving Skies,main,Rare Rainbow
NUCLEAR,3,Umbreon,161,Umbreon ex,Prismatic Evolutions,main,Special Illustration Rare
NUCLEAR,3,Umbreon,H29,Umbreon,Aquapolis,main,Rare Holo
NUCLEAR,3,Umbreon,17,Umbreon δ,Delta Species,main,Rare Holo
NUCLEAR,3,Umbreon,13,Umbreon,Neo Discovery,main,Rare Holo
NUCLEAR,3,Umbreon,86,Umbreon,HS—Undaunted,main,Rare Prime
NUCLEAR,3,Umbreon,112,Umbreon ex,Unseen Forces,main,Rare Holo EX
NUCLEAR,3,Umbreon,32,Umbreon,Neo Discovery,main,Rare
NUCLEAR,3,Umbreon,189,Umbreon V,Evolving Skies,main,Rare Ultra
NUCLEAR,3,Umbreon,32,Umbreon,Skyridge,main,Rare
NUCLEAR,3,Umbreon,SV69,Umbreon-GX,Hidden Fates Shiny Vault,main,Rare Shiny GX
NUCLEAR,3,Umbreon,TG23,Umbreon VMAX,Brilliant Stars Trainer Gallery,alt_art_SIR,Rare Holo VMAX
NUCLEAR,3,Umbreon,17,Umbreon ★,Celebrations: Classic Collection,alt_art_SIR,Classic Collection
NUCLEAR,3,Umbreon,214,Umbreon VMAX,Evolving Skies,alt_art_SIR,Rare Rainbow
NUCLEAR,3,Umbreon,188,Umbreon V,Evolving Skies,alt_art_SIR,Rare Ultra
NUCLEAR,3,Umbreon,95,Umbreon VMAX,Evolving Skies,alt_art_SIR,Rare Holo VMAX
NUCLEAR,3,Umbreon,SWSH129,Umbreon,SWSH Black Star Promos,promo,Promo
NUCLEAR,3,Umbreon,SWSH203,Umbreon V,SWSH Black Star Promos,promo,Promo
NUCLEAR,4,Rayquaza,107,Rayquaza ★,Deoxys,main,Rare Holo Star
NUCLEAR,4,Rayquaza,13,Rayquaza δ,Delta Species,main,Rare Holo
NUCLEAR,4,Rayquaza,218,Rayquaza VMAX,Evolving Skies,main,Rare Rainbow
NUCLEAR,4,Rayquaza,128,Rayquaza,Dragons Exalted,main,Rare Secret
NUCLEAR,4,Rayquaza,22,Rayquaza,Deoxys,main,Rare
NUCLEAR,4,Rayquaza,16,Rayquaza δ,Holon Phantoms,main,Rare Holo
NUCLEAR,4,Rayquaza,98,M Rayquaza-EX,Ancient Origins,main,Rare Secret
NUCLEAR,4,Rayquaza,20,Rayquaza,Call of Legends,main,Rare Holo
NUCLEAR,4,Rayquaza,102,Rayquaza ex,Deoxys,main,Rare Holo EX
NUCLEAR,4,Rayquaza,9,Rayquaza,Emerald,main,Rare Holo
NUCLEAR,4,Rayquaza,SL10,Rayquaza,Call of Legends,main,Rare Holo
NUCLEAR,4,Rayquaza,194,Rayquaza V,Evolving Skies,alt_art_SIR,Rare Ultra
NUCLEAR,4,Rayquaza,TG20,Rayquaza VMAX,Silver Tempest Trainer Gallery,alt_art_SIR,Rare Holo VMAX
NUCLEAR,4,Rayquaza,217,Rayquaza VMAX,Evolving Skies,alt_art_SIR,Rare Rainbow
NUCLEAR,4,Rayquaza,193,Rayquaza V,Evolving Skies,alt_art_SIR,Rare Ultra
NUCLEAR,4,Rayquaza,76,M Rayquaza-EX,Celebrations: Classic Collection,alt_art_SIR,Classic Collection
NUCLEAR,4,Rayquaza,TG29,Rayquaza VMAX,Silver Tempest Trainer Gallery,alt_art_SIR,Rare Secret
NUCLEAR,4,Rayquaza,138,Rayquaza,Vivid Voltage,alt_art_SIR,Amazing Rare
NUCLEAR,4,Rayquaza,111,Rayquaza VMAX,Evolving Skies,alt_art_SIR,Rare Holo VMAX
NUCLEAR,4,Rayquaza,102,Rayquaza VMAX,Crown Zenith,alt_art_SIR,Rare Holo VMAX
NUCLEAR,4,Rayquaza,101,Rayquaza VMAX,Crown Zenith,alt_art_SIR,Rare Holo VMAX
NUCLEAR,4,Rayquaza,SWSH147,Rayquaza V,SWSH Black Star Promos,promo,Promo
NUCLEAR,4,Rayquaza,SWSH029,Rayquaza,SWSH Black Star Promos,promo,Promo
NUCLEAR,5,Mew,19,Mew,Expedition Base Set,main,Rare Holo
NUCLEAR,5,Mew,101,Mew ★ δ,Dragon Frontiers,main,Rare Holo Star
NUCLEAR,5,Mew,232,Mew ex,Paldean Fates,main,Special Illustration Rare
NUCLEAR,5,Mew,1,Mew,Southern Islands,main,
NUCLEAR,5,Mew,97,Mew,HS—Triumphant,main,Rare Prime
NUCLEAR,5,Mew,100,Mew ex,Holon Phantoms,main,Rare Holo EX
NUCLEAR,5,Mew,3,Mew δ,POP Series 5,main,Rare
NUCLEAR,5,Mew,BW98,Mew,BW Black Star Promos,main,Promo
NUCLEAR,5,Mew,10,Mew,Legend Maker,main,Rare Holo
NUCLEAR,5,Mew,120,Mew-EX,Dragons Exalted,main,Rare Ultra
NUCLEAR,5,Mew,242,Mewtwo & Mew-GX,Unified Minds,main,Rare Rainbow
NUCLEAR,5,Mew,10,Mew,Pokémon Rumble,main,
NUCLEAR,5,Mew,269,Mew VMAX,Fusion Strike,alt_art_SIR,Rare Rainbow
NUCLEAR,5,Mew,251,Mew V,Fusion Strike,alt_art_SIR,Rare Ultra
NUCLEAR,5,Mew,268,Mew VMAX,Fusion Strike,alt_art_SIR,Rare Rainbow
NUCLEAR,5,Mew,GG10,Mew,Crown Zenith Galarian Gallery,alt_art_SIR,Trainer Gallery Rare Holo
NUCLEAR,5,Mew,216,Mew ex,Paldean Fates,alt_art_SIR,Shiny Ultra Rare
NUCLEAR,5,Mew,250,Mew V,Fusion Strike,alt_art_SIR,Rare Ultra
NUCLEAR,5,Mew,TG30,Mew VMAX,Lost Origin Trainer Gallery,alt_art_SIR,Rare Secret
NUCLEAR,5,Mew,193,Mew ex,151,alt_art_SIR,Ultra Rare
NUCLEAR,5,Mew,205,Mew ex,151,alt_art_SIR,Hyper Rare
NUCLEAR,5,Mew,88,Mew ex,Celebrations: Classic Collection,alt_art_SIR,Classic Collection
NUCLEAR,5,Mew,114,Mew VMAX,Fusion Strike,alt_art_SIR,Rare Holo VMAX
NUCLEAR,5,Mew,152,Mew ex,30th Celebration,alt_art_SIR,Special Illustration Rare
NUCLEAR,5,Mew,158,Mew ex,30th Celebration,alt_art_SIR,Futuristic Rare
NUCLEAR,5,Mew,53,Mew ex,Scarlet & Violet Black Star Promos,promo,Promo
NUCLEAR,6,Lugia,149,Lugia,Aquapolis,main,Rare Secret
NUCLEAR,6,Lugia,105,Lugia ex,Unseen Forces,main,Rare Holo EX
NUCLEAR,6,Lugia,9,Lugia,Neo Genesis,main,Rare Holo
NUCLEAR,6,Lugia,134,Lugia-EX,Plasma Storm,main,Rare Ultra
NUCLEAR,6,Lugia,186,Lugia V,Silver Tempest,main,Rare Ultra
NUCLEAR,6,Lugia,29,Lugia,Unseen Forces,main,Rare
NUCLEAR,6,Lugia,113,Lugia LEGEND,HeartGold & SoulSilver,main,LEGEND
NUCLEAR,6,Lugia,114,Lugia LEGEND,HeartGold & SoulSilver,main,LEGEND
NUCLEAR,6,Lugia,227,Lugia-GX,Lost Thunder,main,Rare Rainbow
NUCLEAR,6,Lugia,HGSS02,Lugia,HGSS Black Star Promos,main,Promo
NUCLEAR,6,Lugia,202,Lugia VSTAR,Silver Tempest,alt_art_SIR,Rare Rainbow
NUCLEAR,6,Lugia,211,Lugia VSTAR,Silver Tempest,alt_art_SIR,Rare Secret
NUCLEAR,6,Lugia,185,Lugia V,Silver Tempest,alt_art_SIR,Rare Ultra
NUCLEAR,6,Lugia,139,Lugia VSTAR,Silver Tempest,alt_art_SIR,Rare Holo VSTAR
NUCLEAR,6,Lugia,149,Lugia,30th Celebration: Classic Collection,alt_art_SIR,Rare Secret
NUCLEAR,6,Lugia,SWSH069,Lugia,SWSH Black Star Promos,promo,Promo
NUCLEAR,7,Mewtwo,103,Mewtwo ★,Holon Phantoms,main,Rare Holo Star
NUCLEAR,7,Mewtwo,8,Rocket's Mewtwo,Best of Game,main,Promo
NUCLEAR,7,Mewtwo,12,Mewtwo δ,Delta Species,main,Rare Holo
NUCLEAR,7,Mewtwo,29,Mewtwo,Legendary Collection,main,Rare
NUCLEAR,7,Mewtwo,109,Shining Mewtwo,Neo Destiny,main,Rare Shining
NUCLEAR,7,Mewtwo,78,Mewtwo-GX,Shining Legends,main,Rare Secret
NUCLEAR,7,Mewtwo,20,Mewtwo,Expedition Base Set,main,Rare Holo
NUCLEAR,7,Mewtwo,99,Rocket's Mewtwo ex,Team Rocket Returns,main,Rare Holo EX
NUCLEAR,7,Mewtwo,9,Mewtwo,Pokémon Rumble,main,
NUCLEAR,7,Mewtwo,242,Mewtwo & Mew-GX,Unified Minds,main,Rare Rainbow
NUCLEAR,7,Mewtwo,231,Team Rocket's Mewtwo ex,Destined Rivals,main,Special Illustration Rare
NUCLEAR,7,Mewtwo,GG44,Mewtwo VSTAR,Crown Zenith Galarian Gallery,alt_art_SIR,Rare Holo VSTAR
NUCLEAR,7,Mewtwo,72,Mewtwo V,Pokémon GO,alt_art_SIR,Rare Ultra
NUCLEAR,7,Mewtwo,79,Mewtwo VSTAR,Pokémon GO,alt_art_SIR,Rare Rainbow
NUCLEAR,7,Mewtwo,240,Team Rocket's Mewtwo ex,Destined Rivals,alt_art_SIR,Hyper Rare
NUCLEAR,7,Mewtwo,86,Mewtwo VSTAR,Pokémon GO,alt_art_SIR,Rare Secret
NUCLEAR,7,Mewtwo,213,Team Rocket's Mewtwo ex,Destined Rivals,alt_art_SIR,Ultra Rare
NUCLEAR,7,Mewtwo,54,Mewtwo-EX,Celebrations: Classic Collection,alt_art_SIR,Classic Collection
NUCLEAR,7,Mewtwo,31,Mewtwo VSTAR,Pokémon GO,alt_art_SIR,Rare Holo VSTAR
NUCLEAR,7,Mewtwo,281,Team Rocket's Mewtwo ex,Ascended Heroes,alt_art_SIR,Special Illustration Rare
NUCLEAR,7,Mewtwo,151,Mewtwo ex,30th Celebration,alt_art_SIR,Special Illustration Rare
NUCLEAR,7,Mewtwo,157,Mewtwo ex,30th Celebration,alt_art_SIR,Futuristic Rare
NUCLEAR,7,Mewtwo,52,Mewtwo,Scarlet & Violet Black Star Promos,promo,Promo
NUCLEAR,7,Mewtwo,SWSH160,Mewtwo V-UNION,SWSH Black Star Promos,promo,Promo
NUCLEAR,7,Mewtwo,SWSH162,Mewtwo V-UNION,SWSH Black Star Promos,promo,Promo
NUCLEAR,7,Mewtwo,SWSH161,Mewtwo V-UNION,SWSH Black Star Promos,promo,Promo
NUCLEAR,7,Mewtwo,SWSH159,Mewtwo V-UNION,SWSH Black Star Promos,promo,Promo
NUCLEAR,7,Mewtwo,SWSH223,Mewtwo V,SWSH Black Star Promos,promo,Promo
NUCLEAR,7,Mewtwo,SWSH229,Mewtwo V,SWSH Black Star Promos,promo,Promo
NUCLEAR,8,Gengar,165,Gengar & Mimikyu-GX,Team Up,main,Rare Ultra
NUCLEAR,8,Gengar,11,Gengar,Legendary Collection,main,Rare Holo
NUCLEAR,8,Gengar,108,Gengar ex,FireRed & LeafGreen,main,Rare Holo EX
NUCLEAR,8,Gengar,6,Dark Gengar,Neo Destiny,main,Rare Holo
NUCLEAR,8,Gengar,271,Gengar VMAX,Fusion Strike,main,Rare Rainbow
NUCLEAR,8,Gengar,13,Gengar,Expedition Base Set,main,Rare Holo
NUCLEAR,8,Gengar,114,Gengar-EX,Phantom Forces,main,Rare Ultra
NUCLEAR,8,Gengar,14,Sabrina's Gengar,Gym Heroes,main,Rare Holo
NUCLEAR,8,Gengar,94,Gengar,HS—Triumphant,main,Rare Prime
NUCLEAR,8,Gengar,121,M Gengar-EX,Phantom Forces,main,Rare Secret
NUCLEAR,8,Gengar,193,Gengar ex,Temporal Forces,alt_art_SIR,Ultra Rare
NUCLEAR,8,Gengar,TG06,Gengar,Lost Origin Trainer Gallery,alt_art_SIR,Trainer Gallery Rare Holo
NUCLEAR,8,Gengar,157,Gengar VMAX,Fusion Strike,alt_art_SIR,Rare Holo VMAX
NUCLEAR,8,Gengar,269,Mega Gengar ex,Ascended Heroes,alt_art_SIR,MEGA_ATTACK_RARE
NUCLEAR,8,Gengar,284,Mega Gengar ex,Ascended Heroes,alt_art_SIR,Special Illustration Rare
NUCLEAR,8,Gengar,154,Gengar ex,30th Celebration,alt_art_SIR,Special Illustration Rare
NUCLEAR,8,Gengar,SWSH052,Gengar,SWSH Black Star Promos,promo,Promo
NUCLEAR,8,Gengar,SWSH241,Gengar,SWSH Black Star Promos,promo,Promo
NUCLEAR,8,Mimikyu,165,Gengar & Mimikyu-GX,Team Up,main,Rare Ultra
NUCLEAR,8,Mimikyu,186,Gengar & Mimikyu-GX,Team Up,main,Rare Rainbow
NUCLEAR,8,Mimikyu,53,Gengar & Mimikyu-GX,Team Up,main,Rare Holo GX
NUCLEAR,8,Mimikyu,164,Gengar & Mimikyu-GX,Team Up,main,Rare Ultra
NUCLEAR,8,Mimikyu,226,Mimikyu-GX,Lost Thunder,main,Rare Rainbow
NUCLEAR,8,Mimikyu,206,Mimikyu-GX,Lost Thunder,main,Rare Ultra
NUCLEAR,8,Mimikyu,97,Team Rocket's Mimikyu,Ascended Heroes,main,Uncommon
NUCLEAR,8,Mimikyu,238,Team Rocket's Mimikyu,Ascended Heroes,main,Illustration Rare
NUCLEAR,8,Mimikyu,TG17,Mimikyu VMAX,Brilliant Stars Trainer Gallery,alt_art_SIR,Rare Holo VMAX
NUCLEAR,8,Mimikyu,160,Mimikyu,Paldean Fates,alt_art_SIR,Shiny Rare
NUCLEAR,8,Mimikyu,148,Mimikyu V,Battle Styles,alt_art_SIR,Rare Ultra
NUCLEAR,8,Mimikyu,69,Mimikyu VMAX,Brilliant Stars,alt_art_SIR,Rare Holo VMAX
NUCLEAR,8,Mimikyu,SWSH136,Mimikyu δ,SWSH Black Star Promos,promo,Promo
NUCLEAR,8,Mimikyu,75,Mimikyu,Scarlet & Violet Black Star Promos,promo,Promo
NUCLEAR,8,Mimikyu,4,Mimikyu ex,Scarlet & Violet Black Star Promos,promo,Promo
NUCLEAR,8,Gastly,57,Gastly,Skyridge,main,Common
NUCLEAR,8,Gastly,76,Gastly,Legendary Collection,main,Common
NUCLEAR,8,Gastly,177,Gastly,Temporal Forces,main,Illustration Rare
NUCLEAR,8,Gastly,123,Gastly,Ascended Heroes,main,Common
NUCLEAR,8,Gastly,48,Gastly,Perfect Order,main,Common
NUCLEAR,8,Haunter,63,Haunter,Skyridge,main,Common
NUCLEAR,8,Haunter,46,Haunter,Legendary Collection,main,Uncommon
NUCLEAR,8,Haunter,35,Haunter,Legend Maker,main,Uncommon
NUCLEAR,8,Haunter,6,Haunter,Fossil,main,Rare Holo
NUCLEAR,8,Haunter,80,Haunter,Expedition Base Set,main,Uncommon
NUCLEAR,9,Eevee,BW97,Eevee,BW Black Star Promos,main,Promo
NUCLEAR,9,Eevee,74,Eevee,Legendary Collection,main,Common
NUCLEAR,9,Eevee,191,Eevee & Snorlax-GX,Team Up,main,Rare Rainbow
NUCLEAR,9,Eevee,171,Eevee & Snorlax-GX,Team Up,main,Rare Ultra
NUCLEAR,9,Eevee,75,Eevee,Aquapolis,main,Common
NUCLEAR,9,Eevee,SM169,Eevee & Snorlax-GX,SM Black Star Promos,main,Promo
NUCLEAR,9,Eevee,167,Eevee ex,Prismatic Evolutions,main,Special Illustration Rare
NUCLEAR,9,Eevee,68,Eevee δ,Delta Species,main,Common
NUCLEAR,9,Eevee,55,Eevee,Unseen Forces,main,Common
NUCLEAR,9,Eevee,SM233,Eevee-GX,SM Black Star Promos,main,Promo
NUCLEAR,9,Eevee,188,Eevee,Twilight Masquerade,alt_art_SIR,Illustration Rare
NUCLEAR,9,Eevee,TG11,Eevee,Brilliant Stars Trainer Gallery,alt_art_SIR,Trainer Gallery Rare Holo
NUCLEAR,9,Eevee,2,Eevee on the Ball,Pokémon Futsal Collection,promo,
NUCLEAR,9,Eevee,SWSH230,Radiant Eevee,SWSH Black Star Promos,promo,Promo
NUCLEAR,9,Eevee,174,Eevee ex,Scarlet & Violet Promos,promo,Promo
NUCLEAR,9,Eevee,SWSH042,Eevee,SWSH Black Star Promos,promo,Promo
NUCLEAR,9,Eevee,173,Eevee,Scarlet & Violet Promos,promo,Promo
NUCLEAR,9,Eevee,SWSH175,Eevee,SWSH Black Star Promos,promo,Promo
NUCLEAR,9,Eevee,SWSH065,Eevee V,SWSH Black Star Promos,promo,Promo
NUCLEAR,9,Eevee,43,Eevee,Scarlet & Violet Black Star Promos,promo,Promo
NUCLEAR,9,Eevee,SWSH212,Eevee,SWSH Black Star Promos,promo,Promo
NUCLEAR,9,Eevee,SWSH118,Eevee,SWSH Black Star Promos,promo,Promo
NUCLEAR,9,Eevee,SWSH190,Eevee,SWSH Black Star Promos,promo,Promo
NUCLEAR,9,Eevee,SWSH095,Eevee,SWSH Black Star Promos,promo,Promo
NUCLEAR,9,Eevee,SWSH087,Eevee VMAX,SWSH Black Star Promos,promo,Promo
NUCLEAR,9,Eevee,SWSH127,Eevee,SWSH Black Star Promos,promo,Promo
NUCLEAR,9,Eevee,200,Eevee,Scarlet & Violet Promos,promo,Promo
NUCLEAR,10,Garchomp,120,Garchomp,Plasma Freeze,main,Rare Secret
NUCLEAR,10,Garchomp,232,Cynthia's Garchomp ex,Destined Rivals,main,Special Illustration Rare
NUCLEAR,10,Garchomp,97,Garchomp LV.X,Majestic Dawn,main,Rare Holo LV.X
NUCLEAR,10,Garchomp,145,Garchomp C LV.X,Supreme Victors,main,Rare Holo LV.X
NUCLEAR,10,Garchomp,247,Garchomp & Giratina-GX,Unified Minds,main,Rare Rainbow
NUCLEAR,10,Garchomp,XY168,M Garchomp-EX,XY Black Star Promos,main,Promo
NUCLEAR,10,Garchomp,SM193,Garchomp & Giratina-GX,SM Black Star Promos,main,Promo
NUCLEAR,10,Garchomp,111,Cynthia's Garchomp ex,Ascended Heroes,main,Double Rare
NUCLEAR,10,Garchomp,245,Garchomp ex,Paradox Rift,alt_art_SIR,Special Illustration Rare
NUCLEAR,10,Garchomp,241,Cynthia's Garchomp ex,Destined Rivals,alt_art_SIR,Hyper Rare
NUCLEAR,10,Garchomp,260,Garchomp ex,Paradox Rift,alt_art_SIR,Hyper Rare
NUCLEAR,10,Garchomp,178,Garchomp V,Astral Radiance,alt_art_SIR,Rare Ultra
NUCLEAR,10,Garchomp,219,Garchomp ex,Paradox Rift,alt_art_SIR,Ultra Rare
NUCLEAR,10,Garchomp,145,Garchomp C LV.X,Celebrations: Classic Collection,alt_art_SIR,Classic Collection
NUCLEAR,10,Garchomp,215,Cynthia's Garchomp ex,Destined Rivals,alt_art_SIR,Ultra Rare
NUCLEAR,10,Giratina,186,Giratina V,Lost Origin,main,Rare Ultra
NUCLEAR,10,Giratina,124,Giratina-EX,Dragons Exalted,main,Rare Ultra
NUCLEAR,10,Giratina,BW74,Giratina,BW Black Star Promos,main,Promo
NUCLEAR,10,Giratina,GG69,Giratina VSTAR,Crown Zenith Galarian Gallery,main,Rare Secret
NUCLEAR,10,Giratina,DP38,Giratina LV.X,DP Black Star Promos,main,Promo
NUCLEAR,10,Giratina,124,Giratina LV.X,Platinum,main,Rare Holo LV.X
NUCLEAR,10,Giratina,93,Giratina-EX,Ancient Origins,main,Rare Ultra
NUCLEAR,10,Giratina,10,Giratina,Platinum,main,Rare Holo
NUCLEAR,10,Giratina,247,Garchomp & Giratina-GX,Unified Minds,main,Rare Rainbow
NUCLEAR,10,Giratina,201,Giratina VSTAR,Lost Origin,alt_art_SIR,Rare Rainbow
NUCLEAR,10,Giratina,212,Giratina VSTAR,Lost Origin,alt_art_SIR,Rare Secret
NUCLEAR,10,Giratina,185,Giratina V,Lost Origin,alt_art_SIR,Rare Ultra
NUCLEAR,10,Giratina,131,Giratina VSTAR,Lost Origin,alt_art_SIR,Rare Holo VSTAR
NUCLEAR,10,Giratina,SWSH259,Giratina V,SWSH Black Star Promos,promo,Promo
NUCLEAR,10,Gible,7,Gible,POP Series 6,main,Uncommon
NUCLEAR,10,Gible,94,Gible,Legendary Treasures,main,Common
NUCLEAR,10,Gible,106,Gible,Supreme Victors,main,Common
NUCLEAR,10,Gible,85,Gible,Mysterious Treasures,main,Common
NUCLEAR,10,Gible,109,Cynthia's Gible,Ascended Heroes,main,Common
NUCLEAR,10,Gabite,89,Gabite,Dragons Exalted,main,Uncommon
NUCLEAR,10,Gabite,59,Gabite,Supreme Victors,main,Uncommon
NUCLEAR,10,Gabite,SV39,Gabite,Hidden Fates Shiny Vault,main,Rare Shiny
NUCLEAR,10,Gabite,110,Cynthia's Gabite,Ascended Heroes,main,Uncommon
NUCLEAR,11,Reshiram,173,Reshiram ex,White Flare,main,Black White Rare
NUCLEAR,11,Reshiram,222,Reshiram & Zekrom-GX,Cosmic Eclipse,main,Rare Ultra
NUCLEAR,11,Reshiram,114,Reshiram,Legendary Treasures,main,Rare Secret
NUCLEAR,11,Reshiram,259,Reshiram & Zekrom-GX,Cosmic Eclipse,main,Rare Rainbow
NUCLEAR,11,Reshiram,217,Reshiram & Charizard-GX,Unbroken Bonds,main,Rare Rainbow
NUCLEAR,11,Reshiram,RC22,Reshiram,Legendary Treasures,main,Rare Ultra
NUCLEAR,11,Reshiram,166,Reshiram ex,White Flare,alt_art_SIR,Special Illustration Rare
NUCLEAR,11,Reshiram,167,N's Reshiram,Journey Together,alt_art_SIR,Illustration Rare
NUCLEAR,11,Reshiram,113,Reshiram,Celebrations: Classic Collection,alt_art_SIR,Classic Collection
NUCLEAR,11,Reshiram,172,Reshiram V,Silver Tempest,alt_art_SIR,Rare Ultra
NUCLEAR,11,Reshiram,158,Reshiram ex,White Flare,alt_art_SIR,Ultra Rare
NUCLEAR,11,Reshiram,17,Reshiram,Shining Fates,alt_art_SIR,Amazing Rare
NUCLEAR,11,Zekrom,172,Zekrom ex,Black Bolt,main,Black White Rare
NUCLEAR,11,Zekrom,222,Reshiram & Zekrom-GX,Cosmic Eclipse,main,Rare Ultra
NUCLEAR,11,Zekrom,115,Zekrom,Legendary Treasures,main,Rare Secret
NUCLEAR,11,Zekrom,166,Zekrom ex,Black Bolt,main,Special Illustration Rare
NUCLEAR,11,Zekrom,97,Zekrom-EX,Next Destinies,main,Rare Ultra
NUCLEAR,11,Zekrom,259,Reshiram & Zekrom-GX,Cosmic Eclipse,main,Rare Rainbow
NUCLEAR,11,Zekrom,114,Zekrom,Celebrations: Classic Collection,alt_art_SIR,Classic Collection
NUCLEAR,11,Zekrom,TG05,Zekrom,Brilliant Stars Trainer Gallery,alt_art_SIR,Trainer Gallery Rare Holo
NUCLEAR,11,Zekrom,158,Zekrom ex,Black Bolt,alt_art_SIR,Ultra Rare
NUCLEAR,11,Kyurem,145,Black Kyurem-EX,Boundaries Crossed,main,Rare Ultra
NUCLEAR,11,Kyurem,146,White Kyurem-EX,Boundaries Crossed,main,Rare Ultra
NUCLEAR,11,Kyurem,96,Kyurem-EX,Next Destinies,main,Rare Ultra
NUCLEAR,11,Kyurem,21,Kyurem,Dragon Vault,main,
NUCLEAR,11,Kyurem,165,Kyurem ex,Black Bolt,main,Special Illustration Rare
NUCLEAR,11,Kyurem,197,Kyurem VMAX,Lost Origin,alt_art_SIR,Rare Rainbow
NUCLEAR,11,Kyurem,174,Kyurem V,Lost Origin,alt_art_SIR,Rare Ultra
NUCLEAR,11,Kyurem,218,Black Kyurem ex,Surging Sparks,alt_art_SIR,Ultra Rare
NUCLEAR,11,Kyurem,49,Kyurem VMAX,Lost Origin,alt_art_SIR,Rare Holo VMAX
NUCLEAR,11,Kyurem,157,Kyurem ex,Black Bolt,alt_art_SIR,Ultra Rare
NUCLEAR,11,Black Kyurem,145,Black Kyurem-EX,Boundaries Crossed,main,Rare Ultra
NUCLEAR,11,Black Kyurem,XY80,Black Kyurem,XY Black Star Promos,main,Promo
NUCLEAR,11,Black Kyurem,BW58,Black Kyurem,BW Black Star Promos,main,Promo
NUCLEAR,11,Black Kyurem,BW62,Black Kyurem-EX,BW Black Star Promos,main,Promo
NUCLEAR,11,Black Kyurem,100,Black Kyurem-EX,Legendary Treasures,main,Rare Holo EX
NUCLEAR,11,Black Kyurem,218,Black Kyurem ex,Surging Sparks,alt_art_SIR,Ultra Rare
NUCLEAR,11,White Kyurem,146,White Kyurem-EX,Boundaries Crossed,main,Rare Ultra
NUCLEAR,11,White Kyurem,74,White Kyurem-GX,Dragon Majesty,main,Rare Rainbow
NUCLEAR,11,White Kyurem,XY81,White Kyurem,XY Black Star Promos,main,Promo
NUCLEAR,11,White Kyurem,BW59,White Kyurem,BW Black Star Promos,main,Promo
NUCLEAR,12,Vaporeon,102,Vaporeon ★,Power Keepers,main,Rare Holo Star
NUCLEAR,12,Vaporeon,H31,Vaporeon,Skyridge,main,Rare Holo
NUCLEAR,12,Vaporeon,9,Dark Vaporeon,Legendary Collection,main,Rare Holo
NUCLEAR,12,Vaporeon,110,Vaporeon ex,Delta Species,main,Rare Holo EX
NUCLEAR,12,Vaporeon,149,Vaporeon ex,Prismatic Evolutions,main,Special Illustration Rare
NUCLEAR,12,Vaporeon,18,Vaporeon δ,Delta Species,main,Rare Holo
NUCLEAR,12,Vaporeon,172,Vaporeon V,Evolving Skies,alt_art_SIR,Rare Ultra
NUCLEAR,12,Vaporeon,TG02,Vaporeon,Brilliant Stars Trainer Gallery,alt_art_SIR,Trainer Gallery Rare Holo
NUCLEAR,12,Vaporeon,30,Vaporeon VMAX,Evolving Skies,alt_art_SIR,Rare Holo VMAX
NUCLEAR,12,Vaporeon,SWSH181,Vaporeon V,SWSH Black Star Promos,promo,Promo
NUCLEAR,12,Vaporeon,SWSH182,Vaporeon VMAX,SWSH Black Star Promos,promo,Promo
NUCLEAR,12,Vaporeon,SWSH072,Vaporeon,SWSH Black Star Promos,promo,Promo
NUCLEAR,12,Vaporeon,SWSH150,Vaporeon V,SWSH Black Star Promos,promo,Promo
NUCLEAR,12,Vaporeon,168,Vaporeon,Scarlet & Violet Promos,promo,Promo
NUCLEAR,12,Jolteon,101,Jolteon ★,Power Keepers,main,Rare Holo Star
NUCLEAR,12,Jolteon,7,Jolteon δ,Delta Species,main,Rare Holo
NUCLEAR,12,Jolteon,109,Jolteon ex,Delta Species,main,Rare Holo EX
NUCLEAR,12,Jolteon,4,Jolteon,Jungle,main,Rare Holo
NUCLEAR,12,Jolteon,14,Jolteon,Legendary Collection,main,Rare Holo
NUCLEAR,12,Jolteon,H12,Jolteon,Skyridge,main,Rare Holo
NUCLEAR,12,Jolteon,153,Jolteon ex,Prismatic Evolutions,alt_art_SIR,Special Illustration Rare
NUCLEAR,12,Jolteon,177,Jolteon V,Evolving Skies,alt_art_SIR,Rare Ultra
NUCLEAR,12,Jolteon,TG04,Jolteon,Brilliant Stars Trainer Gallery,alt_art_SIR,Trainer Gallery Rare Holo
NUCLEAR,12,Jolteon,51,Jolteon VMAX,Evolving Skies,alt_art_SIR,Rare Holo VMAX
NUCLEAR,12,Jolteon,SWSH183,Jolteon V,SWSH Black Star Promos,promo,Promo
NUCLEAR,12,Jolteon,SWSH184,Jolteon VMAX,SWSH Black Star Promos,promo,Promo
NUCLEAR,12,Jolteon,SWSH094,Jolteon,SWSH Black Star Promos,promo,Promo
NUCLEAR,12,Jolteon,SWSH151,Jolteon V,SWSH Black Star Promos,promo,Promo
NUCLEAR,12,Jolteon,169,Jolteon,Scarlet & Violet Promos,promo,Promo
NUCLEAR,12,Flareon,5,Flareon δ,Delta Species,main,Rare Holo
NUCLEAR,12,Flareon,100,Flareon ★,Power Keepers,main,Rare Holo Star
NUCLEAR,12,Flareon,108,Flareon ex,Delta Species,main,Rare Holo EX
NUCLEAR,12,Flareon,3,Flareon,Jungle,main,Rare Holo
NUCLEAR,12,Flareon,RC28,Flareon-EX,Generations,main,Rare Ultra
NUCLEAR,12,Flareon,146,Flareon ex,Prismatic Evolutions,main,Special Illustration Rare
NUCLEAR,12,Flareon,TG01,Flareon,Brilliant Stars Trainer Gallery,alt_art_SIR,Trainer Gallery Rare Holo
NUCLEAR,12,Flareon,169,Flareon V,Evolving Skies,alt_art_SIR,Rare Ultra
NUCLEAR,12,Flareon,18,Flareon VMAX,Evolving Skies,alt_art_SIR,Rare Holo VMAX
NUCLEAR,12,Flareon,SWSH179,Flareon V,SWSH Black Star Promos,promo,Promo
NUCLEAR,12,Flareon,SWSH180,Flareon VMAX,SWSH Black Star Promos,promo,Promo
NUCLEAR,12,Flareon,SWSH041,Flareon,SWSH Black Star Promos,promo,Promo
NUCLEAR,12,Flareon,SWSH149,Flareon V,SWSH Black Star Promos,promo,Promo
NUCLEAR,12,Flareon,167,Flareon,Scarlet & Violet Promos,promo,Promo
NUCLEAR,13,Sylveon,205,Gardevoir & Sylveon-GX,Unbroken Bonds,main,Rare Ultra
NUCLEAR,13,Sylveon,156,Sylveon ex,Prismatic Evolutions,main,Special Illustration Rare
NUCLEAR,13,Sylveon,212,Sylveon VMAX,Evolving Skies,main,Rare Rainbow
NUCLEAR,13,Sylveon,SV76,Sylveon-GX,Hidden Fates Shiny Vault,main,Rare Shiny GX
NUCLEAR,13,Sylveon,184,Sylveon V,Evolving Skies,main,Rare Ultra
NUCLEAR,13,Sylveon,158,Sylveon-GX,Guardians Rising,main,Rare Rainbow
NUCLEAR,13,Sylveon,RC32,Sylveon-EX,Generations,main,Rare Ultra
NUCLEAR,13,Sylveon,225,Gardevoir & Sylveon-GX,Unbroken Bonds,main,Rare Rainbow
NUCLEAR,13,Sylveon,TG15,Sylveon VMAX,Brilliant Stars Trainer Gallery,alt_art_SIR,Rare Holo VMAX
NUCLEAR,13,Sylveon,211,Sylveon VMAX,Evolving Skies,alt_art_SIR,Rare Rainbow
NUCLEAR,13,Sylveon,183,Sylveon V,Evolving Skies,alt_art_SIR,Rare Ultra
NUCLEAR,13,Sylveon,75,Sylveon VMAX,Evolving Skies,alt_art_SIR,Rare Holo VMAX
NUCLEAR,13,Sylveon,153,Sylveon ex,30th Celebration,alt_art_SIR,Special Illustration Rare
NUCLEAR,13,Sylveon,SWSH211,Sylveon,SWSH Black Star Promos,promo,Promo
NUCLEAR,13,Sylveon,SWSH134,Dark Sylveon V,SWSH Black Star Promos,promo,Promo
NUCLEAR,13,Sylveon,SWSH202,Sylveon V,SWSH Black Star Promos,promo,Promo
NUCLEAR,13,Sylveon,172,Sylveon,Scarlet & Violet Promos,promo,Promo
NUCLEAR,14,Espeon,16,Espeon ★,POP Series 5,main,Rare
NUCLEAR,14,Espeon,4,Dark Espeon,Neo Destiny,main,Rare Holo
NUCLEAR,14,Espeon,1,Espeon,Neo Discovery,main,Rare Holo
NUCLEAR,14,Espeon,102,Espeon ex,Unseen Forces,main,Rare Holo EX
NUCLEAR,14,Espeon,81,Espeon,HS—Undaunted,main,Rare Prime
NUCLEAR,14,Espeon,270,Espeon VMAX,Fusion Strike,main,Rare Rainbow
NUCLEAR,14,Espeon,155,Espeon ex,Prismatic Evolutions,main,Special Illustration Rare
NUCLEAR,14,Espeon,4,Espeon δ,Delta Species,main,Rare Holo
NUCLEAR,14,Espeon,180,Espeon V,Evolving Skies,alt_art_SIR,Rare Ultra
NUCLEAR,14,Espeon,179,Espeon V,Evolving Skies,alt_art_SIR,Rare Ultra
NUCLEAR,14,Espeon,65,Espeon VMAX,Evolving Skies,alt_art_SIR,Rare Holo VMAX
NUCLEAR,14,Espeon,SWSH174,Espeon,SWSH Black Star Promos,promo,Promo
NUCLEAR,14,Espeon,SWSH201,Espeon V,SWSH Black Star Promos,promo,Promo
NUCLEAR,14,Deoxys,2,Deoxys,Emerald,main,Rare Holo
NUCLEAR,14,Deoxys,111,Deoxys-EX,Plasma Freeze,main,Rare Ultra
NUCLEAR,14,Deoxys,89,Rayquaza & Deoxys LEGEND,HS—Undaunted,main,LEGEND
NUCLEAR,14,Deoxys,90,Rayquaza & Deoxys LEGEND,HS—Undaunted,main,LEGEND
NUCLEAR,14,Deoxys,2,Deoxys δ,POP Series 4,main,Rare
NUCLEAR,14,Deoxys,5,Deoxys δ,Holon Phantoms,main,Rare Holo
NUCLEAR,14,Deoxys,98,Deoxys ex,Deoxys,main,Rare Holo EX
NUCLEAR,14,Deoxys,GG45,Deoxys VMAX,Crown Zenith Galarian Gallery,alt_art_SIR,Rare Holo VMAX
NUCLEAR,14,Deoxys,GG46,Deoxys VSTAR,Crown Zenith Galarian Gallery,alt_art_SIR,Rare Holo VSTAR
NUCLEAR,14,Deoxys,GG12,Deoxys,Crown Zenith Galarian Gallery,alt_art_SIR,Trainer Gallery Rare Holo
NUCLEAR,14,Deoxys,SWSH268,Deoxys VSTAR,SWSH Black Star Promos,promo,Promo
NUCLEAR,14,Deoxys,SWSH267,Deoxys VMAX,SWSH Black Star Promos,promo,Promo
NUCLEAR,14,Deoxys,SWSH170,Deoxys,SWSH Black Star Promos,promo,Promo
NUCLEAR,14,Deoxys,SWSH266,Deoxys V,SWSH Black Star Promos,promo,Promo
NUCLEAR,15,Latias,170,Latias & Latios-GX,Team Up,main,Rare Ultra
NUCLEAR,15,Latias,105,Latias ★,Deoxys,main,Rare Holo Star
NUCLEAR,15,Latias,112,Latias-EX,Plasma Freeze,main,Rare Ultra
NUCLEAR,15,Latias,190,Latias & Latios-GX,Team Up,main,Rare Rainbow
NUCLEAR,15,Latias,93,Latias ex,Dragon,main,Rare Holo EX
NUCLEAR,15,Latias,239,Latias ex,Surging Sparks,main,Special Illustration Rare
NUCLEAR,15,Latias,181,Mega Latias ex,Mega Evolution,alt_art_SIR,Special Illustration Rare
NUCLEAR,15,Latias,GG20,Latias,Crown Zenith Galarian Gallery,alt_art_SIR,Trainer Gallery Rare Holo
NUCLEAR,15,Latias,220,Latias ex,Surging Sparks,alt_art_SIR,Ultra Rare
NUCLEAR,15,Latias,163,Mega Latias ex,Mega Evolution,alt_art_SIR,Ultra Rare
NUCLEAR,15,Latias,SWSH171,Latias,SWSH Black Star Promos,promo,Promo
NUCLEAR,15,Latias,139,Latias,Scarlet & Violet Black Star Promos,promo,Promo
NUCLEAR,15,Latios,170,Latias & Latios-GX,Team Up,main,Rare Ultra
NUCLEAR,15,Latios,106,Latios ★,Deoxys,main,Rare Holo Star
NUCLEAR,15,Latios,22,Latios δ,Holon Phantoms,main,Rare
NUCLEAR,15,Latios,96,Latios ex δ,Dragon Frontiers,main,Rare Holo EX
NUCLEAR,15,Latios,94,Latios ex,Dragon,main,Rare Holo EX
NUCLEAR,15,Latios,12,Latios δ,Holon Phantoms,main,Rare Holo
NUCLEAR,15,Latios,203,Latios,Surging Sparks,alt_art_SIR,Illustration Rare
NUCLEAR,16,Arceus,221,Arceus & Dialga & Palkia-GX,Cosmic Eclipse,main,Rare Ultra
NUCLEAR,16,Arceus,GG70,Arceus VSTAR,Crown Zenith Galarian Gallery,main,Rare Secret
NUCLEAR,16,Arceus,95,Arceus LV.X,Arceus,main,Rare Holo LV.X
NUCLEAR,16,Arceus,DP56,Arceus LV.X,DP Black Star Promos,main,Promo
NUCLEAR,16,Arceus,DP53,Arceus LV.X,DP Black Star Promos,main,Promo
NUCLEAR,16,Arceus,258,Arceus & Dialga & Palkia-GX,Cosmic Eclipse,main,Rare Rainbow
NUCLEAR,16,Arceus,XY83,Arceus,XY Black Star Promos,main,Promo
NUCLEAR,16,Arceus,123,Arceus VSTAR,30th Celebration: Classic Collection,main,Holo Rare VSTAR
NUCLEAR,16,Arceus,166,Arceus V,Brilliant Stars,alt_art_SIR,Rare Ultra
NUCLEAR,16,Arceus,184,Arceus VSTAR,Brilliant Stars,alt_art_SIR,Rare Secret
NUCLEAR,16,Arceus,176,Arceus VSTAR,Brilliant Stars,alt_art_SIR,Rare Rainbow
NUCLEAR,16,Arceus,165,Arceus V,Brilliant Stars,alt_art_SIR,Rare Ultra
NUCLEAR,16,Arceus,123,Arceus VSTAR,Brilliant Stars,alt_art_SIR,Rare Holo VSTAR
NUCLEAR,16,Arceus,SWSH204,Arceus V,SWSH Black Star Promos,promo,Promo
NUCLEAR,16,Arceus,SWSH307,Arceus VSTAR,SWSH Black Star Promos,promo,Promo
NUCLEAR,16,Arceus,SWSH306,Arceus V,SWSH Black Star Promos,promo,Promo
NUCLEAR,16,Dialga,122,Dialga-EX,Phantom Forces,main,Rare Secret
NUCLEAR,16,Dialga,221,Arceus & Dialga & Palkia-GX,Cosmic Eclipse,main,Rare Ultra
NUCLEAR,16,Dialga,99,Dialga-EX,Plasma Blast,main,Rare Ultra
NUCLEAR,16,Dialga,105,Dialga LV.X,Great Encounters,main,Rare Holo LV.X
NUCLEAR,16,Dialga,4,Dialga,Majestic Dawn,main,Rare Holo
NUCLEAR,16,Dialga,122,Dialga G LV.X,Platinum,main,Rare Holo LV.X
NUCLEAR,16,Dialga,DP17,Dialga LV.X,DP Black Star Promos,main,Promo
NUCLEAR,16,Dialga,GG68,Origin Forme Dialga VSTAR,Crown Zenith Galarian Gallery,alt_art_SIR,Rare Secret
NUCLEAR,16,Dialga,177,Origin Forme Dialga V,Astral Radiance,alt_art_SIR,Rare Ultra
NUCLEAR,16,Dialga,198,Origin Forme Dialga VSTAR,Astral Radiance,alt_art_SIR,Rare Rainbow
NUCLEAR,16,Dialga,210,Origin Forme Dialga VSTAR,Astral Radiance,alt_art_SIR,Rare Secret
NUCLEAR,16,Dialga,114,Origin Forme Dialga VSTAR,Astral Radiance,alt_art_SIR,Rare Holo VSTAR
NUCLEAR,16,Dialga,SWSH255,Origin Forme Dialga V,SWSH Black Star Promos,promo,Promo
NUCLEAR,16,Dialga,SWSH256,Origin Forme Dialga VSTAR,SWSH Black Star Promos,promo,Promo
NUCLEAR,16,Dialga,180,Dialga ex,Scarlet & Violet Promos,promo,Promo
NUCLEAR,16,Palkia,221,Arceus & Dialga & Palkia-GX,Cosmic Eclipse,main,Rare Ultra
NUCLEAR,16,Palkia,100,Palkia-EX,Plasma Blast,main,Rare Ultra
NUCLEAR,16,Palkia,106,Palkia LV.X,Great Encounters,main,Rare Holo LV.X
NUCLEAR,16,Palkia,102,Palkia & Dialga LEGEND,HS—Triumphant,main,LEGEND
NUCLEAR,16,Palkia,101,Palkia & Dialga LEGEND,HS—Triumphant,main,LEGEND
NUCLEAR,16,Palkia,20,Palkia,30th Celebration,main,Rare
NUCLEAR,16,Palkia,106,Palkia LV.X,30th Celebration: Classic Collection,main,Rare Holo LV.X
NUCLEAR,16,Palkia,GG67,Origin Forme Palkia VSTAR,Crown Zenith Galarian Gallery,alt_art_SIR,Rare Secret
NUCLEAR,16,Palkia,167,Origin Forme Palkia V,Astral Radiance,alt_art_SIR,Rare Ultra
NUCLEAR,16,Palkia,192,Origin Forme Palkia VSTAR,Astral Radiance,alt_art_SIR,Rare Rainbow
NUCLEAR,16,Palkia,208,Origin Forme Palkia VSTAR,Astral Radiance,alt_art_SIR,Rare Secret
NUCLEAR,16,Palkia,40,Origin Forme Palkia VSTAR,Astral Radiance,alt_art_SIR,Rare Holo VSTAR
NUCLEAR,16,Palkia,SWSH253,Origin Forme Palkia V,SWSH Black Star Promos,promo,Promo
NUCLEAR,16,Palkia,SWSH254,Origin Forme Palkia VSTAR,SWSH Black Star Promos,promo,Promo
NUCLEAR,17,Tyranitar,113,Shining Tyranitar,Neo Destiny,main,Rare Shining
NUCLEAR,17,Tyranitar,111,Tyranitar ex,Unseen Forces,main,Rare Holo EX
NUCLEAR,17,Tyranitar,12,Tyranitar,Neo Discovery,main,Rare Holo
NUCLEAR,17,Tyranitar,226,Mega Sableye & Tyranitar-GX,Unified Minds,main,Rare Ultra
NUCLEAR,17,Tyranitar,17,Tyranitar ex,POP Series 1,main,Rare
NUCLEAR,17,Tyranitar,16,Tyranitar δ,Delta Species,main,Rare Holo
NUCLEAR,17,Tyranitar,29,Tyranitar,Expedition Base Set,main,Rare Holo
NUCLEAR,17,Tyranitar,11,Dark Tyranitar,Neo Destiny,main,Rare Holo
NUCLEAR,17,Tyranitar,20,Dark Tyranitar,Team Rocket Returns,main,Rare
NUCLEAR,17,Tyranitar,155,Tyranitar V,Battle Styles,alt_art_SIR,Rare Ultra
NUCLEAR,17,Tyranitar,222,Tyranitar,Paldea Evolved,alt_art_SIR,Illustration Rare
NUCLEAR,17,Tyranitar,154,Tyranitar V,Battle Styles,alt_art_SIR,Rare Ultra
NUCLEAR,17,Tyranitar,211,Tyranitar ex,Obsidian Flames,alt_art_SIR,Ultra Rare
NUCLEAR,17,Tyranitar,SWSH109,Tyranitar V,SWSH Black Star Promos,promo,Promo
NUCLEAR,17,Sableye,226,Mega Sableye & Tyranitar-GX,Unified Minds,main,Rare Ultra
NUCLEAR,17,Sableye,23,Sableye,Deoxys,main,Rare
NUCLEAR,17,Sableye,10,Sableye,Sandstorm,main,Rare Holo
NUCLEAR,17,Sableye,10,Sableye,Crystal Guardians,main,Rare Holo
NUCLEAR,17,Sableye,245,Mega Sableye & Tyranitar-GX,Unified Minds,main,Rare Rainbow
NUCLEAR,17,Sableye,31,Sableye,Holon Phantoms,main,Rare
NUCLEAR,17,Sableye,194,Sableye V,Sword & Shield,alt_art_SIR,Rare Ultra
NUCLEAR,17,Sableye,184,Sableye,Paldean Fates,alt_art_SIR,Shiny Rare
NUCLEAR,17,Larvitar,63,Larvitar,Team Rocket Returns,main,Common
NUCLEAR,17,Larvitar,62,Larvitar,Team Rocket Returns,main,Common
NUCLEAR,17,Larvitar,52,Larvitar δ,Dragon Frontiers,main,Common
NUCLEAR,17,Larvitar,73,Larvitar δ,Delta Species,main,Common
NUCLEAR,17,Larvitar,203,Larvitar,Obsidian Flames,alt_art_SIR,Illustration Rare
NUCLEAR,17,Pupitar,40,Dark Pupitar,Team Rocket Returns,main,Uncommon
NUCLEAR,17,Pupitar,41,Dark Pupitar,Team Rocket Returns,main,Uncommon
NUCLEAR,17,Pupitar,51,Pupitar δ,Delta Species,main,Uncommon
NUCLEAR,17,Pupitar,70,Pupitar,Unseen Forces,main,Common
NUCLEAR,17,Pupitar,120,Pupitar,Scarlet & Violet Black Star Promos,promo,Promo
NUCLEAR,17,Houndoom,H11,Houndoom,Skyridge,main,Rare Holo
NUCLEAR,17,Houndoom,7,Dark Houndoom,Neo Destiny,main,Rare Holo
NUCLEAR,17,Houndoom,8,Houndoom,Neo Revelation,main,Rare Holo
NUCLEAR,17,Houndoom,H11,Houndoom,Aquapolis,main,Rare Holo
NUCLEAR,17,Houndoom,10,Team Magma's Houndoom,Team Magma vs Team Aqua,main,Rare Holo
NUCLEAR,17,Houndoom,82,Houndoom,HS—Undaunted,main,Rare Prime
NUCLEAR,17,Houndoom,12,Houndoom,Skyridge,main,Rare
NUCLEAR,17,Houndoom,66,Houndoom,Shrouded Fable,alt_art_SIR,Illustration Rare
NUCLEAR,17,Houndoom,179,Houndoom,Battle Styles,alt_art_SIR,Rare Secret
NUCLEAR,17,Houndoom,191,Team Rocket's Houndoom,Destined Rivals,alt_art_SIR,Illustration Rare
NUCLEAR,17,Houndoom,178,Houndoom V,Darkness Ablaze,alt_art_SIR,Rare Ultra
NUCLEAR,17,Houndoom,TG10,Houndoom,Brilliant Stars Trainer Gallery,alt_art_SIR,Trainer Gallery Rare Holo
NUCLEAR,17,Houndoom,SWSH090,Houndoom,SWSH Black Star Promos,promo,Promo
NUCLEAR,17,Houndoom,103,Houndoom ex,Scarlet & Violet Black Star Promos,promo,Promo
NUCLEAR,17,Houndour,5,Houndour,Neo Discovery,main,Rare Holo
NUCLEAR,17,Houndour,39,Houndour,Neo Discovery,main,Uncommon
NUCLEAR,17,Houndour,60,Houndour,Team Rocket Returns,main,Common
NUCLEAR,17,Houndour,87,Houndour,Aquapolis,main,Common
NUCLEAR,17,Houndour,204,Houndour,Obsidian Flames,alt_art_SIR,Illustration Rare
NUCLEAR,18,Dragonite,9,Dragonite,Expedition Base Set,main,Rare Holo
NUCLEAR,18,Dragonite,5,Dark Dragonite,Legendary Collection,main,Rare Holo
NUCLEAR,18,Dragonite,14,Light Dragonite,Neo Destiny,main,Rare Holo
NUCLEAR,18,Dragonite,90,Dragonite ex,Dragon,main,Rare Holo EX
NUCLEAR,18,Dragonite,192,Dragonite V,Evolving Skies,main,Rare Ultra
NUCLEAR,18,Dragonite,91,Dragonite ex δ,Dragon Frontiers,main,Rare Holo EX
NUCLEAR,18,Dragonite,4,Dragonite,Fossil,main,Rare Holo
NUCLEAR,18,Dragonite,3,Dragonite δ,Delta Species,main,Rare Holo
NUCLEAR,18,Dragonite,5,Dark Dragonite,Team Rocket,main,Rare Holo
NUCLEAR,18,Dragonite,81,Dragonite VSTAR,Pokémon GO,alt_art_SIR,Rare Rainbow
NUCLEAR,18,Dragonite,191,Dragonite V,Evolving Skies,alt_art_SIR,Rare Ultra
NUCLEAR,18,Dragonite,76,Dragonite V,Pokémon GO,alt_art_SIR,Rare Ultra
NUCLEAR,18,Dragonite,50,Dragonite VSTAR,Pokémon GO,alt_art_SIR,Rare Holo VSTAR
NUCLEAR,18,Dragonite,271,Mega Dragonite ex,Ascended Heroes,alt_art_SIR,MEGA_ATTACK_RARE
NUCLEAR,18,Dragonite,290,Mega Dragonite ex,Ascended Heroes,alt_art_SIR,Special Illustration Rare
NUCLEAR,18,Dragonite,295,Mega Dragonite ex,Ascended Heroes,alt_art_SIR,Mega Hyper Rare
NUCLEAR,18,Dragonite,SWSH154,Dragonite V,SWSH Black Star Promos,promo,Promo
NUCLEAR,18,Dragonite,SWSH235,Dragonite V,SWSH Black Star Promos,promo,Promo
NUCLEAR,18,Dragonite,SWSH236,Dragonite VSTAR,SWSH Black Star Promos,promo,Promo
NUCLEAR,18,Dratini,72,Dratini,Legendary Collection,main,Common
NUCLEAR,18,Dratini,53,Dratini,Team Rocket Returns,main,Common
NUCLEAR,18,Dratini,42,Erika's Dratini,Gym Heroes,main,Uncommon
NUCLEAR,18,Dratini,9,Dratini,McDonald's Collection 2018,main,
NUCLEAR,18,Dratini,150,Dratini,Ascended Heroes,main,Common
NUCLEAR,18,Dragonair,4,Erika's Dragonair,Gym Heroes,main,Rare Holo
NUCLEAR,18,Dragonair,32,Dark Dragonair,Team Rocket Returns,main,Uncommon
NUCLEAR,18,Dragonair,31,Dark Dragonair,Team Rocket Returns,main,Uncommon
NUCLEAR,18,Dragonair,38,Dark Dragonair,Legendary Collection,main,Uncommon
NUCLEAR,18,Dragonair,151,Dragonair,Ascended Heroes,main,Uncommon
NUCLEAR,18,Dragonair,181,Dragonair,151,alt_art_SIR,Illustration Rare
NUCLEAR,19,Blastoise,4,Dark Blastoise,Legendary Collection,main,Rare Holo
NUCLEAR,19,Blastoise,2,Blastoise δ,Crystal Guardians,main,Rare Holo
NUCLEAR,19,Blastoise,104,Blastoise ex,FireRed & LeafGreen,main,Rare Holo EX
NUCLEAR,19,Blastoise,3,Dark Blastoise,Team Rocket,main,Rare Holo
NUCLEAR,19,Blastoise,4,Blastoise,Expedition Base Set,main,Rare Holo
NUCLEAR,19,Blastoise,215,Blastoise & Piplup-GX,Cosmic Eclipse,main,Rare Ultra
NUCLEAR,19,Blastoise,137,Blastoise,Plasma Storm,main,Rare Secret
NUCLEAR,19,Blastoise,XY122,Blastoise-EX,XY Black Star Promos,main,Promo
NUCLEAR,19,Blastoise,2,Blastoise,Base,main,Rare Holo
NUCLEAR,19,Blastoise,200,Blastoise ex,151,alt_art_SIR,Special Illustration Rare
NUCLEAR,19,Blastoise,184,Blastoise ex,151,alt_art_SIR,Ultra Rare
NUCLEAR,19,Blastoise,2,Blastoise,Celebrations: Classic Collection,alt_art_SIR,Classic Collection
NUCLEAR,19,Blastoise,18,Radiant Blastoise,Pokémon GO,alt_art_SIR,Radiant Rare
NUCLEAR,19,Blastoise,SWSH103,Blastoise VMAX,SWSH Black Star Promos,promo,Promo
NUCLEAR,19,Blastoise,SWSH101,Blastoise V,SWSH Black Star Promos,promo,Promo
NUCLEAR,19,Piplup,215,Blastoise & Piplup-GX,Cosmic Eclipse,main,Rare Ultra
NUCLEAR,19,Piplup,253,Blastoise & Piplup-GX,Cosmic Eclipse,main,Rare Rainbow
NUCLEAR,19,Piplup,214,Blastoise & Piplup-GX,Cosmic Eclipse,main,Rare Ultra
NUCLEAR,19,Piplup,15,Piplup,POP Series 6,main,Common
NUCLEAR,19,Piplup,38,Blastoise & Piplup-GX,Cosmic Eclipse,main,Rare Holo GX
NUCLEAR,19,Piplup,98,Piplup,Phantasmal Flames,alt_art_SIR,Illustration Rare
NUCLEAR,19,Piplup,20,Piplup,McDonald's Collection 2021,promo,
NUCLEAR,19,Empoleon,117,Empoleon,Plasma Freeze,main,Rare Secret
NUCLEAR,19,Empoleon,DP11,Empoleon LV.X,DP Black Star Promos,main,Promo
NUCLEAR,19,Empoleon,2,Empoleon,Stormfront,main,Rare Holo
NUCLEAR,19,Empoleon,120,Empoleon LV.X,Diamond & Pearl,main,Rare Holo LV.X
NUCLEAR,19,Empoleon,146,Empoleon V,Battle Styles,main,Rare Ultra
NUCLEAR,19,Empoleon,4,Empoleon,Diamond & Pearl,main,Rare Holo
NUCLEAR,19,Empoleon,145,Empoleon V,Battle Styles,alt_art_SIR,Rare Ultra
NUCLEAR,19,Empoleon,114,Empoleon ex,Phantasmal Flames,alt_art_SIR,Ultra Rare
NUCLEAR,19,Empoleon,SWSH108,Empoleon V,SWSH Black Star Promos,promo,Promo
NUCLEAR,19,Starmie,H28,Starmie,Skyridge,main,Rare Holo
NUCLEAR,19,Starmie,5,Starmie,Pokémon Rumble,main,
NUCLEAR,19,Starmie,TG13,Starmie V,Astral Radiance Trainer Gallery,main,Rare Holo V
NUCLEAR,19,Starmie,21,Mega Starmie ex,Perfect Order,main,Double Rare
NUCLEAR,19,Starmie,102,Mega Starmie ex,Perfect Order,main,Ultra Rare
NUCLEAR,19,Starmie,119,Starmie,Paldean Fates,alt_art_SIR,Shiny Rare
NUCLEAR,19,Starmie,166,Starmie V,Astral Radiance,alt_art_SIR,Rare Ultra
NUCLEAR,19,Starmie,118,Mega Starmie ex,Perfect Order,alt_art_SIR,Special Illustration Rare
NUCLEAR,19,Squirtle,95,Squirtle,Legendary Collection,main,Common
NUCLEAR,19,Squirtle,46,Squirtle,Team Magma vs Team Aqua,main,Common
NUCLEAR,19,Squirtle,132,Squirtle,Expedition Base Set,main,Common
NUCLEAR,19,Squirtle,83,Squirtle,FireRed & LeafGreen,main,Common
NUCLEAR,19,Squirtle,82,Squirtle,FireRed & LeafGreen,main,Common
NUCLEAR,19,Squirtle,64,Squirtle,Crystal Guardians,main,Common
NUCLEAR,19,Squirtle,148,Squirtle,Stellar Crown,alt_art_SIR,Illustration Rare
NUCLEAR,19,Squirtle,170,Squirtle,151,alt_art_SIR,Illustration Rare
NUCLEAR,19,Squirtle,SWSH233,Squirtle,SWSH Black Star Promos,promo,Promo
NUCLEAR,19,Squirtle,17,Squirtle,McDonald's Collection 2021,promo,
NUCLEAR,19,Squirtle,48,Squirtle,Scarlet & Violet Black Star Promos,promo,Promo
NUCLEAR,19,Wartortle,39,Dark Wartortle,Legendary Collection,main,Uncommon
NUCLEAR,19,Wartortle,92,Wartortle,Expedition Base Set,main,Uncommon
NUCLEAR,19,Wartortle,15,Wartortle,Southern Islands,main,
NUCLEAR,19,Wartortle,42,Wartortle,Crystal Guardians,main,Uncommon
NUCLEAR,19,Wartortle,171,Wartortle,151,main,Illustration Rare
NUCLEAR,19,Prinplup,58,Prinplup,Diamond & Pearl,main,Uncommon
NUCLEAR,19,Prinplup,59,Prinplup,Platinum,main,Uncommon
NUCLEAR,19,Prinplup,44,Prinplup,Majestic Dawn,main,Uncommon
NUCLEAR,19,Prinplup,28,Prinplup,Dark Explorers,main,Uncommon
NUCLEAR,19,Staryu,104,Staryu,Skyridge,main,Common
NUCLEAR,19,Staryu,103,Staryu,Skyridge,main,Common
NUCLEAR,19,Staryu,4,Staryu,McDonald's Collection 2015,main,
NUCLEAR,19,Staryu,20,Staryu,Perfect Order,main,Common
NUCLEAR,19,Staryu,118,Staryu,Paldean Fates,alt_art_SIR,Shiny Rare
NUCLEAR,19,Poliwag,87,Poliwag,Skyridge,main,Common
NUCLEAR,19,Poliwag,75,Poliwag,FireRed & LeafGreen,main,Common
NUCLEAR,19,Poliwag,125,Poliwag,Expedition Base Set,main,Common
NUCLEAR,19,Poliwhirl,88,Poliwhirl,Skyridge,main,Common
NUCLEAR,19,Poliwhirl,89,Poliwhirl,Expedition Base Set,main,Uncommon
NUCLEAR,19,Poliwhirl,68,Poliwhirl,Unseen Forces,main,Common
NUCLEAR,19,Poliwhirl,46,Poliwhirl,FireRed & LeafGreen,main,Uncommon
NUCLEAR,19,Poliwhirl,176,Poliwhirl,151,alt_art_SIR,Illustration Rare
NUCLEAR,19,Poliwrath,H24,Poliwrath,Skyridge,main,Rare Holo
NUCLEAR,19,Poliwrath,11,Poliwrath,Unseen Forces,main,Rare Holo
NUCLEAR,19,Poliwrath,31,Misty's Poliwrath,Gym Heroes,main,Rare
NUCLEAR,19,Poliwrath,26,Poliwrath,Skyridge,main,Rare
NUCLEAR,19,Poliwrath,28,Poliwrath,Neo Discovery,main,Rare
NUCLEAR,19,Politoed,H23,Politoed,Skyridge,main,Rare Holo
NUCLEAR,19,Politoed,107,Politoed ex,Unseen Forces,main,Rare Holo EX
NUCLEAR,19,Politoed,8,Politoed,Neo Discovery,main,Rare Holo
NUCLEAR,19,Politoed,25,Politoed,Skyridge,main,Rare
NUCLEAR,19,Politoed,12,Politoed,Legends Awakened,main,Rare Holo
NUCLEAR,20,Groudon,111,Groudon ★,Delta Species,main,Rare Holo Star
NUCLEAR,20,Groudon,15,Team Magma's Groudon-EX,Double Crisis,main,Rare Ultra
NUCLEAR,20,Groudon,106,Groudon-EX,Dark Explorers,main,Rare Ultra
NUCLEAR,20,Groudon,9,Team Magma's Groudon,Team Magma vs Team Aqua,main,Rare Holo
NUCLEAR,20,Groudon,97,Primal Groudon-EX,Ancient Origins,main,Rare Secret
NUCLEAR,20,Groudon,93,Groudon ex,Hidden Legends,main,Rare Holo EX
NUCLEAR,20,Groudon,88,Kyogre & Groudon LEGEND,HS—Undaunted,main,LEGEND
NUCLEAR,20,Groudon,199,Groudon,Paradox Rift,alt_art_SIR,Illustration Rare
NUCLEAR,20,Groudon,9,Team Magma's Groudon,Celebrations: Classic Collection,alt_art_SIR,Classic Collection
NUCLEAR,20,Kyogre,112,Kyogre ★,Delta Species,main,Rare Holo Star
NUCLEAR,20,Kyogre,6,Team Aqua's Kyogre-EX,Double Crisis,main,Rare Ultra
NUCLEAR,20,Kyogre,96,Primal Kyogre-EX,Ancient Origins,main,Rare Secret
NUCLEAR,20,Kyogre,3,Team Aqua's Kyogre,Team Magma vs Team Aqua,main,Rare Holo
NUCLEAR,20,Kyogre,149,Primal Kyogre-EX,Primal Clash,main,Rare Ultra
NUCLEAR,20,Kyogre,95,Kyogre ex,Crystal Guardians,main,Rare Holo EX
NUCLEAR,20,Kyogre,104,Kyogre-EX,Dark Explorers,main,Rare Ultra
NUCLEAR,20,Kyogre,21,Kyogre,Shining Fates,alt_art_SIR,Amazing Rare
NUCLEAR,20,Kyogre,178,Kyogre ex,Scarlet & Violet Promos,promo,Promo
OBSIDIAN,1,Charmander,70,Charmander,Legendary Collection,main,Common
OBSIDIAN,1,Charmander,113,Charmander,FireRed & LeafGreen,main,Rare Secret
OBSIDIAN,1,Charmander,98,Charmander,Dragon,main,Rare Secret
OBSIDIAN,1,Charmander,98,Charmander,Expedition Base Set,main,Common
OBSIDIAN,1,Charmander,101,Charmander,Stormfront,main,Rare Secret
OBSIDIAN,1,Charmander,58,Charmander,FireRed & LeafGreen,main,Common
OBSIDIAN,1,Charmander,168,Charmander,151,alt_art_SIR,Illustration Rare
OBSIDIAN,1,Charmander,109,Charmander,Paldean Fates,alt_art_SIR,Shiny Rare
OBSIDIAN,1,Charmander,44,Charmander,Scarlet & Violet Black Star Promos,promo,Promo
OBSIDIAN,1,Charmander,SWSH232,Charmander,SWSH Black Star Promos,promo,Promo
OBSIDIAN,1,Charmander,9,Charmander,McDonald's Collection 2021,promo,
OBSIDIAN,1,Charmander,SWSH092,Charmander,SWSH Black Star Promos,promo,Promo
OBSIDIAN,1,Charmander,47,Charmander,Scarlet & Violet Black Star Promos,promo,Promo
OBSIDIAN,1,Charmeleon,37,Charmeleon,Legendary Collection,main,Uncommon
OBSIDIAN,1,Charmeleon,73,Charmeleon,Expedition Base Set,main,Uncommon
OBSIDIAN,1,Charmeleon,99,Charmeleon,Dragon,main,Rare Secret
OBSIDIAN,1,Charmeleon,110,Charmeleon,Team Rocket Returns,main,Rare Secret
OBSIDIAN,1,Charmeleon,102,Charmeleon,Stormfront,main,Rare Secret
OBSIDIAN,1,Charmeleon,169,Charmeleon,151,alt_art_SIR,Illustration Rare
OBSIDIAN,1,Charmeleon,110,Charmeleon,Paldean Fates,alt_art_SIR,Shiny Rare
OBSIDIAN,1,Charizard,4,Charizard δ,Crystal Guardians,main,Rare Holo
OBSIDIAN,1,Charizard,136,Charizard,Plasma Storm,main,Rare Secret
OBSIDIAN,1,Charizard,2,Blaine's Charizard,Gym Challenge,main,Rare Holo
OBSIDIAN,1,Charizard,4,Charizard,Base,main,Rare Holo
OBSIDIAN,1,Charizard,150,Charizard-GX,Burning Shadows,main,Rare Rainbow
OBSIDIAN,1,Charizard,SV49,Charizard-GX,Hidden Fates Shiny Vault,main,Rare Shiny GX
OBSIDIAN,1,Charizard,103,Charizard,Stormfront,main,Rare Secret
OBSIDIAN,1,Charizard,125,Mega Charizard X ex,Phantasmal Flames,main,Special Illustration Rare
OBSIDIAN,1,Charizard,SWSH066,Charizard,SWSH Black Star Promos,main,Promo
OBSIDIAN,1,Charizard,4,Charizard,Base Set 2,main,Rare Holo
OBSIDIAN,1,Charizard,105,Charizard ex,FireRed & LeafGreen,main,Rare Holo EX
OBSIDIAN,1,Charizard,100,Charizard,Dragon,main,Rare Secret
OBSIDIAN,1,Charizard,143,Charizard G LV.X,Supreme Victors,main,Rare Holo LV.X
OBSIDIAN,1,Charizard,40,Charizard,Expedition Base Set,main,Rare
OBSIDIAN,1,Charizard,199,Charizard ex,151,alt_art_SIR,Special Illustration Rare
OBSIDIAN,1,Charizard,154,Charizard V,Brilliant Stars,alt_art_SIR,Rare Ultra
OBSIDIAN,1,Charizard,234,Charizard ex,Paldean Fates,alt_art_SIR,Special Illustration Rare
OBSIDIAN,1,Charizard,79,Charizard V,Champion's Path,alt_art_SIR,Rare Secret
OBSIDIAN,1,Charizard,130,Mega Charizard X ex,Phantasmal Flames,alt_art_SIR,Mega Hyper Rare
OBSIDIAN,1,Charizard,74,Charizard VMAX,Champion's Path,alt_art_SIR,Rare Rainbow
OBSIDIAN,1,Charizard,4,Charizard,Celebrations: Classic Collection,alt_art_SIR,Classic Collection
OBSIDIAN,1,Charizard,SV107,Charizard VMAX,Shining Fates Shiny Vault,alt_art_SIR,Rare Holo VMAX
OBSIDIAN,1,Charizard,223,Charizard ex,Obsidian Flames,alt_art_SIR,Special Illustration Rare
OBSIDIAN,1,Charizard,174,Charizard VSTAR,Brilliant Stars,alt_art_SIR,Rare Rainbow
OBSIDIAN,1,Charizard,20,Charizard VMAX,Darkness Ablaze,alt_art_SIR,Rare Holo VMAX
OBSIDIAN,1,Charizard,183,Charizard ex,151,alt_art_SIR,Ultra Rare
OBSIDIAN,1,Charizard,153,Charizard V,Brilliant Stars,alt_art_SIR,Rare Ultra
OBSIDIAN,1,Charizard,228,Charizard ex,Obsidian Flames,alt_art_SIR,Hyper Rare
OBSIDIAN,1,Charizard,TG03,Charizard,Lost Origin Trainer Gallery,alt_art_SIR,Trainer Gallery Rare Holo
OBSIDIAN,1,Charizard,215,Charizard ex,Obsidian Flames,alt_art_SIR,Ultra Rare
OBSIDIAN,1,Charizard,109,Mega Charizard X ex,Phantasmal Flames,alt_art_SIR,Ultra Rare
OBSIDIAN,1,Charizard,11,Radiant Charizard,Pokémon GO,alt_art_SIR,Radiant Rare
OBSIDIAN,1,Charizard,18,Charizard VSTAR,Brilliant Stars,alt_art_SIR,Rare Holo VSTAR
OBSIDIAN,1,Charizard,19,Charizard VSTAR,Crown Zenith,alt_art_SIR,Rare Holo VSTAR
OBSIDIAN,1,Charizard,20,Radiant Charizard,Crown Zenith,alt_art_SIR,Radiant Rare
OBSIDIAN,1,Charizard,294,Mega Charizard Y ex,Ascended Heroes,alt_art_SIR,Mega Hyper Rare
OBSIDIAN,1,Charizard,SWSH075,Special Delivery Charizard,SWSH Black Star Promos,promo,Promo
OBSIDIAN,1,Charizard,SWSH262,Charizard VSTAR,SWSH Black Star Promos,promo,Promo
OBSIDIAN,1,Charizard,SWSH260,Charizard V,SWSH Black Star Promos,promo,Promo
OBSIDIAN,1,Charizard,SWSH261,Charizard VMAX,SWSH Black Star Promos,promo,Promo
OBSIDIAN,1,Charizard,74,Charizard ex,Scarlet & Violet Black Star Promos,promo,Promo
OBSIDIAN,1,Charizard,56,Charizard ex,Scarlet & Violet Black Star Promos,promo,Promo
OBSIDIAN,1,Charizard,SWSH050,Charizard V,SWSH Black Star Promos,promo,Promo
OBSIDIAN,1,Charizard,SWSH133,Lance's Charizard V,SWSH Black Star Promos,promo,Promo
OBSIDIAN,1,Charizard,161,Charizard ex,Scarlet & Violet Black Star Promos,promo,Promo
OBSIDIAN,1,Charizard,196,Charizard ex,Scarlet & Violet Promos,promo,Promo
OBSIDIAN,2,Pikachu,86,Pikachu,Legendary Collection,main,Common
OBSIDIAN,2,Pikachu,85,Pikachu with Grey Felt Hat,Scarlet & Violet Black Star Promos,main,Promo
OBSIDIAN,2,Pikachu,104,Pikachu ★,Holon Phantoms,main,Rare Holo Star
OBSIDIAN,2,Pikachu,7,Pikachu,Pokémon Rumble,main,
OBSIDIAN,2,Pikachu,60,Pikachu,Emerald,main,Common
OBSIDIAN,2,Pikachu,XY124,Pikachu-EX,XY Black Star Promos,main,Promo
OBSIDIAN,2,Pikachu,24,_____'s Pikachu,Wizards Black Star Promos,main,Promo
OBSIDIAN,2,Pikachu,SWSH074,Special Delivery Pikachu,SWSH Black Star Promos,main,Promo
OBSIDIAN,2,Pikachu,12,Pikachu,POP Series 5,main,Common
OBSIDIAN,2,Pikachu,114,Surfing Pikachu,Rising Rivals,main,Rare Secret
OBSIDIAN,2,Pikachu,13,Pikachu,POP Series 4,main,Common
OBSIDIAN,2,Pikachu,112,Pikachu,Rising Rivals,main,Rare Secret
OBSIDIAN,2,Pikachu,238,Pikachu ex,Surging Sparks,main,Special Illustration Rare
OBSIDIAN,2,Pikachu,35,Pikachu δ,Nintendo Black Star Promos,main,Promo
OBSIDIAN,2,Pikachu,188,Pikachu VMAX,Vivid Voltage,alt_art_SIR,Rare Rainbow
OBSIDIAN,2,Pikachu,TG17,Pikachu VMAX,Lost Origin Trainer Gallery,alt_art_SIR,Rare Holo VMAX
OBSIDIAN,2,Pikachu,247,Pikachu ex,Surging Sparks,alt_art_SIR,Hyper Rare
OBSIDIAN,2,Pikachu,173,Pikachu,151,alt_art_SIR,Illustration Rare
OBSIDIAN,2,Pikachu,131,Pikachu,Paldean Fates,alt_art_SIR,Shiny Rare
OBSIDIAN,2,Pikachu,179,Pikachu ex,Prismatic Evolutions,alt_art_SIR,Hyper Rare
OBSIDIAN,2,Pikachu,160,Pikachu,Crown Zenith,alt_art_SIR,Rare Secret
OBSIDIAN,2,Pikachu,170,Pikachu V,Vivid Voltage,alt_art_SIR,Rare Ultra
OBSIDIAN,2,Pikachu,TG05,Pikachu,Lost Origin Trainer Gallery,alt_art_SIR,Trainer Gallery Rare Holo
OBSIDIAN,2,Pikachu,GG30,Pikachu,Crown Zenith Galarian Gallery,alt_art_SIR,Trainer Gallery Rare Holo
OBSIDIAN,2,Pikachu,219,Pikachu ex,Surging Sparks,alt_art_SIR,Ultra Rare
OBSIDIAN,2,Pikachu,24,_____'s Pikachu,Celebrations: Classic Collection,alt_art_SIR,Classic Collection
OBSIDIAN,2,Pikachu,157,Pikachu V,Brilliant Stars,alt_art_SIR,Rare Ultra
OBSIDIAN,2,Pikachu,TG29,Pikachu VMAX,Lost Origin Trainer Gallery,alt_art_SIR,Rare Secret
OBSIDIAN,2,Pikachu,44,Pikachu VMAX,Vivid Voltage,alt_art_SIR,Rare Holo VMAX
OBSIDIAN,2,Pikachu,9,Surfing Pikachu VMAX,Celebrations,alt_art_SIR,Rare Holo VMAX
OBSIDIAN,2,Pikachu,7,Flying Pikachu VMAX,Celebrations,alt_art_SIR,Rare Holo VMAX
OBSIDIAN,2,Pikachu,276,Pikachu ex,Ascended Heroes,alt_art_SIR,Special Illustration Rare
OBSIDIAN,2,Pikachu,277,Pikachu ex,Ascended Heroes,alt_art_SIR,Special Illustration Rare
OBSIDIAN,2,Pikachu,23,Pikachu,30th Celebration,alt_art_SIR,Pikachu Rare
OBSIDIAN,2,Pikachu,24,Pikachu,30th Celebration,alt_art_SIR,Pikachu Rare
OBSIDIAN,2,Pikachu,25,Pikachu,30th Celebration,alt_art_SIR,Pikachu Rare
OBSIDIAN,2,Pikachu,26,Pikachu,30th Celebration,alt_art_SIR,Pikachu Rare
OBSIDIAN,2,Pikachu,27,Pikachu,30th Celebration,alt_art_SIR,Pikachu Rare
OBSIDIAN,2,Pikachu,28,Pikachu,30th Celebration,alt_art_SIR,Pikachu Rare
OBSIDIAN,2,Pikachu,29,Pikachu,30th Celebration,alt_art_SIR,Pikachu Rare
OBSIDIAN,2,Pikachu,30,Pikachu,30th Celebration,alt_art_SIR,Pikachu Rare
OBSIDIAN,2,Pikachu,31,Pikachu,30th Celebration,alt_art_SIR,Pikachu Rare
OBSIDIAN,2,Pikachu,32,Pikachu,30th Celebration,alt_art_SIR,Pikachu Rare
OBSIDIAN,2,Pikachu,33,Pikachu,30th Celebration,alt_art_SIR,Pikachu Rare
OBSIDIAN,2,Pikachu,34,Pikachu,30th Celebration,alt_art_SIR,Pikachu Rare
OBSIDIAN,2,Pikachu,35,Pikachu,30th Celebration,alt_art_SIR,Pikachu Rare
OBSIDIAN,2,Pikachu,36,Pikachu,30th Celebration,alt_art_SIR,Pikachu Rare
OBSIDIAN,2,Pikachu,37,Pikachu,30th Celebration,alt_art_SIR,Pikachu Rare
OBSIDIAN,2,Pikachu,38,Pikachu,30th Celebration,alt_art_SIR,Pikachu Rare
OBSIDIAN,2,Pikachu,39,Pikachu,30th Celebration,alt_art_SIR,Pikachu Rare
OBSIDIAN,2,Pikachu,40,Pikachu,30th Celebration,alt_art_SIR,Pikachu Rare
OBSIDIAN,2,Pikachu,41,Pikachu,30th Celebration,alt_art_SIR,Pikachu Rare
OBSIDIAN,2,Pikachu,42,Pikachu,30th Celebration,alt_art_SIR,Pikachu Rare
OBSIDIAN,2,Pikachu,43,Pikachu,30th Celebration,alt_art_SIR,Pikachu Rare
OBSIDIAN,2,Pikachu,44,Pikachu,30th Celebration,alt_art_SIR,Pikachu Rare
OBSIDIAN,2,Pikachu,45,Pikachu,30th Celebration,alt_art_SIR,Pikachu Rare
OBSIDIAN,2,Pikachu,46,Pikachu,30th Celebration,alt_art_SIR,Pikachu Rare
OBSIDIAN,2,Pikachu,47,Pikachu,30th Celebration,alt_art_SIR,Pikachu Rare
OBSIDIAN,2,Pikachu,48,Pikachu,30th Celebration,alt_art_SIR,Pikachu Rare
OBSIDIAN,2,Pikachu,49,Pikachu,30th Celebration,alt_art_SIR,Pikachu Rare
OBSIDIAN,2,Pikachu,50,Pikachu,30th Celebration,alt_art_SIR,Pikachu Rare
OBSIDIAN,2,Pikachu,51,Pikachu,30th Celebration,alt_art_SIR,Pikachu Rare
OBSIDIAN,2,Pikachu,52,Pikachu,30th Celebration,alt_art_SIR,Pikachu Rare
OBSIDIAN,2,Pikachu,149,Pikachu ex,30th Celebration,alt_art_SIR,Special Illustration Rare
OBSIDIAN,2,Pikachu,150,Pikachu ex,30th Celebration,alt_art_SIR,Special Illustration Rare
OBSIDIAN,2,Pikachu,SWSH145,Pikachu V,SWSH Black Star Promos,promo,Promo
OBSIDIAN,2,Pikachu,SWSH020,Pikachu,SWSH Black Star Promos,promo,Promo
OBSIDIAN,2,Pikachu,1,Pikachu on the Ball,Pokémon Futsal Collection,promo,
OBSIDIAN,2,Pikachu,SWSH153,Pikachu,SWSH Black Star Promos,promo,Promo
OBSIDIAN,2,Pikachu,101,Pikachu,Scarlet & Violet Black Star Promos,promo,Promo
OBSIDIAN,2,Pikachu,25,Pikachu,McDonald's Collection 2021,promo,
OBSIDIAN,2,Pikachu,88,Pikachu,Scarlet & Violet Black Star Promos,promo,Promo
OBSIDIAN,2,Pikachu,27,Pikachu,Scarlet & Violet Black Star Promos,promo,Promo
OBSIDIAN,2,Pikachu,SWSH062,Pikachu VMAX,SWSH Black Star Promos,promo,Promo
OBSIDIAN,2,Pikachu,SWSH143,Pikachu V,SWSH Black Star Promos,promo,Promo
OBSIDIAN,2,Pikachu,SWSH039,Pikachu,SWSH Black Star Promos,promo,Promo
OBSIDIAN,2,Pikachu,SWSH141,Pikachu V-UNION,SWSH Black Star Promos,promo,Promo
OBSIDIAN,2,Pikachu,SWSH142,Pikachu V-UNION,SWSH Black Star Promos,promo,Promo
OBSIDIAN,2,Pikachu,7,Pikachu,McDonald's Collection 2022,promo,
OBSIDIAN,2,Pikachu,SWSH286,Pikachu VMAX,SWSH Black Star Promos,promo,Promo
OBSIDIAN,2,Pikachu,SWSH139,Pikachu V-UNION,SWSH Black Star Promos,promo,Promo
OBSIDIAN,2,Pikachu,SWSH063,Pikachu V,SWSH Black Star Promos,promo,Promo
OBSIDIAN,2,Pikachu,SWSH140,Pikachu V-UNION,SWSH Black Star Promos,promo,Promo
OBSIDIAN,2,Pikachu,SWSH234,Pikachu,SWSH Black Star Promos,promo,Promo
OBSIDIAN,2,Pikachu,SWSH285,Pikachu V,SWSH Black Star Promos,promo,Promo
OBSIDIAN,2,Pikachu,SWSH198,Pikachu V,SWSH Black Star Promos,promo,Promo
OBSIDIAN,2,Pikachu,SWSH061,Pikachu V,SWSH Black Star Promos,promo,Promo
OBSIDIAN,2,Pikachu,106,Pikachu ex,Scarlet & Violet Black Star Promos,promo,Promo
OBSIDIAN,2,Pichu,12,Pichu,Neo Genesis,main,Rare Holo
OBSIDIAN,2,Pichu,22,Pichu,Expedition Base Set,main,Rare Holo
OBSIDIAN,2,Pichu,59,Pichu,Emerald,main,Common
OBSIDIAN,2,Pichu,16,Pichu Bros.,POP Series 3,main,Common
OBSIDIAN,2,Pichu,58,Pichu,Expedition Base Set,main,Rare
OBSIDIAN,2,Raichu,111,Shining Raichu,Neo Destiny,main,Rare Shining
OBSIDIAN,2,Raichu,12,Raichu,FireRed & LeafGreen,main,Rare Holo
OBSIDIAN,2,Raichu,15,Raichu δ,Holon Phantoms,main,Rare Holo
OBSIDIAN,2,Raichu,11,Lt. Surge's Raichu,Gym Challenge,main,Rare Holo
OBSIDIAN,2,Raichu,7,Dark Raichu,Legendary Collection,main,Rare Holo
OBSIDIAN,2,Raichu,221,Raichu & Alolan Raichu-GX,Unified Minds,main,Rare Ultra
OBSIDIAN,2,Raichu,211,Raichu,Paldea Evolved,alt_art_SIR,Illustration Rare
OBSIDIAN,2,Raichu,132,Raichu,Paldean Fates,alt_art_SIR,Shiny Rare
OBSIDIAN,2,Raichu,158,Raichu V,Brilliant Stars,alt_art_SIR,Rare Ultra
OBSIDIAN,2,Alolan Raichu,221,Raichu & Alolan Raichu-GX,Unified Minds,main,Rare Ultra
OBSIDIAN,2,Alolan Raichu,241,Raichu & Alolan Raichu-GX,Unified Minds,main,Rare Rainbow
OBSIDIAN,2,Alolan Raichu,220,Raichu & Alolan Raichu-GX,Unified Minds,main,Rare Ultra
OBSIDIAN,2,Alolan Raichu,SM72,Alolan Raichu,SM Black Star Promos,main,Promo
OBSIDIAN,2,Alolan Raichu,54,Raichu & Alolan Raichu-GX,Unified Minds,main,Rare Holo GX
OBSIDIAN,3,Umbreon,161,Umbreon ex,Prismatic Evolutions,main,Special Illustration Rare
OBSIDIAN,3,Umbreon,H29,Umbreon,Aquapolis,main,Rare Holo
OBSIDIAN,3,Umbreon,17,Umbreon δ,Delta Species,main,Rare Holo
OBSIDIAN,3,Umbreon,13,Umbreon,Neo Discovery,main,Rare Holo
OBSIDIAN,3,Umbreon,86,Umbreon,HS—Undaunted,main,Rare Prime
OBSIDIAN,3,Umbreon,112,Umbreon ex,Unseen Forces,main,Rare Holo EX
OBSIDIAN,3,Umbreon,32,Umbreon,Neo Discovery,main,Rare
OBSIDIAN,3,Umbreon,189,Umbreon V,Evolving Skies,main,Rare Ultra
OBSIDIAN,3,Umbreon,32,Umbreon,Skyridge,main,Rare
OBSIDIAN,3,Umbreon,SV69,Umbreon-GX,Hidden Fates Shiny Vault,main,Rare Shiny GX
OBSIDIAN,3,Umbreon,41,Umbreon,Aquapolis,main,Rare
OBSIDIAN,3,Umbreon,SM241,Umbreon & Darkrai-GX,SM Black Star Promos,main,Promo
OBSIDIAN,3,Umbreon,215,Umbreon VMAX,Evolving Skies,alt_art_SIR,Rare Rainbow
OBSIDIAN,3,Umbreon,TG23,Umbreon VMAX,Brilliant Stars Trainer Gallery,alt_art_SIR,Rare Holo VMAX
OBSIDIAN,3,Umbreon,17,Umbreon ★,Celebrations: Classic Collection,alt_art_SIR,Classic Collection
OBSIDIAN,3,Umbreon,214,Umbreon VMAX,Evolving Skies,alt_art_SIR,Rare Rainbow
OBSIDIAN,3,Umbreon,188,Umbreon V,Evolving Skies,alt_art_SIR,Rare Ultra
OBSIDIAN,3,Umbreon,95,Umbreon VMAX,Evolving Skies,alt_art_SIR,Rare Holo VMAX
OBSIDIAN,3,Umbreon,SWSH129,Umbreon,SWSH Black Star Promos,promo,Promo
OBSIDIAN,3,Umbreon,SWSH203,Umbreon V,SWSH Black Star Promos,promo,Promo
OBSIDIAN,4,Rayquaza,98,M Rayquaza-EX,Ancient Origins,main,Rare Secret
OBSIDIAN,4,Rayquaza,20,Rayquaza,Call of Legends,main,Rare Holo
OBSIDIAN,4,Rayquaza,102,Rayquaza ex,Deoxys,main,Rare Holo EX
OBSIDIAN,4,Rayquaza,9,Rayquaza,Emerald,main,Rare Holo
OBSIDIAN,4,Rayquaza,SL10,Rayquaza,Call of Legends,main,Rare Holo
OBSIDIAN,4,Rayquaza,89,Rayquaza & Deoxys LEGEND,HS—Undaunted,main,LEGEND
OBSIDIAN,4,Rayquaza,39,Rayquaza ex,Nintendo Black Star Promos,main,Promo
OBSIDIAN,4,Rayquaza,14,Rayquaza,Legends Awakened,main,Rare Holo
OBSIDIAN,4,Rayquaza,105,M Rayquaza-EX,Roaring Skies,main,Rare Ultra
OBSIDIAN,4,Rayquaza,194,Rayquaza V,Evolving Skies,main,Rare Ultra
OBSIDIAN,4,Rayquaza,DP47,Rayquaza C LV.X,DP Black Star Promos,main,Promo
OBSIDIAN,4,Rayquaza,218,Rayquaza VMAX,Evolving Skies,alt_art_SIR,Rare Rainbow
OBSIDIAN,4,Rayquaza,TG20,Rayquaza VMAX,Silver Tempest Trainer Gallery,alt_art_SIR,Rare Holo VMAX
OBSIDIAN,4,Rayquaza,217,Rayquaza VMAX,Evolving Skies,alt_art_SIR,Rare Rainbow
OBSIDIAN,4,Rayquaza,193,Rayquaza V,Evolving Skies,alt_art_SIR,Rare Ultra
OBSIDIAN,4,Rayquaza,76,M Rayquaza-EX,Celebrations: Classic Collection,alt_art_SIR,Classic Collection
OBSIDIAN,4,Rayquaza,TG29,Rayquaza VMAX,Silver Tempest Trainer Gallery,alt_art_SIR,Rare Secret
OBSIDIAN,4,Rayquaza,138,Rayquaza,Vivid Voltage,alt_art_SIR,Amazing Rare
OBSIDIAN,4,Rayquaza,111,Rayquaza VMAX,Evolving Skies,alt_art_SIR,Rare Holo VMAX
OBSIDIAN,4,Rayquaza,102,Rayquaza VMAX,Crown Zenith,alt_art_SIR,Rare Holo VMAX
OBSIDIAN,4,Rayquaza,101,Rayquaza VMAX,Crown Zenith,alt_art_SIR,Rare Holo VMAX
OBSIDIAN,4,Rayquaza,SWSH147,Rayquaza V,SWSH Black Star Promos,promo,Promo
OBSIDIAN,4,Rayquaza,SWSH029,Rayquaza,SWSH Black Star Promos,promo,Promo
OBSIDIAN,5,Mew,19,Mew,Expedition Base Set,main,Rare Holo
OBSIDIAN,5,Mew,101,Mew ★ δ,Dragon Frontiers,main,Rare Holo Star
OBSIDIAN,5,Mew,232,Mew ex,Paldean Fates,main,Special Illustration Rare
OBSIDIAN,5,Mew,1,Mew,Southern Islands,main,
OBSIDIAN,5,Mew,97,Mew,HS—Triumphant,main,Rare Prime
OBSIDIAN,5,Mew,100,Mew ex,Holon Phantoms,main,Rare Holo EX
OBSIDIAN,5,Mew,3,Mew δ,POP Series 5,main,Rare
OBSIDIAN,5,Mew,BW98,Mew,BW Black Star Promos,main,Promo
OBSIDIAN,5,Mew,10,Mew,Legend Maker,main,Rare Holo
OBSIDIAN,5,Mew,120,Mew-EX,Dragons Exalted,main,Rare Ultra
OBSIDIAN,5,Mew,242,Mewtwo & Mew-GX,Unified Minds,main,Rare Rainbow
OBSIDIAN,5,Mew,10,Mew,Pokémon Rumble,main,
OBSIDIAN,5,Mew,269,Mew VMAX,Fusion Strike,alt_art_SIR,Rare Rainbow
OBSIDIAN,5,Mew,251,Mew V,Fusion Strike,alt_art_SIR,Rare Ultra
OBSIDIAN,5,Mew,268,Mew VMAX,Fusion Strike,alt_art_SIR,Rare Rainbow
OBSIDIAN,5,Mew,GG10,Mew,Crown Zenith Galarian Gallery,alt_art_SIR,Trainer Gallery Rare Holo
OBSIDIAN,5,Mew,216,Mew ex,Paldean Fates,alt_art_SIR,Shiny Ultra Rare
OBSIDIAN,5,Mew,250,Mew V,Fusion Strike,alt_art_SIR,Rare Ultra
OBSIDIAN,5,Mew,TG30,Mew VMAX,Lost Origin Trainer Gallery,alt_art_SIR,Rare Secret
OBSIDIAN,5,Mew,193,Mew ex,151,alt_art_SIR,Ultra Rare
OBSIDIAN,5,Mew,205,Mew ex,151,alt_art_SIR,Hyper Rare
OBSIDIAN,5,Mew,88,Mew ex,Celebrations: Classic Collection,alt_art_SIR,Classic Collection
OBSIDIAN,5,Mew,114,Mew VMAX,Fusion Strike,alt_art_SIR,Rare Holo VMAX
OBSIDIAN,5,Mew,152,Mew ex,30th Celebration,alt_art_SIR,Special Illustration Rare
OBSIDIAN,5,Mew,158,Mew ex,30th Celebration,alt_art_SIR,Futuristic Rare
OBSIDIAN,5,Mew,53,Mew ex,Scarlet & Violet Black Star Promos,promo,Promo
OBSIDIAN,6,Lugia,9,Lugia,Neo Genesis,main,Rare Holo
OBSIDIAN,6,Lugia,134,Lugia-EX,Plasma Storm,main,Rare Ultra
OBSIDIAN,6,Lugia,186,Lugia V,Silver Tempest,main,Rare Ultra
OBSIDIAN,6,Lugia,29,Lugia,Unseen Forces,main,Rare
OBSIDIAN,6,Lugia,113,Lugia LEGEND,HeartGold & SoulSilver,main,LEGEND
OBSIDIAN,6,Lugia,114,Lugia LEGEND,HeartGold & SoulSilver,main,LEGEND
OBSIDIAN,6,Lugia,227,Lugia-GX,Lost Thunder,main,Rare Rainbow
OBSIDIAN,6,Lugia,HGSS02,Lugia,HGSS Black Star Promos,main,Promo
OBSIDIAN,6,Lugia,15,Lugia,Call of Legends,main,Rare Holo
OBSIDIAN,6,Lugia,14,Lugia,Secret Wonders,main,Rare Holo
OBSIDIAN,6,Lugia,202,Lugia VSTAR,Silver Tempest,alt_art_SIR,Rare Rainbow
OBSIDIAN,6,Lugia,211,Lugia VSTAR,Silver Tempest,alt_art_SIR,Rare Secret
OBSIDIAN,6,Lugia,185,Lugia V,Silver Tempest,alt_art_SIR,Rare Ultra
OBSIDIAN,6,Lugia,139,Lugia VSTAR,Silver Tempest,alt_art_SIR,Rare Holo VSTAR
OBSIDIAN,6,Lugia,149,Lugia,30th Celebration: Classic Collection,alt_art_SIR,Rare Secret
OBSIDIAN,6,Lugia,SWSH069,Lugia,SWSH Black Star Promos,promo,Promo
OBSIDIAN,7,Mewtwo,29,Mewtwo,Legendary Collection,main,Rare
OBSIDIAN,7,Mewtwo,109,Shining Mewtwo,Neo Destiny,main,Rare Shining
OBSIDIAN,7,Mewtwo,78,Mewtwo-GX,Shining Legends,main,Rare Secret
OBSIDIAN,7,Mewtwo,20,Mewtwo,Expedition Base Set,main,Rare Holo
OBSIDIAN,7,Mewtwo,99,Rocket's Mewtwo ex,Team Rocket Returns,main,Rare Holo EX
OBSIDIAN,7,Mewtwo,9,Mewtwo,Pokémon Rumble,main,
OBSIDIAN,7,Mewtwo,242,Mewtwo & Mew-GX,Unified Minds,main,Rare Rainbow
OBSIDIAN,7,Mewtwo,231,Team Rocket's Mewtwo ex,Destined Rivals,main,Special Illustration Rare
OBSIDIAN,7,Mewtwo,101,Mewtwo ex,Ruby & Sapphire,main,Rare Holo EX
OBSIDIAN,7,Mewtwo,9,Mewtwo,Majestic Dawn,main,Rare Holo
OBSIDIAN,7,Mewtwo,SM191,Mewtwo & Mew-GX,SM Black Star Promos,main,Promo
OBSIDIAN,7,Mewtwo,GG44,Mewtwo VSTAR,Crown Zenith Galarian Gallery,alt_art_SIR,Rare Holo VSTAR
OBSIDIAN,7,Mewtwo,72,Mewtwo V,Pokémon GO,alt_art_SIR,Rare Ultra
OBSIDIAN,7,Mewtwo,79,Mewtwo VSTAR,Pokémon GO,alt_art_SIR,Rare Rainbow
OBSIDIAN,7,Mewtwo,240,Team Rocket's Mewtwo ex,Destined Rivals,alt_art_SIR,Hyper Rare
OBSIDIAN,7,Mewtwo,86,Mewtwo VSTAR,Pokémon GO,alt_art_SIR,Rare Secret
OBSIDIAN,7,Mewtwo,213,Team Rocket's Mewtwo ex,Destined Rivals,alt_art_SIR,Ultra Rare
OBSIDIAN,7,Mewtwo,54,Mewtwo-EX,Celebrations: Classic Collection,alt_art_SIR,Classic Collection
OBSIDIAN,7,Mewtwo,31,Mewtwo VSTAR,Pokémon GO,alt_art_SIR,Rare Holo VSTAR
OBSIDIAN,7,Mewtwo,281,Team Rocket's Mewtwo ex,Ascended Heroes,alt_art_SIR,Special Illustration Rare
OBSIDIAN,7,Mewtwo,151,Mewtwo ex,30th Celebration,alt_art_SIR,Special Illustration Rare
OBSIDIAN,7,Mewtwo,157,Mewtwo ex,30th Celebration,alt_art_SIR,Futuristic Rare
OBSIDIAN,7,Mewtwo,52,Mewtwo,Scarlet & Violet Black Star Promos,promo,Promo
OBSIDIAN,7,Mewtwo,SWSH160,Mewtwo V-UNION,SWSH Black Star Promos,promo,Promo
OBSIDIAN,7,Mewtwo,SWSH162,Mewtwo V-UNION,SWSH Black Star Promos,promo,Promo
OBSIDIAN,7,Mewtwo,SWSH161,Mewtwo V-UNION,SWSH Black Star Promos,promo,Promo
OBSIDIAN,7,Mewtwo,SWSH159,Mewtwo V-UNION,SWSH Black Star Promos,promo,Promo
OBSIDIAN,7,Mewtwo,SWSH223,Mewtwo V,SWSH Black Star Promos,promo,Promo
OBSIDIAN,7,Mewtwo,SWSH229,Mewtwo V,SWSH Black Star Promos,promo,Promo
OBSIDIAN,8,Gengar,6,Dark Gengar,Neo Destiny,main,Rare Holo
OBSIDIAN,8,Gengar,271,Gengar VMAX,Fusion Strike,main,Rare Rainbow
OBSIDIAN,8,Gengar,13,Gengar,Expedition Base Set,main,Rare Holo
OBSIDIAN,8,Gengar,114,Gengar-EX,Phantom Forces,main,Rare Ultra
OBSIDIAN,8,Gengar,14,Sabrina's Gengar,Gym Heroes,main,Rare Holo
OBSIDIAN,8,Gengar,94,Gengar,HS—Triumphant,main,Rare Prime
OBSIDIAN,8,Gengar,121,M Gengar-EX,Phantom Forces,main,Rare Secret
OBSIDIAN,8,Gengar,186,Gengar & Mimikyu-GX,Team Up,main,Rare Rainbow
OBSIDIAN,8,Gengar,10,Gengar,Skyridge,main,Rare
OBSIDIAN,8,Gengar,5,Gengar,Fossil,main,Rare Holo
OBSIDIAN,8,Gengar,193,Gengar ex,Temporal Forces,alt_art_SIR,Ultra Rare
OBSIDIAN,8,Gengar,TG06,Gengar,Lost Origin Trainer Gallery,alt_art_SIR,Trainer Gallery Rare Holo
OBSIDIAN,8,Gengar,157,Gengar VMAX,Fusion Strike,alt_art_SIR,Rare Holo VMAX
OBSIDIAN,8,Gengar,269,Mega Gengar ex,Ascended Heroes,alt_art_SIR,MEGA_ATTACK_RARE
OBSIDIAN,8,Gengar,284,Mega Gengar ex,Ascended Heroes,alt_art_SIR,Special Illustration Rare
OBSIDIAN,8,Gengar,154,Gengar ex,30th Celebration,alt_art_SIR,Special Illustration Rare
OBSIDIAN,8,Gengar,SWSH052,Gengar,SWSH Black Star Promos,promo,Promo
OBSIDIAN,8,Gengar,SWSH241,Gengar,SWSH Black Star Promos,promo,Promo
OBSIDIAN,8,Mimikyu,165,Gengar & Mimikyu-GX,Team Up,main,Rare Ultra
OBSIDIAN,8,Mimikyu,186,Gengar & Mimikyu-GX,Team Up,main,Rare Rainbow
OBSIDIAN,8,Mimikyu,53,Gengar & Mimikyu-GX,Team Up,main,Rare Holo GX
OBSIDIAN,8,Mimikyu,164,Gengar & Mimikyu-GX,Team Up,main,Rare Ultra
OBSIDIAN,8,Mimikyu,226,Mimikyu-GX,Lost Thunder,main,Rare Rainbow
OBSIDIAN,8,Mimikyu,206,Mimikyu-GX,Lost Thunder,main,Rare Ultra
OBSIDIAN,8,Mimikyu,TG16,Mimikyu V,Brilliant Stars Trainer Gallery,main,Rare Holo V
OBSIDIAN,8,Mimikyu,TG17,Mimikyu VMAX,Brilliant Stars Trainer Gallery,main,Rare Holo VMAX
OBSIDIAN,8,Mimikyu,160,Mimikyu,Paldean Fates,alt_art_SIR,Shiny Rare
OBSIDIAN,8,Mimikyu,148,Mimikyu V,Battle Styles,alt_art_SIR,Rare Ultra
OBSIDIAN,8,Mimikyu,69,Mimikyu VMAX,Brilliant Stars,alt_art_SIR,Rare Holo VMAX
OBSIDIAN,8,Mimikyu,238,Team Rocket's Mimikyu,Ascended Heroes,alt_art_SIR,Illustration Rare
OBSIDIAN,8,Mimikyu,SWSH136,Mimikyu δ,SWSH Black Star Promos,promo,Promo
OBSIDIAN,8,Mimikyu,75,Mimikyu,Scarlet & Violet Black Star Promos,promo,Promo
OBSIDIAN,8,Mimikyu,4,Mimikyu ex,Scarlet & Violet Black Star Promos,promo,Promo
OBSIDIAN,8,Gastly,57,Gastly,Skyridge,main,Common
OBSIDIAN,8,Gastly,76,Gastly,Legendary Collection,main,Common
OBSIDIAN,8,Gastly,177,Gastly,Temporal Forces,main,Illustration Rare
OBSIDIAN,8,Gastly,52,Gastly,Legend Maker,main,Common
OBSIDIAN,8,Gastly,63,Gastly,FireRed & LeafGreen,main,Common
OBSIDIAN,8,Haunter,63,Haunter,Skyridge,main,Common
OBSIDIAN,8,Haunter,46,Haunter,Legendary Collection,main,Uncommon
OBSIDIAN,8,Haunter,35,Haunter,Legend Maker,main,Uncommon
OBSIDIAN,8,Haunter,6,Haunter,Fossil,main,Rare Holo
OBSIDIAN,8,Haunter,80,Haunter,Expedition Base Set,main,Uncommon
OBSIDIAN,9,Eevee,BW97,Eevee,BW Black Star Promos,main,Promo
OBSIDIAN,9,Eevee,74,Eevee,Legendary Collection,main,Common
OBSIDIAN,9,Eevee,191,Eevee & Snorlax-GX,Team Up,main,Rare Rainbow
OBSIDIAN,9,Eevee,171,Eevee & Snorlax-GX,Team Up,main,Rare Ultra
OBSIDIAN,9,Eevee,75,Eevee,Aquapolis,main,Common
OBSIDIAN,9,Eevee,SM169,Eevee & Snorlax-GX,SM Black Star Promos,main,Promo
OBSIDIAN,9,Eevee,167,Eevee ex,Prismatic Evolutions,main,Special Illustration Rare
OBSIDIAN,9,Eevee,68,Eevee δ,Delta Species,main,Common
OBSIDIAN,9,Eevee,55,Eevee,Unseen Forces,main,Common
OBSIDIAN,9,Eevee,SM233,Eevee-GX,SM Black Star Promos,main,Promo
OBSIDIAN,9,Eevee,188,Eevee,Twilight Masquerade,alt_art_SIR,Illustration Rare
OBSIDIAN,9,Eevee,TG11,Eevee,Brilliant Stars Trainer Gallery,alt_art_SIR,Trainer Gallery Rare Holo
OBSIDIAN,9,Eevee,2,Eevee on the Ball,Pokémon Futsal Collection,promo,
OBSIDIAN,9,Eevee,SWSH230,Radiant Eevee,SWSH Black Star Promos,promo,Promo
OBSIDIAN,9,Eevee,174,Eevee ex,Scarlet & Violet Promos,promo,Promo
OBSIDIAN,9,Eevee,SWSH042,Eevee,SWSH Black Star Promos,promo,Promo
OBSIDIAN,9,Eevee,173,Eevee,Scarlet & Violet Promos,promo,Promo
OBSIDIAN,9,Eevee,SWSH175,Eevee,SWSH Black Star Promos,promo,Promo
OBSIDIAN,9,Eevee,SWSH065,Eevee V,SWSH Black Star Promos,promo,Promo
OBSIDIAN,9,Eevee,43,Eevee,Scarlet & Violet Black Star Promos,promo,Promo
OBSIDIAN,9,Eevee,SWSH212,Eevee,SWSH Black Star Promos,promo,Promo
OBSIDIAN,9,Eevee,SWSH118,Eevee,SWSH Black Star Promos,promo,Promo
OBSIDIAN,9,Eevee,SWSH190,Eevee,SWSH Black Star Promos,promo,Promo
OBSIDIAN,9,Eevee,SWSH095,Eevee,SWSH Black Star Promos,promo,Promo
OBSIDIAN,9,Eevee,SWSH087,Eevee VMAX,SWSH Black Star Promos,promo,Promo
OBSIDIAN,9,Eevee,SWSH127,Eevee,SWSH Black Star Promos,promo,Promo
OBSIDIAN,9,Eevee,200,Eevee,Scarlet & Violet Promos,promo,Promo
OBSIDIAN,10,Garchomp,120,Garchomp,Plasma Freeze,main,Rare Secret
OBSIDIAN,10,Garchomp,232,Cynthia's Garchomp ex,Destined Rivals,main,Special Illustration Rare
OBSIDIAN,10,Garchomp,97,Garchomp LV.X,Majestic Dawn,main,Rare Holo LV.X
OBSIDIAN,10,Garchomp,145,Garchomp C LV.X,Supreme Victors,main,Rare Holo LV.X
OBSIDIAN,10,Garchomp,247,Garchomp & Giratina-GX,Unified Minds,main,Rare Rainbow
OBSIDIAN,10,Garchomp,XY168,M Garchomp-EX,XY Black Star Promos,main,Promo
OBSIDIAN,10,Garchomp,SM193,Garchomp & Giratina-GX,SM Black Star Promos,main,Promo
OBSIDIAN,10,Garchomp,DP46,Garchomp C LV.X,DP Black Star Promos,main,Promo
OBSIDIAN,10,Garchomp,245,Garchomp ex,Paradox Rift,alt_art_SIR,Special Illustration Rare
OBSIDIAN,10,Garchomp,241,Cynthia's Garchomp ex,Destined Rivals,alt_art_SIR,Hyper Rare
OBSIDIAN,10,Garchomp,260,Garchomp ex,Paradox Rift,alt_art_SIR,Hyper Rare
OBSIDIAN,10,Garchomp,178,Garchomp V,Astral Radiance,alt_art_SIR,Rare Ultra
OBSIDIAN,10,Garchomp,219,Garchomp ex,Paradox Rift,alt_art_SIR,Ultra Rare
OBSIDIAN,10,Garchomp,145,Garchomp C LV.X,Celebrations: Classic Collection,alt_art_SIR,Classic Collection
OBSIDIAN,10,Garchomp,215,Cynthia's Garchomp ex,Destined Rivals,alt_art_SIR,Ultra Rare
OBSIDIAN,10,Giratina,186,Giratina V,Lost Origin,main,Rare Ultra
OBSIDIAN,10,Giratina,124,Giratina-EX,Dragons Exalted,main,Rare Ultra
OBSIDIAN,10,Giratina,BW74,Giratina,BW Black Star Promos,main,Promo
OBSIDIAN,10,Giratina,GG69,Giratina VSTAR,Crown Zenith Galarian Gallery,main,Rare Secret
OBSIDIAN,10,Giratina,DP38,Giratina LV.X,DP Black Star Promos,main,Promo
OBSIDIAN,10,Giratina,124,Giratina LV.X,Platinum,main,Rare Holo LV.X
OBSIDIAN,10,Giratina,93,Giratina-EX,Ancient Origins,main,Rare Ultra
OBSIDIAN,10,Giratina,10,Giratina,Platinum,main,Rare Holo
OBSIDIAN,10,Giratina,247,Garchomp & Giratina-GX,Unified Minds,main,Rare Rainbow
OBSIDIAN,10,Giratina,201,Giratina VSTAR,Lost Origin,alt_art_SIR,Rare Rainbow
OBSIDIAN,10,Giratina,212,Giratina VSTAR,Lost Origin,alt_art_SIR,Rare Secret
OBSIDIAN,10,Giratina,185,Giratina V,Lost Origin,alt_art_SIR,Rare Ultra
OBSIDIAN,10,Giratina,131,Giratina VSTAR,Lost Origin,alt_art_SIR,Rare Holo VSTAR
OBSIDIAN,10,Giratina,SWSH259,Giratina V,SWSH Black Star Promos,promo,Promo
OBSIDIAN,10,Gible,7,Gible,POP Series 6,main,Uncommon
OBSIDIAN,10,Gible,94,Gible,Legendary Treasures,main,Common
OBSIDIAN,10,Gible,106,Gible,Supreme Victors,main,Common
OBSIDIAN,10,Gible,85,Gible,Mysterious Treasures,main,Common
OBSIDIAN,10,Gible,109,Cynthia's Gible,Ascended Heroes,main,Common
OBSIDIAN,10,Gabite,89,Gabite,Dragons Exalted,main,Uncommon
OBSIDIAN,10,Gabite,59,Gabite,Supreme Victors,main,Uncommon
OBSIDIAN,10,Gabite,SV39,Gabite,Hidden Fates Shiny Vault,main,Rare Shiny
OBSIDIAN,10,Gabite,110,Cynthia's Gabite,Ascended Heroes,main,Uncommon
OBSIDIAN,11,Reshiram,173,Reshiram ex,White Flare,main,Black White Rare
OBSIDIAN,11,Reshiram,222,Reshiram & Zekrom-GX,Cosmic Eclipse,main,Rare Ultra
OBSIDIAN,11,Reshiram,114,Reshiram,Legendary Treasures,main,Rare Secret
OBSIDIAN,11,Reshiram,259,Reshiram & Zekrom-GX,Cosmic Eclipse,main,Rare Rainbow
OBSIDIAN,11,Reshiram,217,Reshiram & Charizard-GX,Unbroken Bonds,main,Rare Rainbow
OBSIDIAN,11,Reshiram,RC22,Reshiram,Legendary Treasures,main,Rare Ultra
OBSIDIAN,11,Reshiram,166,Reshiram ex,White Flare,alt_art_SIR,Special Illustration Rare
OBSIDIAN,11,Reshiram,167,N's Reshiram,Journey Together,alt_art_SIR,Illustration Rare
OBSIDIAN,11,Reshiram,113,Reshiram,Celebrations: Classic Collection,alt_art_SIR,Classic Collection
OBSIDIAN,11,Reshiram,172,Reshiram V,Silver Tempest,alt_art_SIR,Rare Ultra
OBSIDIAN,11,Reshiram,158,Reshiram ex,White Flare,alt_art_SIR,Ultra Rare
OBSIDIAN,11,Reshiram,17,Reshiram,Shining Fates,alt_art_SIR,Amazing Rare
OBSIDIAN,11,Zekrom,172,Zekrom ex,Black Bolt,main,Black White Rare
OBSIDIAN,11,Zekrom,222,Reshiram & Zekrom-GX,Cosmic Eclipse,main,Rare Ultra
OBSIDIAN,11,Zekrom,115,Zekrom,Legendary Treasures,main,Rare Secret
OBSIDIAN,11,Zekrom,166,Zekrom ex,Black Bolt,main,Special Illustration Rare
OBSIDIAN,11,Zekrom,97,Zekrom-EX,Next Destinies,main,Rare Ultra
OBSIDIAN,11,Zekrom,259,Reshiram & Zekrom-GX,Cosmic Eclipse,main,Rare Rainbow
OBSIDIAN,11,Zekrom,114,Zekrom,Celebrations: Classic Collection,alt_art_SIR,Classic Collection
OBSIDIAN,11,Zekrom,TG05,Zekrom,Brilliant Stars Trainer Gallery,alt_art_SIR,Trainer Gallery Rare Holo
OBSIDIAN,11,Zekrom,158,Zekrom ex,Black Bolt,alt_art_SIR,Ultra Rare
OBSIDIAN,11,Kyurem,145,Black Kyurem-EX,Boundaries Crossed,main,Rare Ultra
OBSIDIAN,11,Kyurem,146,White Kyurem-EX,Boundaries Crossed,main,Rare Ultra
OBSIDIAN,11,Kyurem,96,Kyurem-EX,Next Destinies,main,Rare Ultra
OBSIDIAN,11,Kyurem,21,Kyurem,Dragon Vault,main,
OBSIDIAN,11,Kyurem,165,Kyurem ex,Black Bolt,main,Special Illustration Rare
OBSIDIAN,11,Kyurem,197,Kyurem VMAX,Lost Origin,alt_art_SIR,Rare Rainbow
OBSIDIAN,11,Kyurem,174,Kyurem V,Lost Origin,alt_art_SIR,Rare Ultra
OBSIDIAN,11,Kyurem,218,Black Kyurem ex,Surging Sparks,alt_art_SIR,Ultra Rare
OBSIDIAN,11,Kyurem,49,Kyurem VMAX,Lost Origin,alt_art_SIR,Rare Holo VMAX
OBSIDIAN,11,Kyurem,157,Kyurem ex,Black Bolt,alt_art_SIR,Ultra Rare
OBSIDIAN,11,Black Kyurem,145,Black Kyurem-EX,Boundaries Crossed,main,Rare Ultra
OBSIDIAN,11,Black Kyurem,XY80,Black Kyurem,XY Black Star Promos,main,Promo
OBSIDIAN,11,Black Kyurem,BW58,Black Kyurem,BW Black Star Promos,main,Promo
OBSIDIAN,11,Black Kyurem,BW62,Black Kyurem-EX,BW Black Star Promos,main,Promo
OBSIDIAN,11,Black Kyurem,100,Black Kyurem-EX,Legendary Treasures,main,Rare Holo EX
OBSIDIAN,11,Black Kyurem,218,Black Kyurem ex,Surging Sparks,alt_art_SIR,Ultra Rare
OBSIDIAN,11,White Kyurem,146,White Kyurem-EX,Boundaries Crossed,main,Rare Ultra
OBSIDIAN,11,White Kyurem,74,White Kyurem-GX,Dragon Majesty,main,Rare Rainbow
OBSIDIAN,11,White Kyurem,XY81,White Kyurem,XY Black Star Promos,main,Promo
OBSIDIAN,11,White Kyurem,BW59,White Kyurem,BW Black Star Promos,main,Promo
OBSIDIAN,12,Vaporeon,102,Vaporeon ★,Power Keepers,main,Rare Holo Star
OBSIDIAN,12,Vaporeon,H31,Vaporeon,Skyridge,main,Rare Holo
OBSIDIAN,12,Vaporeon,9,Dark Vaporeon,Legendary Collection,main,Rare Holo
OBSIDIAN,12,Vaporeon,110,Vaporeon ex,Delta Species,main,Rare Holo EX
OBSIDIAN,12,Vaporeon,149,Vaporeon ex,Prismatic Evolutions,main,Special Illustration Rare
OBSIDIAN,12,Vaporeon,18,Vaporeon δ,Delta Species,main,Rare Holo
OBSIDIAN,12,Vaporeon,172,Vaporeon V,Evolving Skies,alt_art_SIR,Rare Ultra
OBSIDIAN,12,Vaporeon,TG02,Vaporeon,Brilliant Stars Trainer Gallery,alt_art_SIR,Trainer Gallery Rare Holo
OBSIDIAN,12,Vaporeon,30,Vaporeon VMAX,Evolving Skies,alt_art_SIR,Rare Holo VMAX
OBSIDIAN,12,Vaporeon,SWSH181,Vaporeon V,SWSH Black Star Promos,promo,Promo
OBSIDIAN,12,Vaporeon,SWSH182,Vaporeon VMAX,SWSH Black Star Promos,promo,Promo
OBSIDIAN,12,Vaporeon,SWSH072,Vaporeon,SWSH Black Star Promos,promo,Promo
OBSIDIAN,12,Vaporeon,SWSH150,Vaporeon V,SWSH Black Star Promos,promo,Promo
OBSIDIAN,12,Vaporeon,168,Vaporeon,Scarlet & Violet Promos,promo,Promo
OBSIDIAN,12,Jolteon,101,Jolteon ★,Power Keepers,main,Rare Holo Star
OBSIDIAN,12,Jolteon,7,Jolteon δ,Delta Species,main,Rare Holo
OBSIDIAN,12,Jolteon,109,Jolteon ex,Delta Species,main,Rare Holo EX
OBSIDIAN,12,Jolteon,4,Jolteon,Jungle,main,Rare Holo
OBSIDIAN,12,Jolteon,14,Jolteon,Legendary Collection,main,Rare Holo
OBSIDIAN,12,Jolteon,H12,Jolteon,Skyridge,main,Rare Holo
OBSIDIAN,12,Jolteon,153,Jolteon ex,Prismatic Evolutions,alt_art_SIR,Special Illustration Rare
OBSIDIAN,12,Jolteon,177,Jolteon V,Evolving Skies,alt_art_SIR,Rare Ultra
OBSIDIAN,12,Jolteon,TG04,Jolteon,Brilliant Stars Trainer Gallery,alt_art_SIR,Trainer Gallery Rare Holo
OBSIDIAN,12,Jolteon,51,Jolteon VMAX,Evolving Skies,alt_art_SIR,Rare Holo VMAX
OBSIDIAN,12,Jolteon,SWSH183,Jolteon V,SWSH Black Star Promos,promo,Promo
OBSIDIAN,12,Jolteon,SWSH184,Jolteon VMAX,SWSH Black Star Promos,promo,Promo
OBSIDIAN,12,Jolteon,SWSH094,Jolteon,SWSH Black Star Promos,promo,Promo
OBSIDIAN,12,Jolteon,SWSH151,Jolteon V,SWSH Black Star Promos,promo,Promo
OBSIDIAN,12,Jolteon,169,Jolteon,Scarlet & Violet Promos,promo,Promo
OBSIDIAN,12,Flareon,5,Flareon δ,Delta Species,main,Rare Holo
OBSIDIAN,12,Flareon,100,Flareon ★,Power Keepers,main,Rare Holo Star
OBSIDIAN,12,Flareon,108,Flareon ex,Delta Species,main,Rare Holo EX
OBSIDIAN,12,Flareon,3,Flareon,Jungle,main,Rare Holo
OBSIDIAN,12,Flareon,RC28,Flareon-EX,Generations,main,Rare Ultra
OBSIDIAN,12,Flareon,146,Flareon ex,Prismatic Evolutions,main,Special Illustration Rare
OBSIDIAN,12,Flareon,TG01,Flareon,Brilliant Stars Trainer Gallery,alt_art_SIR,Trainer Gallery Rare Holo
OBSIDIAN,12,Flareon,169,Flareon V,Evolving Skies,alt_art_SIR,Rare Ultra
OBSIDIAN,12,Flareon,18,Flareon VMAX,Evolving Skies,alt_art_SIR,Rare Holo VMAX
OBSIDIAN,12,Flareon,SWSH179,Flareon V,SWSH Black Star Promos,promo,Promo
OBSIDIAN,12,Flareon,SWSH180,Flareon VMAX,SWSH Black Star Promos,promo,Promo
OBSIDIAN,12,Flareon,SWSH041,Flareon,SWSH Black Star Promos,promo,Promo
OBSIDIAN,12,Flareon,SWSH149,Flareon V,SWSH Black Star Promos,promo,Promo
OBSIDIAN,12,Flareon,167,Flareon,Scarlet & Violet Promos,promo,Promo
OBSIDIAN,13,Sylveon,205,Gardevoir & Sylveon-GX,Unbroken Bonds,main,Rare Ultra
OBSIDIAN,13,Sylveon,156,Sylveon ex,Prismatic Evolutions,main,Special Illustration Rare
OBSIDIAN,13,Sylveon,212,Sylveon VMAX,Evolving Skies,main,Rare Rainbow
OBSIDIAN,13,Sylveon,SV76,Sylveon-GX,Hidden Fates Shiny Vault,main,Rare Shiny GX
OBSIDIAN,13,Sylveon,184,Sylveon V,Evolving Skies,main,Rare Ultra
OBSIDIAN,13,Sylveon,158,Sylveon-GX,Guardians Rising,main,Rare Rainbow
OBSIDIAN,13,Sylveon,RC32,Sylveon-EX,Generations,main,Rare Ultra
OBSIDIAN,13,Sylveon,225,Gardevoir & Sylveon-GX,Unbroken Bonds,main,Rare Rainbow
OBSIDIAN,13,Sylveon,TG15,Sylveon VMAX,Brilliant Stars Trainer Gallery,alt_art_SIR,Rare Holo VMAX
OBSIDIAN,13,Sylveon,211,Sylveon VMAX,Evolving Skies,alt_art_SIR,Rare Rainbow
OBSIDIAN,13,Sylveon,183,Sylveon V,Evolving Skies,alt_art_SIR,Rare Ultra
OBSIDIAN,13,Sylveon,75,Sylveon VMAX,Evolving Skies,alt_art_SIR,Rare Holo VMAX
OBSIDIAN,13,Sylveon,153,Sylveon ex,30th Celebration,alt_art_SIR,Special Illustration Rare
OBSIDIAN,13,Sylveon,SWSH211,Sylveon,SWSH Black Star Promos,promo,Promo
OBSIDIAN,13,Sylveon,SWSH134,Dark Sylveon V,SWSH Black Star Promos,promo,Promo
OBSIDIAN,13,Sylveon,SWSH202,Sylveon V,SWSH Black Star Promos,promo,Promo
OBSIDIAN,13,Sylveon,172,Sylveon,Scarlet & Violet Promos,promo,Promo
OBSIDIAN,14,Espeon,16,Espeon ★,POP Series 5,main,Rare
OBSIDIAN,14,Espeon,4,Dark Espeon,Neo Destiny,main,Rare Holo
OBSIDIAN,14,Espeon,1,Espeon,Neo Discovery,main,Rare Holo
OBSIDIAN,14,Espeon,102,Espeon ex,Unseen Forces,main,Rare Holo EX
OBSIDIAN,14,Espeon,81,Espeon,HS—Undaunted,main,Rare Prime
OBSIDIAN,14,Espeon,270,Espeon VMAX,Fusion Strike,main,Rare Rainbow
OBSIDIAN,14,Espeon,155,Espeon ex,Prismatic Evolutions,main,Special Illustration Rare
OBSIDIAN,14,Espeon,4,Espeon δ,Delta Species,main,Rare Holo
OBSIDIAN,14,Espeon,180,Espeon V,Evolving Skies,alt_art_SIR,Rare Ultra
OBSIDIAN,14,Espeon,179,Espeon V,Evolving Skies,alt_art_SIR,Rare Ultra
OBSIDIAN,14,Espeon,65,Espeon VMAX,Evolving Skies,alt_art_SIR,Rare Holo VMAX
OBSIDIAN,14,Espeon,SWSH174,Espeon,SWSH Black Star Promos,promo,Promo
OBSIDIAN,14,Espeon,SWSH201,Espeon V,SWSH Black Star Promos,promo,Promo
OBSIDIAN,14,Deoxys,2,Deoxys,Emerald,main,Rare Holo
OBSIDIAN,14,Deoxys,111,Deoxys-EX,Plasma Freeze,main,Rare Ultra
OBSIDIAN,14,Deoxys,89,Rayquaza & Deoxys LEGEND,HS—Undaunted,main,LEGEND
OBSIDIAN,14,Deoxys,90,Rayquaza & Deoxys LEGEND,HS—Undaunted,main,LEGEND
OBSIDIAN,14,Deoxys,2,Deoxys δ,POP Series 4,main,Rare
OBSIDIAN,14,Deoxys,5,Deoxys δ,Holon Phantoms,main,Rare Holo
OBSIDIAN,14,Deoxys,98,Deoxys ex,Deoxys,main,Rare Holo EX
OBSIDIAN,14,Deoxys,GG45,Deoxys VMAX,Crown Zenith Galarian Gallery,alt_art_SIR,Rare Holo VMAX
OBSIDIAN,14,Deoxys,GG46,Deoxys VSTAR,Crown Zenith Galarian Gallery,alt_art_SIR,Rare Holo VSTAR
OBSIDIAN,14,Deoxys,GG12,Deoxys,Crown Zenith Galarian Gallery,alt_art_SIR,Trainer Gallery Rare Holo
OBSIDIAN,14,Deoxys,SWSH268,Deoxys VSTAR,SWSH Black Star Promos,promo,Promo
OBSIDIAN,14,Deoxys,SWSH267,Deoxys VMAX,SWSH Black Star Promos,promo,Promo
OBSIDIAN,14,Deoxys,SWSH170,Deoxys,SWSH Black Star Promos,promo,Promo
OBSIDIAN,14,Deoxys,SWSH266,Deoxys V,SWSH Black Star Promos,promo,Promo
OBSIDIAN,15,Latias,170,Latias & Latios-GX,Team Up,main,Rare Ultra
OBSIDIAN,15,Latias,105,Latias ★,Deoxys,main,Rare Holo Star
OBSIDIAN,15,Latias,112,Latias-EX,Plasma Freeze,main,Rare Ultra
OBSIDIAN,15,Latias,190,Latias & Latios-GX,Team Up,main,Rare Rainbow
OBSIDIAN,15,Latias,93,Latias ex,Dragon,main,Rare Holo EX
OBSIDIAN,15,Latias,239,Latias ex,Surging Sparks,main,Special Illustration Rare
OBSIDIAN,15,Latias,181,Mega Latias ex,Mega Evolution,alt_art_SIR,Special Illustration Rare
OBSIDIAN,15,Latias,GG20,Latias,Crown Zenith Galarian Gallery,alt_art_SIR,Trainer Gallery Rare Holo
OBSIDIAN,15,Latias,220,Latias ex,Surging Sparks,alt_art_SIR,Ultra Rare
OBSIDIAN,15,Latias,163,Mega Latias ex,Mega Evolution,alt_art_SIR,Ultra Rare
OBSIDIAN,15,Latias,SWSH171,Latias,SWSH Black Star Promos,promo,Promo
OBSIDIAN,15,Latias,139,Latias,Scarlet & Violet Black Star Promos,promo,Promo
OBSIDIAN,15,Latios,170,Latias & Latios-GX,Team Up,main,Rare Ultra
OBSIDIAN,15,Latios,106,Latios ★,Deoxys,main,Rare Holo Star
OBSIDIAN,15,Latios,22,Latios δ,Holon Phantoms,main,Rare
OBSIDIAN,15,Latios,96,Latios ex δ,Dragon Frontiers,main,Rare Holo EX
OBSIDIAN,15,Latios,94,Latios ex,Dragon,main,Rare Holo EX
OBSIDIAN,15,Latios,12,Latios δ,Holon Phantoms,main,Rare Holo
OBSIDIAN,15,Latios,203,Latios,Surging Sparks,alt_art_SIR,Illustration Rare
OBSIDIAN,16,Arceus,221,Arceus & Dialga & Palkia-GX,Cosmic Eclipse,main,Rare Ultra
OBSIDIAN,16,Arceus,GG70,Arceus VSTAR,Crown Zenith Galarian Gallery,main,Rare Secret
OBSIDIAN,16,Arceus,95,Arceus LV.X,Arceus,main,Rare Holo LV.X
OBSIDIAN,16,Arceus,DP56,Arceus LV.X,DP Black Star Promos,main,Promo
OBSIDIAN,16,Arceus,DP53,Arceus LV.X,DP Black Star Promos,main,Promo
OBSIDIAN,16,Arceus,258,Arceus & Dialga & Palkia-GX,Cosmic Eclipse,main,Rare Rainbow
OBSIDIAN,16,Arceus,XY83,Arceus,XY Black Star Promos,main,Promo
OBSIDIAN,16,Arceus,94,Arceus LV.X,Arceus,main,Rare Holo LV.X
OBSIDIAN,16,Arceus,166,Arceus V,Brilliant Stars,alt_art_SIR,Rare Ultra
OBSIDIAN,16,Arceus,184,Arceus VSTAR,Brilliant Stars,alt_art_SIR,Rare Secret
OBSIDIAN,16,Arceus,176,Arceus VSTAR,Brilliant Stars,alt_art_SIR,Rare Rainbow
OBSIDIAN,16,Arceus,165,Arceus V,Brilliant Stars,alt_art_SIR,Rare Ultra
OBSIDIAN,16,Arceus,123,Arceus VSTAR,Brilliant Stars,alt_art_SIR,Rare Holo VSTAR
OBSIDIAN,16,Arceus,SWSH204,Arceus V,SWSH Black Star Promos,promo,Promo
OBSIDIAN,16,Arceus,SWSH307,Arceus VSTAR,SWSH Black Star Promos,promo,Promo
OBSIDIAN,16,Arceus,SWSH306,Arceus V,SWSH Black Star Promos,promo,Promo
OBSIDIAN,16,Dialga,122,Dialga-EX,Phantom Forces,main,Rare Secret
OBSIDIAN,16,Dialga,221,Arceus & Dialga & Palkia-GX,Cosmic Eclipse,main,Rare Ultra
OBSIDIAN,16,Dialga,99,Dialga-EX,Plasma Blast,main,Rare Ultra
OBSIDIAN,16,Dialga,105,Dialga LV.X,Great Encounters,main,Rare Holo LV.X
OBSIDIAN,16,Dialga,4,Dialga,Majestic Dawn,main,Rare Holo
OBSIDIAN,16,Dialga,122,Dialga G LV.X,Platinum,main,Rare Holo LV.X
OBSIDIAN,16,Dialga,DP17,Dialga LV.X,DP Black Star Promos,main,Promo
OBSIDIAN,16,Dialga,GG68,Origin Forme Dialga VSTAR,Crown Zenith Galarian Gallery,alt_art_SIR,Rare Secret
OBSIDIAN,16,Dialga,177,Origin Forme Dialga V,Astral Radiance,alt_art_SIR,Rare Ultra
OBSIDIAN,16,Dialga,198,Origin Forme Dialga VSTAR,Astral Radiance,alt_art_SIR,Rare Rainbow
OBSIDIAN,16,Dialga,210,Origin Forme Dialga VSTAR,Astral Radiance,alt_art_SIR,Rare Secret
OBSIDIAN,16,Dialga,114,Origin Forme Dialga VSTAR,Astral Radiance,alt_art_SIR,Rare Holo VSTAR
OBSIDIAN,16,Dialga,SWSH255,Origin Forme Dialga V,SWSH Black Star Promos,promo,Promo
OBSIDIAN,16,Dialga,SWSH256,Origin Forme Dialga VSTAR,SWSH Black Star Promos,promo,Promo
OBSIDIAN,16,Dialga,180,Dialga ex,Scarlet & Violet Promos,promo,Promo
OBSIDIAN,16,Palkia,221,Arceus & Dialga & Palkia-GX,Cosmic Eclipse,main,Rare Ultra
OBSIDIAN,16,Palkia,100,Palkia-EX,Plasma Blast,main,Rare Ultra
OBSIDIAN,16,Palkia,106,Palkia LV.X,Great Encounters,main,Rare Holo LV.X
OBSIDIAN,16,Palkia,102,Palkia & Dialga LEGEND,HS—Triumphant,main,LEGEND
OBSIDIAN,16,Palkia,101,Palkia & Dialga LEGEND,HS—Triumphant,main,LEGEND
OBSIDIAN,16,Palkia,GG67,Origin Forme Palkia VSTAR,Crown Zenith Galarian Gallery,main,Rare Secret
OBSIDIAN,16,Palkia,258,Arceus & Dialga & Palkia-GX,Cosmic Eclipse,main,Rare Rainbow
OBSIDIAN,16,Palkia,167,Origin Forme Palkia V,Astral Radiance,alt_art_SIR,Rare Ultra
OBSIDIAN,16,Palkia,192,Origin Forme Palkia VSTAR,Astral Radiance,alt_art_SIR,Rare Rainbow
OBSIDIAN,16,Palkia,208,Origin Forme Palkia VSTAR,Astral Radiance,alt_art_SIR,Rare Secret
OBSIDIAN,16,Palkia,40,Origin Forme Palkia VSTAR,Astral Radiance,alt_art_SIR,Rare Holo VSTAR
OBSIDIAN,16,Palkia,SWSH253,Origin Forme Palkia V,SWSH Black Star Promos,promo,Promo
OBSIDIAN,16,Palkia,SWSH254,Origin Forme Palkia VSTAR,SWSH Black Star Promos,promo,Promo
OBSIDIAN,17,Tyranitar,113,Shining Tyranitar,Neo Destiny,main,Rare Shining
OBSIDIAN,17,Tyranitar,111,Tyranitar ex,Unseen Forces,main,Rare Holo EX
OBSIDIAN,17,Tyranitar,12,Tyranitar,Neo Discovery,main,Rare Holo
OBSIDIAN,17,Tyranitar,226,Mega Sableye & Tyranitar-GX,Unified Minds,main,Rare Ultra
OBSIDIAN,17,Tyranitar,17,Tyranitar ex,POP Series 1,main,Rare
OBSIDIAN,17,Tyranitar,16,Tyranitar δ,Delta Species,main,Rare Holo
OBSIDIAN,17,Tyranitar,29,Tyranitar,Expedition Base Set,main,Rare Holo
OBSIDIAN,17,Tyranitar,11,Dark Tyranitar,Neo Destiny,main,Rare Holo
OBSIDIAN,17,Tyranitar,20,Dark Tyranitar,Team Rocket Returns,main,Rare
OBSIDIAN,17,Tyranitar,155,Tyranitar V,Battle Styles,alt_art_SIR,Rare Ultra
OBSIDIAN,17,Tyranitar,222,Tyranitar,Paldea Evolved,alt_art_SIR,Illustration Rare
OBSIDIAN,17,Tyranitar,154,Tyranitar V,Battle Styles,alt_art_SIR,Rare Ultra
OBSIDIAN,17,Tyranitar,211,Tyranitar ex,Obsidian Flames,alt_art_SIR,Ultra Rare
OBSIDIAN,17,Tyranitar,SWSH109,Tyranitar V,SWSH Black Star Promos,promo,Promo
OBSIDIAN,17,Sableye,226,Mega Sableye & Tyranitar-GX,Unified Minds,main,Rare Ultra
OBSIDIAN,17,Sableye,23,Sableye,Deoxys,main,Rare
OBSIDIAN,17,Sableye,10,Sableye,Sandstorm,main,Rare Holo
OBSIDIAN,17,Sableye,10,Sableye,Crystal Guardians,main,Rare Holo
OBSIDIAN,17,Sableye,245,Mega Sableye & Tyranitar-GX,Unified Minds,main,Rare Rainbow
OBSIDIAN,17,Sableye,31,Sableye,Holon Phantoms,main,Rare
OBSIDIAN,17,Sableye,194,Sableye V,Sword & Shield,alt_art_SIR,Rare Ultra
OBSIDIAN,17,Sableye,184,Sableye,Paldean Fates,alt_art_SIR,Shiny Rare
OBSIDIAN,17,Larvitar,63,Larvitar,Team Rocket Returns,main,Common
OBSIDIAN,17,Larvitar,62,Larvitar,Team Rocket Returns,main,Common
OBSIDIAN,17,Larvitar,52,Larvitar δ,Dragon Frontiers,main,Common
OBSIDIAN,17,Larvitar,73,Larvitar δ,Delta Species,main,Common
OBSIDIAN,17,Larvitar,203,Larvitar,Obsidian Flames,alt_art_SIR,Illustration Rare
OBSIDIAN,17,Pupitar,40,Dark Pupitar,Team Rocket Returns,main,Uncommon
OBSIDIAN,17,Pupitar,41,Dark Pupitar,Team Rocket Returns,main,Uncommon
OBSIDIAN,17,Pupitar,51,Pupitar δ,Delta Species,main,Uncommon
OBSIDIAN,17,Pupitar,70,Pupitar,Unseen Forces,main,Common
OBSIDIAN,17,Pupitar,120,Pupitar,Scarlet & Violet Black Star Promos,promo,Promo
OBSIDIAN,17,Houndoom,H11,Houndoom,Skyridge,main,Rare Holo
OBSIDIAN,17,Houndoom,7,Dark Houndoom,Neo Destiny,main,Rare Holo
OBSIDIAN,17,Houndoom,8,Houndoom,Neo Revelation,main,Rare Holo
OBSIDIAN,17,Houndoom,H11,Houndoom,Aquapolis,main,Rare Holo
OBSIDIAN,17,Houndoom,10,Team Magma's Houndoom,Team Magma vs Team Aqua,main,Rare Holo
OBSIDIAN,17,Houndoom,82,Houndoom,HS—Undaunted,main,Rare Prime
OBSIDIAN,17,Houndoom,12,Houndoom,Skyridge,main,Rare
OBSIDIAN,17,Houndoom,66,Houndoom,Shrouded Fable,alt_art_SIR,Illustration Rare
OBSIDIAN,17,Houndoom,179,Houndoom,Battle Styles,alt_art_SIR,Rare Secret
OBSIDIAN,17,Houndoom,191,Team Rocket's Houndoom,Destined Rivals,alt_art_SIR,Illustration Rare
OBSIDIAN,17,Houndoom,178,Houndoom V,Darkness Ablaze,alt_art_SIR,Rare Ultra
OBSIDIAN,17,Houndoom,TG10,Houndoom,Brilliant Stars Trainer Gallery,alt_art_SIR,Trainer Gallery Rare Holo
OBSIDIAN,17,Houndoom,SWSH090,Houndoom,SWSH Black Star Promos,promo,Promo
OBSIDIAN,17,Houndoom,103,Houndoom ex,Scarlet & Violet Black Star Promos,promo,Promo
OBSIDIAN,17,Houndour,5,Houndour,Neo Discovery,main,Rare Holo
OBSIDIAN,17,Houndour,39,Houndour,Neo Discovery,main,Uncommon
OBSIDIAN,17,Houndour,60,Houndour,Team Rocket Returns,main,Common
OBSIDIAN,17,Houndour,87,Houndour,Aquapolis,main,Common
OBSIDIAN,17,Houndour,204,Houndour,Obsidian Flames,alt_art_SIR,Illustration Rare
OBSIDIAN,18,Dragonite,9,Dragonite,Expedition Base Set,main,Rare Holo
OBSIDIAN,18,Dragonite,5,Dark Dragonite,Legendary Collection,main,Rare Holo
OBSIDIAN,18,Dragonite,14,Light Dragonite,Neo Destiny,main,Rare Holo
OBSIDIAN,18,Dragonite,90,Dragonite ex,Dragon,main,Rare Holo EX
OBSIDIAN,18,Dragonite,192,Dragonite V,Evolving Skies,main,Rare Ultra
OBSIDIAN,18,Dragonite,91,Dragonite ex δ,Dragon Frontiers,main,Rare Holo EX
OBSIDIAN,18,Dragonite,4,Dragonite,Fossil,main,Rare Holo
OBSIDIAN,18,Dragonite,3,Dragonite δ,Delta Species,main,Rare Holo
OBSIDIAN,18,Dragonite,5,Dark Dragonite,Team Rocket,main,Rare Holo
OBSIDIAN,18,Dragonite,81,Dragonite VSTAR,Pokémon GO,alt_art_SIR,Rare Rainbow
OBSIDIAN,18,Dragonite,191,Dragonite V,Evolving Skies,alt_art_SIR,Rare Ultra
OBSIDIAN,18,Dragonite,76,Dragonite V,Pokémon GO,alt_art_SIR,Rare Ultra
OBSIDIAN,18,Dragonite,50,Dragonite VSTAR,Pokémon GO,alt_art_SIR,Rare Holo VSTAR
OBSIDIAN,18,Dragonite,271,Mega Dragonite ex,Ascended Heroes,alt_art_SIR,MEGA_ATTACK_RARE
OBSIDIAN,18,Dragonite,290,Mega Dragonite ex,Ascended Heroes,alt_art_SIR,Special Illustration Rare
OBSIDIAN,18,Dragonite,295,Mega Dragonite ex,Ascended Heroes,alt_art_SIR,Mega Hyper Rare
OBSIDIAN,18,Dragonite,SWSH154,Dragonite V,SWSH Black Star Promos,promo,Promo
OBSIDIAN,18,Dragonite,SWSH235,Dragonite V,SWSH Black Star Promos,promo,Promo
OBSIDIAN,18,Dragonite,SWSH236,Dragonite VSTAR,SWSH Black Star Promos,promo,Promo
OBSIDIAN,18,Dratini,72,Dratini,Legendary Collection,main,Common
OBSIDIAN,18,Dratini,53,Dratini,Team Rocket Returns,main,Common
OBSIDIAN,18,Dratini,42,Erika's Dratini,Gym Heroes,main,Uncommon
OBSIDIAN,18,Dratini,26,Dratini,Dragon,main,Uncommon
OBSIDIAN,18,Dratini,66,Dratini δ,Delta Species,main,Common
OBSIDIAN,18,Dragonair,4,Erika's Dragonair,Gym Heroes,main,Rare Holo
OBSIDIAN,18,Dragonair,32,Dark Dragonair,Team Rocket Returns,main,Uncommon
OBSIDIAN,18,Dragonair,31,Dark Dragonair,Team Rocket Returns,main,Uncommon
OBSIDIAN,18,Dragonair,38,Dark Dragonair,Legendary Collection,main,Uncommon
OBSIDIAN,18,Dragonair,75,Dragonair,Expedition Base Set,main,Uncommon
OBSIDIAN,18,Dragonair,181,Dragonair,151,alt_art_SIR,Illustration Rare
OBSIDIAN,19,Blastoise,4,Dark Blastoise,Legendary Collection,main,Rare Holo
OBSIDIAN,19,Blastoise,2,Blastoise δ,Crystal Guardians,main,Rare Holo
OBSIDIAN,19,Blastoise,104,Blastoise ex,FireRed & LeafGreen,main,Rare Holo EX
OBSIDIAN,19,Blastoise,3,Dark Blastoise,Team Rocket,main,Rare Holo
OBSIDIAN,19,Blastoise,4,Blastoise,Expedition Base Set,main,Rare Holo
OBSIDIAN,19,Blastoise,215,Blastoise & Piplup-GX,Cosmic Eclipse,main,Rare Ultra
OBSIDIAN,19,Blastoise,137,Blastoise,Plasma Storm,main,Rare Secret
OBSIDIAN,19,Blastoise,XY122,Blastoise-EX,XY Black Star Promos,main,Promo
OBSIDIAN,19,Blastoise,2,Blastoise,Base,main,Rare Holo
OBSIDIAN,19,Blastoise,200,Blastoise ex,151,alt_art_SIR,Special Illustration Rare
OBSIDIAN,19,Blastoise,184,Blastoise ex,151,alt_art_SIR,Ultra Rare
OBSIDIAN,19,Blastoise,2,Blastoise,Celebrations: Classic Collection,alt_art_SIR,Classic Collection
OBSIDIAN,19,Blastoise,18,Radiant Blastoise,Pokémon GO,alt_art_SIR,Radiant Rare
OBSIDIAN,19,Blastoise,SWSH103,Blastoise VMAX,SWSH Black Star Promos,promo,Promo
OBSIDIAN,19,Blastoise,SWSH101,Blastoise V,SWSH Black Star Promos,promo,Promo
OBSIDIAN,19,Piplup,215,Blastoise & Piplup-GX,Cosmic Eclipse,main,Rare Ultra
OBSIDIAN,19,Piplup,253,Blastoise & Piplup-GX,Cosmic Eclipse,main,Rare Rainbow
OBSIDIAN,19,Piplup,214,Blastoise & Piplup-GX,Cosmic Eclipse,main,Rare Ultra
OBSIDIAN,19,Piplup,15,Piplup,POP Series 6,main,Common
OBSIDIAN,19,Piplup,38,Blastoise & Piplup-GX,Cosmic Eclipse,main,Rare Holo GX
OBSIDIAN,19,Piplup,98,Piplup,Phantasmal Flames,alt_art_SIR,Illustration Rare
OBSIDIAN,19,Piplup,20,Piplup,McDonald's Collection 2021,promo,
OBSIDIAN,19,Empoleon,117,Empoleon,Plasma Freeze,main,Rare Secret
OBSIDIAN,19,Empoleon,DP11,Empoleon LV.X,DP Black Star Promos,main,Promo
OBSIDIAN,19,Empoleon,2,Empoleon,Stormfront,main,Rare Holo
OBSIDIAN,19,Empoleon,120,Empoleon LV.X,Diamond & Pearl,main,Rare Holo LV.X
OBSIDIAN,19,Empoleon,146,Empoleon V,Battle Styles,main,Rare Ultra
OBSIDIAN,19,Empoleon,4,Empoleon,Diamond & Pearl,main,Rare Holo
OBSIDIAN,19,Empoleon,145,Empoleon V,Battle Styles,alt_art_SIR,Rare Ultra
OBSIDIAN,19,Empoleon,114,Empoleon ex,Phantasmal Flames,alt_art_SIR,Ultra Rare
OBSIDIAN,19,Empoleon,SWSH108,Empoleon V,SWSH Black Star Promos,promo,Promo
OBSIDIAN,19,Starmie,H28,Starmie,Skyridge,main,Rare Holo
OBSIDIAN,19,Starmie,5,Starmie,Pokémon Rumble,main,
OBSIDIAN,19,Starmie,TG13,Starmie V,Astral Radiance Trainer Gallery,main,Rare Holo V
OBSIDIAN,19,Starmie,44,Starmie,Skyridge,main,Uncommon
OBSIDIAN,19,Starmie,30,Starmie,Skyridge,main,Rare
OBSIDIAN,19,Starmie,119,Starmie,Paldean Fates,alt_art_SIR,Shiny Rare
OBSIDIAN,19,Starmie,166,Starmie V,Astral Radiance,alt_art_SIR,Rare Ultra
OBSIDIAN,19,Starmie,102,Mega Starmie ex,Perfect Order,alt_art_SIR,Ultra Rare
OBSIDIAN,19,Starmie,118,Mega Starmie ex,Perfect Order,alt_art_SIR,Special Illustration Rare
OBSIDIAN,19,Squirtle,95,Squirtle,Legendary Collection,main,Common
OBSIDIAN,19,Squirtle,46,Squirtle,Team Magma vs Team Aqua,main,Common
OBSIDIAN,19,Squirtle,132,Squirtle,Expedition Base Set,main,Common
OBSIDIAN,19,Squirtle,83,Squirtle,FireRed & LeafGreen,main,Common
OBSIDIAN,19,Squirtle,82,Squirtle,FireRed & LeafGreen,main,Common
OBSIDIAN,19,Squirtle,64,Squirtle,Crystal Guardians,main,Common
OBSIDIAN,19,Squirtle,148,Squirtle,Stellar Crown,alt_art_SIR,Illustration Rare
OBSIDIAN,19,Squirtle,170,Squirtle,151,alt_art_SIR,Illustration Rare
OBSIDIAN,19,Squirtle,SWSH233,Squirtle,SWSH Black Star Promos,promo,Promo
OBSIDIAN,19,Squirtle,17,Squirtle,McDonald's Collection 2021,promo,
OBSIDIAN,19,Squirtle,48,Squirtle,Scarlet & Violet Black Star Promos,promo,Promo
OBSIDIAN,19,Wartortle,39,Dark Wartortle,Legendary Collection,main,Uncommon
OBSIDIAN,19,Wartortle,92,Wartortle,Expedition Base Set,main,Uncommon
OBSIDIAN,19,Wartortle,15,Wartortle,Southern Islands,main,
OBSIDIAN,19,Wartortle,42,Wartortle,Crystal Guardians,main,Uncommon
OBSIDIAN,19,Wartortle,171,Wartortle,151,main,Illustration Rare
OBSIDIAN,19,Prinplup,58,Prinplup,Diamond & Pearl,main,Uncommon
OBSIDIAN,19,Prinplup,59,Prinplup,Platinum,main,Uncommon
OBSIDIAN,19,Prinplup,44,Prinplup,Majestic Dawn,main,Uncommon
OBSIDIAN,19,Prinplup,28,Prinplup,Dark Explorers,main,Uncommon
OBSIDIAN,19,Staryu,104,Staryu,Skyridge,main,Common
OBSIDIAN,19,Staryu,103,Staryu,Skyridge,main,Common
OBSIDIAN,19,Staryu,4,Staryu,McDonald's Collection 2015,main,
OBSIDIAN,19,Staryu,20,Staryu,Perfect Order,main,Common
OBSIDIAN,19,Staryu,118,Staryu,Paldean Fates,alt_art_SIR,Shiny Rare
OBSIDIAN,19,Poliwag,87,Poliwag,Skyridge,main,Common
OBSIDIAN,19,Poliwag,75,Poliwag,FireRed & LeafGreen,main,Common
OBSIDIAN,19,Poliwag,125,Poliwag,Expedition Base Set,main,Common
OBSIDIAN,19,Poliwhirl,88,Poliwhirl,Skyridge,main,Common
OBSIDIAN,19,Poliwhirl,89,Poliwhirl,Expedition Base Set,main,Uncommon
OBSIDIAN,19,Poliwhirl,68,Poliwhirl,Unseen Forces,main,Common
OBSIDIAN,19,Poliwhirl,46,Poliwhirl,FireRed & LeafGreen,main,Uncommon
OBSIDIAN,19,Poliwhirl,176,Poliwhirl,151,alt_art_SIR,Illustration Rare
OBSIDIAN,19,Poliwrath,H24,Poliwrath,Skyridge,main,Rare Holo
OBSIDIAN,19,Poliwrath,11,Poliwrath,Unseen Forces,main,Rare Holo
OBSIDIAN,19,Poliwrath,31,Misty's Poliwrath,Gym Heroes,main,Rare
OBSIDIAN,19,Poliwrath,26,Poliwrath,Skyridge,main,Rare
OBSIDIAN,19,Poliwrath,28,Poliwrath,Neo Discovery,main,Rare
OBSIDIAN,19,Politoed,H23,Politoed,Skyridge,main,Rare Holo
OBSIDIAN,19,Politoed,107,Politoed ex,Unseen Forces,main,Rare Holo EX
OBSIDIAN,19,Politoed,8,Politoed,Neo Discovery,main,Rare Holo
OBSIDIAN,19,Politoed,25,Politoed,Skyridge,main,Rare
OBSIDIAN,19,Politoed,12,Politoed,Legends Awakened,main,Rare Holo
OBSIDIAN,20,Groudon,111,Groudon ★,Delta Species,main,Rare Holo Star
OBSIDIAN,20,Groudon,15,Team Magma's Groudon-EX,Double Crisis,main,Rare Ultra
OBSIDIAN,20,Groudon,106,Groudon-EX,Dark Explorers,main,Rare Ultra
OBSIDIAN,20,Groudon,9,Team Magma's Groudon,Team Magma vs Team Aqua,main,Rare Holo
OBSIDIAN,20,Groudon,97,Primal Groudon-EX,Ancient Origins,main,Rare Secret
OBSIDIAN,20,Groudon,93,Groudon ex,Hidden Legends,main,Rare Holo EX
OBSIDIAN,20,Groudon,88,Kyogre & Groudon LEGEND,HS—Undaunted,main,LEGEND
OBSIDIAN,20,Groudon,199,Groudon,Paradox Rift,alt_art_SIR,Illustration Rare
OBSIDIAN,20,Groudon,9,Team Magma's Groudon,Celebrations: Classic Collection,alt_art_SIR,Classic Collection
OBSIDIAN,20,Kyogre,112,Kyogre ★,Delta Species,main,Rare Holo Star
OBSIDIAN,20,Kyogre,6,Team Aqua's Kyogre-EX,Double Crisis,main,Rare Ultra
OBSIDIAN,20,Kyogre,96,Primal Kyogre-EX,Ancient Origins,main,Rare Secret
OBSIDIAN,20,Kyogre,3,Team Aqua's Kyogre,Team Magma vs Team Aqua,main,Rare Holo
OBSIDIAN,20,Kyogre,149,Primal Kyogre-EX,Primal Clash,main,Rare Ultra
OBSIDIAN,20,Kyogre,95,Kyogre ex,Crystal Guardians,main,Rare Holo EX
OBSIDIAN,20,Kyogre,104,Kyogre-EX,Dark Explorers,main,Rare Ultra
OBSIDIAN,20,Kyogre,21,Kyogre,Shining Fates,alt_art_SIR,Amazing Rare
OBSIDIAN,20,Kyogre,178,Kyogre ex,Scarlet & Violet Promos,promo,Promo
OBSIDIAN,21,Greninja,201,Greninja & Zoroark-GX,Unbroken Bonds,main,Rare Ultra
OBSIDIAN,21,Greninja,214,Greninja ex,Twilight Masquerade,main,Special Illustration Rare
OBSIDIAN,21,Greninja,XY133,Ash-Greninja-EX,XY Black Star Promos,main,Promo
OBSIDIAN,21,Greninja,133,Greninja-GX,Forbidden Light,main,Rare Rainbow
OBSIDIAN,21,Greninja,XY24,Greninja,XY Black Star Promos,main,Promo
OBSIDIAN,21,Greninja,SV56,Greninja-GX,Hidden Fates Shiny Vault,main,Rare Shiny GX
OBSIDIAN,21,Greninja,222,Greninja & Zoroark-GX,Unbroken Bonds,main,Rare Rainbow
OBSIDIAN,21,Greninja,132,Greninja ex,Scarlet & Violet Black Star Promos,main,Promo
OBSIDIAN,21,Greninja,198,Greninja ex,Twilight Masquerade,alt_art_SIR,Ultra Rare
OBSIDIAN,21,Greninja,46,Radiant Greninja,Astral Radiance,alt_art_SIR,Radiant Rare
OBSIDIAN,21,Greninja,100,Mega Greninja ex,Chaos Rising,alt_art_SIR,Ultra Rare
OBSIDIAN,21,Greninja,116,Mega Greninja ex,Chaos Rising,alt_art_SIR,Special Illustration Rare
OBSIDIAN,21,Greninja,122,Mega Greninja ex,Chaos Rising,alt_art_SIR,Mega Hyper Rare
OBSIDIAN,21,Greninja,148,Greninja ex,30th Celebration,alt_art_SIR,Special Illustration Rare
OBSIDIAN,21,Greninja,SWSH305,Greninja,SWSH Black Star Promos,promo,Promo
OBSIDIAN,21,Greninja,SWSH144,Greninja ★,SWSH Black Star Promos,promo,Promo
OBSIDIAN,21,Greninja,SWSH157,Greninja V-UNION,SWSH Black Star Promos,promo,Promo
OBSIDIAN,21,Greninja,SWSH158,Greninja V-UNION,SWSH Black Star Promos,promo,Promo
OBSIDIAN,21,Greninja,SWSH156,Greninja V-UNION,SWSH Black Star Promos,promo,Promo
OBSIDIAN,21,Greninja,SWSH155,Greninja V-UNION,SWSH Black Star Promos,promo,Promo
OBSIDIAN,21,Greninja,54,Greninja ex,Scarlet & Violet Black Star Promos,promo,Promo
OBSIDIAN,21,Zoroark,102,Zoroark,Next Destinies,main,Rare Secret
OBSIDIAN,21,Zoroark,201,Greninja & Zoroark-GX,Unbroken Bonds,main,Rare Ultra
OBSIDIAN,21,Zoroark,222,Greninja & Zoroark-GX,Unbroken Bonds,main,Rare Rainbow
OBSIDIAN,21,Zoroark,143,Zoroark,White Flare,main,Illustration Rare
OBSIDIAN,21,Zoroark,200,Greninja & Zoroark-GX,Unbroken Bonds,main,Rare Ultra
OBSIDIAN,21,Zoroark,107,Greninja & Zoroark-GX,Unbroken Bonds,main,Rare Holo GX
OBSIDIAN,21,Zoroark,GG56,Hisuian Zoroark VSTAR,Crown Zenith Galarian Gallery,main,Rare Holo VSTAR
OBSIDIAN,21,Zoroark,185,N's Zoroark ex,Journey Together,alt_art_SIR,Special Illustration Rare
OBSIDIAN,21,Zoroark,189,N's Zoroark ex,Journey Together,alt_art_SIR,Hyper Rare
OBSIDIAN,21,Zoroark,203,Hisuian Zoroark VSTAR,Lost Origin,alt_art_SIR,Rare Rainbow
OBSIDIAN,21,Zoroark,213,Hisuian Zoroark VSTAR,Lost Origin,alt_art_SIR,Rare Secret
OBSIDIAN,21,Zoroark,175,N's Zoroark ex,Journey Together,alt_art_SIR,Ultra Rare
OBSIDIAN,21,Zoroark,147,Hisuian Zoroark VSTAR,Lost Origin,alt_art_SIR,Rare Holo VSTAR
OBSIDIAN,21,Zoroark,286,N's Zoroark ex,Ascended Heroes,alt_art_SIR,Special Illustration Rare
OBSIDIAN,21,Zoroark,SWSH297,Hisuian Zoroark V,SWSH Black Star Promos,promo,Promo
OBSIDIAN,21,Zoroark,SWSH298,Hisuian Zoroark VSTAR,SWSH Black Star Promos,promo,Promo
OBSIDIAN,21,Froakie,XY03,Froakie,XY Black Star Promos,main,Promo
OBSIDIAN,21,Froakie,4,Froakie,McDonald's Collection 2014,main,
OBSIDIAN,21,Froakie,20,Froakie,Chaos Rising,main,Common
OBSIDIAN,21,Froakie,88,Froakie,Chaos Rising,main,Illustration Rare
OBSIDIAN,21,Froakie,22,Froakie,McDonald's Collection 2021,promo,
OBSIDIAN,21,Frogadier,SV12,Frogadier,Hidden Fates Shiny Vault,main,Rare Shiny
OBSIDIAN,21,Frogadier,13,Frogadier,Kalos Starter Set,main,
OBSIDIAN,21,Frogadier,21,Frogadier,Chaos Rising,main,Common
OBSIDIAN,21,Frogadier,89,Frogadier,Chaos Rising,main,Illustration Rare
OBSIDIAN,21,Zorua,BW12,Zorua,BW Black Star Promos,main,Promo
OBSIDIAN,21,Zorua,142,Zorua,White Flare,main,Illustration Rare
OBSIDIAN,21,Zorua,136,N's Zorua,Ascended Heroes,main,Common
OBSIDIAN,21,Zorua,95,Zorua,30th Celebration,main,Common
OBSIDIAN,21,Zorua,75,Zorua,Shrouded Fable,alt_art_SIR,Illustration Rare
OBSIDIAN,21,Zorua,145,Hisuian Zorua,30th Celebration,alt_art_SIR,Illustration Rare
OBSIDIAN,21,Zorua,189,N's Zorua,Scarlet & Violet Promos,promo,Promo
OBSIDIAN,22,Gardevoir,109,Gardevoir,Dark Explorers,main,Rare Secret
OBSIDIAN,22,Gardevoir,205,Gardevoir & Sylveon-GX,Unbroken Bonds,main,Rare Ultra
OBSIDIAN,22,Gardevoir,7,Gardevoir,Ruby & Sapphire,main,Rare Holo
OBSIDIAN,22,Gardevoir,96,Gardevoir ex,Sandstorm,main,Rare Holo EX
OBSIDIAN,22,Gardevoir,131,Gardevoir LV.X,Secret Wonders,main,Rare Holo LV.X
OBSIDIAN,22,Gardevoir,6,Gardevoir δ,Delta Species,main,Rare Holo
OBSIDIAN,22,Gardevoir,187,Mega Gardevoir ex,Mega Evolution,main,Mega Hyper Rare
OBSIDIAN,22,Gardevoir,225,Gardevoir & Sylveon-GX,Unbroken Bonds,main,Rare Rainbow
OBSIDIAN,22,Gardevoir,178,Mega Gardevoir ex,Mega Evolution,alt_art_SIR,Special Illustration Rare
OBSIDIAN,22,Gardevoir,233,Gardevoir ex,Paldean Fates,alt_art_SIR,Special Illustration Rare
OBSIDIAN,22,Gardevoir,245,Gardevoir ex,Scarlet & Violet,alt_art_SIR,Special Illustration Rare
OBSIDIAN,22,Gardevoir,76,Gardevoir VMAX,Champion's Path,alt_art_SIR,Rare Rainbow
OBSIDIAN,22,Gardevoir,93,Gardevoir ex δ,Celebrations: Classic Collection,alt_art_SIR,Classic Collection
OBSIDIAN,22,Gardevoir,217,Gardevoir ex,Paldean Fates,alt_art_SIR,Shiny Ultra Rare
OBSIDIAN,22,Gardevoir,TG05,Gardevoir,Silver Tempest Trainer Gallery,alt_art_SIR,Trainer Gallery Rare Holo
OBSIDIAN,22,Gardevoir,TG05,Gardevoir,Astral Radiance Trainer Gallery,alt_art_SIR,Trainer Gallery Rare Holo
OBSIDIAN,22,Gardevoir,228,Gardevoir ex,Scarlet & Violet,alt_art_SIR,Ultra Rare
OBSIDIAN,22,Gardevoir,17,Gardevoir VMAX,Champion's Path,alt_art_SIR,Rare Holo VMAX
OBSIDIAN,22,Gardevoir,159,Mega Gardevoir ex,Mega Evolution,alt_art_SIR,Ultra Rare
OBSIDIAN,22,Gardevoir,70,Gardevoir V,Champion's Path,alt_art_SIR,Rare Ultra
OBSIDIAN,22,Gardevoir,69,Radiant Gardevoir,Lost Origin,alt_art_SIR,Radiant Rare
OBSIDIAN,22,Gardevoir,SWSH105,Gardevoir V,SWSH Black Star Promos,promo,Promo
OBSIDIAN,22,Ralts,211,Ralts,Scarlet & Violet,main,Illustration Rare
OBSIDIAN,22,Ralts,61,Ralts,Emerald,main,Common
OBSIDIAN,22,Ralts,61,Ralts δ,Dragon Frontiers,main,Common
OBSIDIAN,22,Ralts,59,Ralts,Power Keepers,main,Common
OBSIDIAN,22,Ralts,87,Ralts,Ascended Heroes,main,Common
OBSIDIAN,22,Ralts,153,Ralts,Paldean Fates,alt_art_SIR,Shiny Rare
OBSIDIAN,22,Kirlia,35,Kirlia,Ruby & Sapphire,main,Uncommon
OBSIDIAN,22,Kirlia,33,Kirlia,Emerald,main,Uncommon
OBSIDIAN,22,Kirlia,92a,Kirlia,Burning Shadows,main,Uncommon
OBSIDIAN,22,Kirlia,88,Kirlia,Ascended Heroes,main,Common
OBSIDIAN,22,Kirlia,212,Kirlia,Scarlet & Violet,alt_art_SIR,Illustration Rare
OBSIDIAN,22,Kirlia,154,Kirlia,Paldean Fates,alt_art_SIR,Shiny Rare
OBSIDIAN,22,Kirlia,SWSH271,Kirlia,SWSH Black Star Promos,promo,Promo
OBSIDIAN,22,Gallade,106,Gallade E4 LV.X,Rising Rivals,main,Rare Holo LV.X
OBSIDIAN,22,Gallade,100,M Gallade-EX,Roaring Skies,main,Rare Ultra
OBSIDIAN,22,Gallade,2,Gallade,POP Series 7,main,Rare
OBSIDIAN,22,Gallade,20,Gallade E4,Rising Rivals,main,Rare
OBSIDIAN,22,Gallade,48,Mega Gallade ex,Chaos Rising,main,Double Rare
OBSIDIAN,22,Gallade,181,Gallade V,Lost Origin,alt_art_SIR,Rare Ultra
OBSIDIAN,22,Gallade,SWSH258,Gallade V,SWSH Black Star Promos,promo,Promo
OBSIDIAN,23,Magikarp,161,Magikarp & Wailord-GX,Team Up,main,Rare Ultra
OBSIDIAN,23,Magikarp,52,Magikarp,Legendary Collection,main,Uncommon
OBSIDIAN,23,Magikarp,66,Shining Magikarp,Neo Revelation,main,Rare Shining
OBSIDIAN,23,Magikarp,203,Magikarp,Paldea Evolved,main,Illustration Rare
OBSIDIAN,23,Magikarp,67,Magikarp,FireRed & LeafGreen,main,Common
OBSIDIAN,23,Magikarp,69,Magikarp δ,Holon Phantoms,main,Common
OBSIDIAN,23,Magikarp,SM166,Magikarp & Wailord-GX,SM Black Star Promos,main,Promo
OBSIDIAN,23,Magikarp,66,Shining Magikarp,Celebrations: Classic Collection,alt_art_SIR,Classic Collection
OBSIDIAN,23,Magikarp,203,Magikarp,30th Celebration: Classic Collection,alt_art_SIR,Illustration Rare
OBSIDIAN,23,Wailord,161,Magikarp & Wailord-GX,Team Up,main,Rare Ultra
OBSIDIAN,23,Wailord,SM166,Magikarp & Wailord-GX,SM Black Star Promos,main,Promo
OBSIDIAN,23,Wailord,100,Wailord ex,Sandstorm,main,Rare Holo EX
OBSIDIAN,23,Wailord,183,Magikarp & Wailord-GX,Team Up,main,Rare Rainbow
OBSIDIAN,23,Wailord,162,Wailord,Journey Together,alt_art_SIR,Illustration Rare
OBSIDIAN,23,Wailord,97,Wailord ex,Pitch Black,alt_art_SIR,Ultra Rare
OBSIDIAN,23,Gyarados,H10,Gyarados,Skyridge,main,Rare Holo
OBSIDIAN,23,Gyarados,11,Gyarados,Skyridge,main,Rare
OBSIDIAN,23,Gyarados,65,Shining Gyarados,Neo Revelation,main,Rare Shining
OBSIDIAN,23,Gyarados,12,Gyarados,Legendary Collection,main,Rare Holo
OBSIDIAN,23,Gyarados,123,Gyarados,HeartGold & SoulSilver,main,Rare Holo
OBSIDIAN,23,Gyarados,XY60,Gyarados,XY Black Star Promos,main,Promo
OBSIDIAN,23,Gyarados,8,Gyarados δ,Holon Phantoms,main,Rare Holo
OBSIDIAN,23,Gyarados,6,Gyarados,Pokémon Rumble,main,
OBSIDIAN,23,Gyarados,207,Gyarados VMAX,Evolving Skies,alt_art_SIR,Rare Rainbow
OBSIDIAN,23,Gyarados,171,Gyarados V,Evolving Skies,alt_art_SIR,Rare Ultra
OBSIDIAN,23,Gyarados,225,Gyarados ex,Scarlet & Violet,alt_art_SIR,Ultra Rare
OBSIDIAN,23,Gyarados,29,Gyarados VMAX,Evolving Skies,alt_art_SIR,Rare Holo VMAX
OBSIDIAN,23,Gyarados,8,Dark Gyarados,Celebrations: Classic Collection,alt_art_SIR,Classic Collection
OBSIDIAN,23,Wailmer,69,Wailmer,Legend Maker,main,Common
OBSIDIAN,23,Wailmer,83,Wailmer,Sandstorm,main,Common
OBSIDIAN,23,Wailmer,15,Wailmer,Pitch Black,main,Common
OBSIDIAN,24,Bulbasaur,68,Bulbasaur,Legendary Collection,main,Common
OBSIDIAN,24,Bulbasaur,95,Bulbasaur,Expedition Base Set,main,Common
OBSIDIAN,24,Bulbasaur,39,Bulbasaur,Team Magma vs Team Aqua,main,Common
OBSIDIAN,24,Bulbasaur,94,Bulbasaur,Expedition Base Set,main,Common
OBSIDIAN,24,Bulbasaur,54,Bulbasaur,FireRed & LeafGreen,main,Common
OBSIDIAN,24,Bulbasaur,45,Bulbasaur,Crystal Guardians,main,Common
OBSIDIAN,24,Bulbasaur,143,Bulbasaur,Stellar Crown,alt_art_SIR,Illustration Rare
OBSIDIAN,24,Bulbasaur,166,Bulbasaur,151,alt_art_SIR,Illustration Rare
OBSIDIAN,24,Bulbasaur,133,Bulbasaur,Mega Evolution,alt_art_SIR,Illustration Rare
OBSIDIAN,24,Bulbasaur,SWSH303,Bulbasaur,SWSH Black Star Promos,promo,Promo
OBSIDIAN,24,Bulbasaur,SWSH231,Bulbasaur,SWSH Black Star Promos,promo,Promo
OBSIDIAN,24,Bulbasaur,1,Bulbasaur,McDonald's Collection 2021,promo,
OBSIDIAN,24,Bulbasaur,46,Bulbasaur,Scarlet & Violet Black Star Promos,promo,Promo
OBSIDIAN,24,Ivysaur,47,Ivysaur,Legendary Collection,main,Uncommon
OBSIDIAN,24,Ivysaur,5,Ivysaur,Southern Islands,main,
OBSIDIAN,24,Ivysaur,35,Ivysaur,Crystal Guardians,main,Uncommon
OBSIDIAN,24,Ivysaur,35,Ivysaur,FireRed & LeafGreen,main,Uncommon
OBSIDIAN,24,Ivysaur,7,Ivysaur,POP Series 2,main,Uncommon
OBSIDIAN,24,Ivysaur,167,Ivysaur,151,alt_art_SIR,Illustration Rare
OBSIDIAN,24,Ivysaur,134,Ivysaur,Mega Evolution,alt_art_SIR,Illustration Rare
OBSIDIAN,24,Venusaur,18,Venusaur,Legendary Collection,main,Rare Holo
OBSIDIAN,24,Venusaur,4,Erika's Venusaur,Gym Challenge,main,Rare Holo
OBSIDIAN,24,Venusaur,112,Venusaur ex,FireRed & LeafGreen,main,Rare Holo EX
OBSIDIAN,24,Venusaur,1,Venusaur,Pokémon Rumble,main,
OBSIDIAN,24,Venusaur,13,Venusaur,Wizards Black Star Promos,main,Promo
OBSIDIAN,24,Venusaur,XY123,Venusaur-EX,XY Black Star Promos,main,Promo
OBSIDIAN,24,Venusaur,30,Venusaur,Expedition Base Set,main,Rare Holo
OBSIDIAN,24,Venusaur,15,Venusaur,Base,main,Rare Holo
OBSIDIAN,24,Venusaur,177,Mega Venusaur ex,Mega Evolution,alt_art_SIR,Special Illustration Rare
OBSIDIAN,24,Venusaur,198,Venusaur ex,151,alt_art_SIR,Special Illustration Rare
OBSIDIAN,24,Venusaur,182,Venusaur ex,151,alt_art_SIR,Ultra Rare
OBSIDIAN,24,Venusaur,155,Mega Venusaur ex,Mega Evolution,alt_art_SIR,Ultra Rare
OBSIDIAN,24,Venusaur,15,Venusaur,Celebrations: Classic Collection,alt_art_SIR,Classic Collection
OBSIDIAN,24,Venusaur,4,Radiant Venusaur,Pokémon GO,alt_art_SIR,Radiant Rare
OBSIDIAN,24,Venusaur,SWSH102,Venusaur VMAX,SWSH Black Star Promos,promo,Promo
OBSIDIAN,24,Venusaur,SWSH100,Venusaur V,SWSH Black Star Promos,promo,Promo
OBSIDIAN,25,Lucario,BW85,Lucario,BW Black Star Promos,main,Promo
OBSIDIAN,25,Lucario,12,Lucario,Pokémon Rumble,main,
OBSIDIAN,25,Lucario,188,Mega Lucario ex,Mega Evolution,main,Mega Hyper Rare
OBSIDIAN,25,Lucario,122,Lucario LV.X,Mysterious Treasures,main,Rare Holo LV.X
OBSIDIAN,25,Lucario,179,Mega Lucario ex,Mega Evolution,main,Special Illustration Rare
OBSIDIAN,25,Lucario,113,M Lucario-EX,Furious Fists,main,Rare Secret
OBSIDIAN,25,Lucario,107,Lucario-EX,Furious Fists,main,Rare Ultra
OBSIDIAN,25,Lucario,DP12,Lucario LV.X,DP Black Star Promos,main,Promo
OBSIDIAN,25,Lucario,174,Lucario,Paldean Fates,alt_art_SIR,Shiny Rare
OBSIDIAN,25,Lucario,160,Mega Lucario ex,Mega Evolution,alt_art_SIR,Ultra Rare
OBSIDIAN,25,Lucario,SWSH291,Lucario VSTAR,SWSH Black Star Promos,promo,Promo
OBSIDIAN,25,Lucario,SWSH186,Lucario,SWSH Black Star Promos,promo,Promo
OBSIDIAN,25,Lucario,17,Lucario ex,Scarlet & Violet Black Star Promos,promo,Promo
OBSIDIAN,25,Lucario,SWSH214,Lucario VSTAR,SWSH Black Star Promos,promo,Promo
OBSIDIAN,25,Lucario,SWSH213,Lucario V,SWSH Black Star Promos,promo,Promo
OBSIDIAN,25,Melmetal,224,Lucario & Melmetal-GX,Unbroken Bonds,main,Rare Rainbow
OBSIDIAN,25,Melmetal,SM192,Lucario & Melmetal-GX,SM Black Star Promos,main,Promo
OBSIDIAN,25,Melmetal,203,Lucario & Melmetal-GX,Unbroken Bonds,main,Rare Ultra
OBSIDIAN,25,Melmetal,120,Lucario & Melmetal-GX,Unbroken Bonds,main,Rare Holo GX
OBSIDIAN,25,Melmetal,80,Melmetal VMAX,Pokémon GO,main,Rare Rainbow
OBSIDIAN,25,Melmetal,48,Melmetal VMAX,Pokémon GO,alt_art_SIR,Rare Holo VMAX
OBSIDIAN,25,Melmetal,75,Melmetal V,Pokémon GO,alt_art_SIR,Rare Ultra
OBSIDIAN,25,Melmetal,104,Melmetal ex,Scarlet & Violet Black Star Promos,promo,Promo
OBSIDIAN,25,Melmetal,SWSH224,Melmetal V,SWSH Black Star Promos,promo,Promo
OBSIDIAN,25,Riolu,BW33,Riolu,BW Black Star Promos,main,Promo
OBSIDIAN,25,Riolu,16,Riolu,POP Series 8,main,Common
OBSIDIAN,25,Riolu,215,Riolu,Scarlet & Violet,main,Illustration Rare
OBSIDIAN,25,Riolu,8,Riolu,POP Series 6,main,Uncommon
OBSIDIAN,25,Riolu,112,Riolu,Ascended Heroes,main,Common
OBSIDIAN,25,Riolu,173,Riolu,Paldean Fates,alt_art_SIR,Shiny Rare
OBSIDIAN,25,Riolu,GG26,Riolu,Crown Zenith Galarian Gallery,alt_art_SIR,Trainer Gallery Rare Holo
OBSIDIAN,25,Meltan,179,Meltan,Temporal Forces,main,Illustration Rare
OBSIDIAN,25,Meltan,SM177,Meltan,SM Black Star Promos,main,Promo
OBSIDIAN,25,Meltan,128,Meltan,Unbroken Bonds,main,Common
OBSIDIAN,25,Meltan,102,Meltan,Stellar Crown,main,Common
OBSIDIAN,25,Scyther,13,Rocket's Scyther,Gym Heroes,main,Rare Holo
OBSIDIAN,25,Scyther,102,Rocket's Scyther ex,Team Rocket Returns,main,Rare Holo EX
OBSIDIAN,25,Scyther,106,Scyther,Aquapolis,main,Common
OBSIDIAN,25,Scyther,10,Scyther,Jungle,main,Rare Holo
OBSIDIAN,25,Scyther,102,Scyther ex,Ruby & Sapphire,main,Rare Holo EX
OBSIDIAN,25,Scyther,95,Scyther,Paldean Fates,alt_art_SIR,Shiny Rare
OBSIDIAN,25,Scizor,101,Rocket's Scizor ex,Team Rocket Returns,main,Rare Holo EX
OBSIDIAN,25,Scizor,10,Scizor,Neo Discovery,main,Rare Holo
OBSIDIAN,25,Scizor,9,Dark Scizor,Neo Destiny,main,Rare Holo
OBSIDIAN,25,Scizor,H21,Scizor,Aquapolis,main,Rare Holo
OBSIDIAN,25,Scizor,108,Scizor ex,Unseen Forces,main,Rare Holo EX
OBSIDIAN,25,Scizor,32,Scizor,Aquapolis,main,Rare
OBSIDIAN,25,Scizor,205,Scizor,Obsidian Flames,alt_art_SIR,Illustration Rare
OBSIDIAN,25,Scizor,193,Scizor VMAX,Darkness Ablaze,alt_art_SIR,Rare Rainbow
OBSIDIAN,25,Scizor,191,Scizor,Paldean Fates,alt_art_SIR,Shiny Rare
OBSIDIAN,25,Scizor,119,Scizor VMAX,Darkness Ablaze,alt_art_SIR,Rare Holo VMAX
OBSIDIAN,25,Scizor,183,Scizor V,Darkness Ablaze,alt_art_SIR,Rare Ultra
OBSIDIAN,25,Scizor,195,Scizor ex,Temporal Forces,alt_art_SIR,Ultra Rare
OBSIDIAN,25,Kleavor,196,Kleavor VSTAR,Astral Radiance,main,Rare Rainbow
OBSIDIAN,25,Kleavor,TG08,Kleavor,Astral Radiance Trainer Gallery,main,Trainer Gallery Rare Holo
OBSIDIAN,25,Kleavor,SWSH248,Kleavor V,SWSH Black Star Promos,main,Promo
OBSIDIAN,25,Kleavor,SWSH249,Kleavor VSTAR,SWSH Black Star Promos,main,Promo
OBSIDIAN,25,Tyrogue,63,Tyrogue,Aquapolis,main,Uncommon
OBSIDIAN,25,Tyrogue,33,Tyrogue,Unseen Forces,main,Rare
OBSIDIAN,25,Tyrogue,36,Tyrogue,Call of Legends,main,Rare
OBSIDIAN,25,Hitmonlee,13,Hitmonlee,Legendary Collection,main,Rare Holo
OBSIDIAN,25,Hitmonlee,7,Hitmonlee,Fossil,main,Rare Holo
OBSIDIAN,25,Hitmonlee,25,Hitmonlee,Unseen Forces,main,Rare
OBSIDIAN,25,Hitmonlee,81,Hitmonlee,Expedition Base Set,main,Uncommon
OBSIDIAN,25,Hitmonchan,11,Rocket's Hitmonchan,Gym Heroes,main,Rare Holo
OBSIDIAN,25,Hitmonchan,9,Rocket's Hitmonchan,Best of Game,main,Promo
OBSIDIAN,25,Hitmonchan,98,Rocket's Hitmonchan ex,Team Rocket Returns,main,Rare Holo EX
OBSIDIAN,25,Hitmonchan,98,Hitmonchan ex,Ruby & Sapphire,main,Rare Holo EX
OBSIDIAN,25,Hitmontop,3,Hitmontop,Neo Discovery,main,Rare Holo
OBSIDIAN,25,Hitmontop,26,Hitmontop,Unseen Forces,main,Rare
OBSIDIAN,25,Hitmontop,102,Hitmontop,Ascended Heroes,main,Common
OBSIDIAN,25,Hitmontop,240,Hitmontop,Ascended Heroes,alt_art_SIR,Illustration Rare
OBSIDIAN,26,Leafeon,205,Leafeon VMAX,Evolving Skies,main,Rare Rainbow
OBSIDIAN,26,Leafeon,144,Leafeon ex,Prismatic Evolutions,main,Special Illustration Rare
OBSIDIAN,26,Leafeon,99,Leafeon LV.X,Majestic Dawn,main,Rare Holo LV.X
OBSIDIAN,26,Leafeon,167,Leafeon V,Evolving Skies,main,Rare Ultra
OBSIDIAN,26,Leafeon,13,Leafeon,Call of Legends,main,Rare Holo
OBSIDIAN,26,Leafeon,7,Leafeon,Majestic Dawn,main,Rare Holo
OBSIDIAN,26,Leafeon,GG35,Leafeon VSTAR,Crown Zenith Galarian Gallery,alt_art_SIR,Rare Holo VSTAR
OBSIDIAN,26,Leafeon,204,Leafeon VMAX,Evolving Skies,alt_art_SIR,Rare Rainbow
OBSIDIAN,26,Leafeon,166,Leafeon V,Evolving Skies,alt_art_SIR,Rare Ultra
OBSIDIAN,26,Leafeon,8,Leafeon VMAX,Evolving Skies,alt_art_SIR,Rare Holo VMAX
OBSIDIAN,26,Leafeon,14,Leafeon VSTAR,Crown Zenith,alt_art_SIR,Rare Holo VSTAR
OBSIDIAN,26,Leafeon,SWSH191,Leafeon,SWSH Black Star Promos,promo,Promo
OBSIDIAN,26,Leafeon,SWSH195,Leafeon VSTAR,SWSH Black Star Promos,promo,Promo
OBSIDIAN,26,Leafeon,SWSH194,Leafeon V,SWSH Black Star Promos,promo,Promo
OBSIDIAN,26,Leafeon,170,Leafeon,Scarlet & Violet Promos,promo,Promo
OBSIDIAN,26,Glaceon,98,Glaceon LV.X,Majestic Dawn,main,Rare Holo LV.X
OBSIDIAN,26,Glaceon,5,Glaceon,Majestic Dawn,main,Rare Holo
OBSIDIAN,26,Glaceon,209,Glaceon VMAX,Evolving Skies,main,Rare Rainbow
OBSIDIAN,26,Glaceon,150,Glaceon ex,Prismatic Evolutions,main,Special Illustration Rare
OBSIDIAN,26,Glaceon,175,Glaceon V,Evolving Skies,main,Rare Ultra
OBSIDIAN,26,Glaceon,159,Glaceon-GX,Ultra Prism,main,Rare Rainbow
OBSIDIAN,26,Glaceon,GG40,Glaceon VSTAR,Crown Zenith Galarian Gallery,alt_art_SIR,Rare Holo VSTAR
OBSIDIAN,26,Glaceon,208,Glaceon VMAX,Evolving Skies,alt_art_SIR,Rare Rainbow
OBSIDIAN,26,Glaceon,174,Glaceon V,Evolving Skies,alt_art_SIR,Rare Ultra
OBSIDIAN,26,Glaceon,41,Glaceon VMAX,Evolving Skies,alt_art_SIR,Rare Holo VMAX
OBSIDIAN,26,Glaceon,SWSH192,Glaceon,SWSH Black Star Promos,promo,Promo
OBSIDIAN,26,Glaceon,SWSH197,Glaceon VSTAR,SWSH Black Star Promos,promo,Promo
OBSIDIAN,26,Glaceon,SWSH196,Glaceon V,SWSH Black Star Promos,promo,Promo
OBSIDIAN,26,Glaceon,171,Glaceon,Scarlet & Violet Promos,promo,Promo
OBSIDIAN,27,Articuno,2,Articuno,Legendary Collection,main,Rare Holo
OBSIDIAN,27,Articuno,148,Articuno,Supreme Victors,main,Rare Secret
OBSIDIAN,27,Articuno,96,Rocket's Articuno ex,Team Rocket Returns,main,Rare Holo EX
OBSIDIAN,27,Articuno,132,Articuno-EX,Plasma Storm,main,Rare Ultra
OBSIDIAN,27,Articuno,2,Articuno,Fossil,main,Rare Holo
OBSIDIAN,27,Articuno,114,Articuno ex,FireRed & LeafGreen,main,Rare Secret
OBSIDIAN,27,Articuno,170,Galarian Articuno V,Chilling Reign,alt_art_SIR,Rare Ultra
OBSIDIAN,27,Articuno,161,Articuno,Journey Together,alt_art_SIR,Illustration Rare
OBSIDIAN,27,Articuno,181,Galarian Articuno V,Brilliant Stars,alt_art_SIR,Rare Secret
OBSIDIAN,27,Articuno,169,Galarian Articuno V,Chilling Reign,alt_art_SIR,Rare Ultra
OBSIDIAN,27,Articuno,132,Articuno,30th Celebration,alt_art_SIR,Illustration Rare
OBSIDIAN,27,Articuno,SWSH123,Galarian Articuno,SWSH Black Star Promos,promo,Promo
OBSIDIAN,27,Articuno,SWSH282,Galarian Articuno,SWSH Black Star Promos,promo,Promo
OBSIDIAN,27,Zapdos,106,Rocket's Zapdos ex,Team Rocket Returns,main,Rare Holo EX
OBSIDIAN,27,Zapdos,19,Zapdos,Legendary Collection,main,Rare Holo
OBSIDIAN,27,Zapdos,H32,Zapdos,Aquapolis,main,Rare Holo
OBSIDIAN,27,Zapdos,8,Zapdos,Pokémon Rumble,main,
OBSIDIAN,27,Zapdos,116,Zapdos ex,FireRed & LeafGreen,main,Rare Secret
OBSIDIAN,27,Zapdos,150,Zapdos,Supreme Victors,main,Rare Secret
OBSIDIAN,27,Zapdos,202,Zapdos ex,151,alt_art_SIR,Special Illustration Rare
OBSIDIAN,27,Zapdos,174,Galarian Zapdos V,Chilling Reign,alt_art_SIR,Rare Ultra
OBSIDIAN,27,Zapdos,182,Galarian Zapdos V,Brilliant Stars,alt_art_SIR,Rare Secret
OBSIDIAN,27,Zapdos,192,Zapdos ex,151,alt_art_SIR,Ultra Rare
OBSIDIAN,27,Zapdos,173,Galarian Zapdos V,Chilling Reign,alt_art_SIR,Rare Ultra
OBSIDIAN,27,Zapdos,15,Rocket's Zapdos,Celebrations: Classic Collection,alt_art_SIR,Classic Collection
OBSIDIAN,27,Zapdos,133,Zapdos,30th Celebration,alt_art_SIR,Illustration Rare
OBSIDIAN,27,Zapdos,SWSH124,Galarian Zapdos,SWSH Black Star Promos,promo,Promo
OBSIDIAN,27,Zapdos,SWSH283,Galarian Zapdos,SWSH Black Star Promos,promo,Promo
OBSIDIAN,27,Zapdos,157,Zapdos,Scarlet & Violet Black Star Promos,promo,Promo
OBSIDIAN,27,Zapdos,49,Zapdos ex,Scarlet & Violet Black Star Promos,promo,Promo
OBSIDIAN,27,Moltres,100,Rocket's Moltres ex,Team Rocket Returns,main,Rare Holo EX
OBSIDIAN,27,Moltres,149,Moltres,Supreme Victors,main,Rare Secret
OBSIDIAN,27,Moltres,H20,Moltres,Skyridge,main,Rare Holo
OBSIDIAN,27,Moltres,1,Blaine's Moltres,Gym Heroes,main,Rare Holo
OBSIDIAN,27,Moltres,177,Galarian Moltres V,Chilling Reign,main,Rare Ultra
OBSIDIAN,27,Moltres,12,Rocket's Moltres,Gym Heroes,main,Rare Holo
OBSIDIAN,27,Moltres,229,Team Rocket's Moltres ex,Destined Rivals,alt_art_SIR,Special Illustration Rare
OBSIDIAN,27,Moltres,183,Galarian Moltres V,Brilliant Stars,alt_art_SIR,Rare Secret
OBSIDIAN,27,Moltres,176,Galarian Moltres V,Chilling Reign,alt_art_SIR,Rare Ultra
OBSIDIAN,27,Moltres,208,Team Rocket's Moltres ex,Destined Rivals,alt_art_SIR,Ultra Rare
OBSIDIAN,27,Moltres,130,Moltres,30th Celebration,alt_art_SIR,Illustration Rare
OBSIDIAN,27,Moltres,SWSH185,Moltres,SWSH Black Star Promos,promo,Promo
OBSIDIAN,27,Moltres,SWSH125,Galarian Moltres,SWSH Black Star Promos,promo,Promo
OBSIDIAN,27,Moltres,SWSH284,Galarian Moltres,SWSH Black Star Promos,promo,Promo
OBSIDIAN,27,Ho-Oh,149,Ho-oh,Skyridge,main,Rare Secret
OBSIDIAN,27,Ho-Oh,7,Ho-oh,Neo Revelation,main,Rare Holo
OBSIDIAN,27,Ho-Oh,104,Ho-Oh ex,Unseen Forces,main,Rare Holo EX
OBSIDIAN,27,Ho-Oh,111,Ho-Oh LEGEND,HeartGold & SoulSilver,main,LEGEND
OBSIDIAN,27,Ho-Oh,119,Ho-Oh-EX,Dragons Exalted,main,Rare Ultra
OBSIDIAN,27,Ho-Oh,112,Ho-Oh LEGEND,HeartGold & SoulSilver,main,LEGEND
OBSIDIAN,27,Ho-Oh,230,Ethan's Ho-Oh ex,Destined Rivals,main,Special Illustration Rare
OBSIDIAN,27,Ho-Oh,239,Ethan's Ho-Oh ex,Destined Rivals,alt_art_SIR,Hyper Rare
OBSIDIAN,27,Ho-Oh,187,Ho-Oh V,Silver Tempest,alt_art_SIR,Rare Ultra
OBSIDIAN,27,Ho-Oh,209,Ethan's Ho-Oh ex,Destined Rivals,alt_art_SIR,Ultra Rare
OBSIDIAN,28,Snorlax,64,Snorlax,Legendary Collection,main,Uncommon
OBSIDIAN,28,Snorlax,111,Snorlax LV.X,Rising Rivals,main,Rare Holo LV.X
OBSIDIAN,28,Snorlax,49,Snorlax,Wizards Black Star Promos,main,Promo
OBSIDIAN,28,Snorlax,104,Rocket's Snorlax ex,Team Rocket Returns,main,Rare Holo EX
OBSIDIAN,28,Snorlax,11,Snorlax,Jungle,main,Rare Holo
OBSIDIAN,28,Snorlax,191,Eevee & Snorlax-GX,Team Up,main,Rare Rainbow
OBSIDIAN,28,Snorlax,SWSH068,Snorlax,SWSH Black Star Promos,main,Promo
OBSIDIAN,28,Snorlax,15,Snorlax,FireRed & LeafGreen,main,Rare Holo
OBSIDIAN,28,Snorlax,224,Snorlax,Chilling Reign,alt_art_SIR,Rare Secret
OBSIDIAN,28,Snorlax,206,Snorlax VMAX,Sword & Shield,alt_art_SIR,Rare Rainbow
OBSIDIAN,28,Snorlax,142,Snorlax VMAX,Sword & Shield,alt_art_SIR,Rare Holo VMAX
OBSIDIAN,28,Snorlax,202,Snorlax,Paldean Fates,alt_art_SIR,Shiny Rare
OBSIDIAN,28,Snorlax,197,Snorlax V,Sword & Shield,alt_art_SIR,Rare Ultra
OBSIDIAN,28,Snorlax,TG10,Snorlax,Lost Origin Trainer Gallery,alt_art_SIR,Trainer Gallery Rare Holo
OBSIDIAN,28,Snorlax,SWSH032,Snorlax,SWSH Black Star Promos,promo,Promo
OBSIDIAN,28,Snorlax,51,Snorlax,Scarlet & Violet Black Star Promos,promo,Promo
OBSIDIAN,28,Snorlax,184,Hop's Snorlax,Scarlet & Violet Promos,promo,Promo
OBSIDIAN,28,Snorlax,122,Snorlax,Scarlet & Violet Black Star Promos,promo,Promo
OBSIDIAN,28,Snorlax,SWSH119,Snorlax,SWSH Black Star Promos,promo,Promo
OBSIDIAN,28,Ditto,37,Ditto,Delta Species,main,Uncommon
OBSIDIAN,28,Ditto,40,Ditto,Delta Species,main,Uncommon
OBSIDIAN,28,Ditto,36,Ditto,Delta Species,main,Uncommon
OBSIDIAN,28,Ditto,39,Ditto,Delta Species,main,Uncommon
OBSIDIAN,28,Ditto,64,Ditto,Delta Species,main,Common
OBSIDIAN,28,Ditto,61,Ditto,Delta Species,main,Common
OBSIDIAN,28,Ditto,201,Ditto,Paldean Fates,alt_art_SIR,Shiny Rare
OBSIDIAN,28,Ditto,GG22,Ditto,Crown Zenith Galarian Gallery,alt_art_SIR,Trainer Gallery Rare Holo
OBSIDIAN,28,Ditto,SV119,Ditto VMAX,Shining Fates Shiny Vault,alt_art_SIR,Rare Holo VMAX
OBSIDIAN,28,Ditto,51,Ditto VMAX,Shining Fates,alt_art_SIR,Rare Holo VMAX
OBSIDIAN,28,Psyduck,88,Psyduck,Legendary Collection,main,Common
OBSIDIAN,28,Psyduck,104,Psyduck,Aquapolis,main,Common
OBSIDIAN,28,Psyduck,73,Psyduck,Sandstorm,main,Common
OBSIDIAN,28,Psyduck,218,Slowpoke & Psyduck-GX,Unified Minds,main,Rare Ultra
OBSIDIAN,28,Psyduck,44,Psyduck,Team Magma vs Team Aqua,main,Common
OBSIDIAN,28,Psyduck,175,Psyduck,151,alt_art_SIR,Illustration Rare
OBSIDIAN,28,Psyduck,193,Misty's Psyduck,Destined Rivals,alt_art_SIR,Illustration Rare
OBSIDIAN,28,Psyduck,226,Psyduck,Ascended Heroes,alt_art_SIR,Illustration Rare
OBSIDIAN,28,Golduck,43,Golduck,Legendary Collection,main,Uncommon
OBSIDIAN,28,Golduck,12,Misty's Golduck,Gym Challenge,main,Rare Holo
OBSIDIAN,28,Golduck,35,Dark Golduck,Team Rocket Returns,main,Uncommon
OBSIDIAN,28,Golduck,50,Golduck,Aquapolis,main,Uncommon
OBSIDIAN,28,Slowpoke,218,Slowpoke & Psyduck-GX,Unified Minds,main,Rare Ultra
OBSIDIAN,28,Slowpoke,93,Slowpoke,Legendary Collection,main,Common
OBSIDIAN,28,Slowpoke,239,Slowpoke & Psyduck-GX,Unified Minds,main,Rare Rainbow
OBSIDIAN,28,Slowpoke,217,Slowpoke & Psyduck-GX,Unified Minds,main,Rare Ultra
OBSIDIAN,28,Slowpoke,108,Slowpoke,Aquapolis,main,Common
OBSIDIAN,28,Slowpoke,204,Slowpoke,Scarlet & Violet,alt_art_SIR,Illustration Rare
OBSIDIAN,28,Slowpoke,116,Slowpoke,Paldean Fates,alt_art_SIR,Shiny Rare
OBSIDIAN,28,Slowpoke,SWSH126,Galarian Slowpoke,SWSH Black Star Promos,promo,Promo
OBSIDIAN,28,Slowbro,8,Dark Slowbro,Legendary Collection,main,Rare Holo
OBSIDIAN,28,Slowbro,33,Slowbro,Aquapolis,main,Rare
OBSIDIAN,28,Slowbro,12,Dark Slowbro,Team Rocket,main,Rare Holo
OBSIDIAN,28,Slowbro,14,Slowbro,FireRed & LeafGreen,main,Rare Holo
OBSIDIAN,28,Slowbro,13,Slowbro,Unseen Forces,main,Rare Holo
OBSIDIAN,28,Slowbro,117,Slowbro,Paldean Fates,alt_art_SIR,Shiny Rare
OBSIDIAN,28,Slowbro,90,Slowbro,Pitch Black,alt_art_SIR,Illustration Rare
OBSIDIAN,28,Slowking,H22,Slowking,Aquapolis,main,Rare Holo
OBSIDIAN,28,Slowking,14,Slowking,Neo Genesis,main,Rare Holo
OBSIDIAN,28,Slowking,14,Slowking,Southern Islands,main,
OBSIDIAN,28,Slowking,9,Dark Slowking,Team Rocket Returns,main,Rare Holo
OBSIDIAN,28,Slowking,20,Dark Slowking,Neo Destiny,main,Rare
OBSIDIAN,28,Slowking,179,Galarian Slowking V,Chilling Reign,alt_art_SIR,Rare Ultra
OBSIDIAN,28,Slowking,207,Galarian Slowking VMAX,Chilling Reign,alt_art_SIR,Rare Rainbow
OBSIDIAN,28,Slowking,238,Slowking ex,Paldea Evolved,alt_art_SIR,Ultra Rare
OBSIDIAN,28,Slowking,178,Galarian Slowking V,Chilling Reign,alt_art_SIR,Rare Ultra
OBSIDIAN,28,Slowking,100,Galarian Slowking VMAX,Chilling Reign,alt_art_SIR,Rare Holo VMAX
OBSIDIAN,28,Munchlax,69,Munchlax,Rising Rivals,main,Common
OBSIDIAN,28,Munchlax,70,Munchlax,Rising Rivals,main,Common
OBSIDIAN,28,Munchlax,68,Munchlax,Majestic Dawn,main,Common
OBSIDIAN,28,Munchlax,33,Munchlax,Diamond & Pearl,main,Rare
OBSIDIAN,29,Alakazam,99,Alakazam ★,Crystal Guardians,main,Rare Holo Star
OBSIDIAN,29,Alakazam,1,Alakazam,Expedition Base Set,main,Rare Holo
OBSIDIAN,29,Alakazam,103,Alakazam E4 LV.X,Rising Rivals,main,Rare Holo LV.X
OBSIDIAN,29,Alakazam,1,Alakazam,Legendary Collection,main,Rare Holo
OBSIDIAN,29,Alakazam,16,Sabrina's Alakazam,Gym Challenge,main,Rare Holo
OBSIDIAN,29,Alakazam,2,Alakazam,Skyridge,main,Rare
OBSIDIAN,29,Alakazam,125,Alakazam-EX,Fates Collide,main,Rare Secret
OBSIDIAN,29,Alakazam,201,Alakazam ex,151,alt_art_SIR,Special Illustration Rare
OBSIDIAN,29,Alakazam,188,Alakazam ex,151,alt_art_SIR,Ultra Rare
OBSIDIAN,29,Alakazam,215,Alakazam ex,Paldean Fates,alt_art_SIR,Shiny Ultra Rare
OBSIDIAN,29,Alakazam,172,Alakazam V,Vivid Voltage,alt_art_SIR,Rare Ultra
OBSIDIAN,29,Alakazam,59,Radiant Alakazam,Silver Tempest,alt_art_SIR,Radiant Rare
OBSIDIAN,29,Alakazam,SWSH083,Alakazam V,SWSH Black Star Promos,promo,Promo
OBSIDIAN,29,Alakazam,50,Alakazam ex,Scarlet & Violet Black Star Promos,promo,Promo
OBSIDIAN,29,Machoke,51,Machoke,Legendary Collection,main,Uncommon
OBSIDIAN,29,Machoke,38,Machoke,Skyridge,main,Uncommon
OBSIDIAN,29,Machoke,85,Machoke,Expedition Base Set,main,Uncommon
OBSIDIAN,29,Machoke,39,Machoke,Legend Maker,main,Uncommon
OBSIDIAN,29,Machoke,177,Machoke,151,alt_art_SIR,Illustration Rare
OBSIDIAN,29,Machamp,H15,Machamp,Skyridge,main,Rare Holo
OBSIDIAN,29,Machamp,16,Machamp,Expedition Base Set,main,Rare Holo
OBSIDIAN,29,Machamp,199,Marshadow & Machamp-GX,Unbroken Bonds,main,Rare Ultra
OBSIDIAN,29,Machamp,6,Giovanni's Machamp,Gym Challenge,main,Rare Holo
OBSIDIAN,29,Machamp,172,Machamp V,Astral Radiance,main,Rare Ultra
OBSIDIAN,29,Machamp,15,Machamp,Legendary Collection,main,Rare Holo
OBSIDIAN,29,Machamp,194,Machamp VMAX,Astral Radiance,alt_art_SIR,Rare Rainbow
OBSIDIAN,29,Machamp,171,Machamp V,Astral Radiance,alt_art_SIR,Rare Ultra
OBSIDIAN,29,Machamp,73,Machamp VMAX,Astral Radiance,alt_art_SIR,Rare Holo VMAX
OBSIDIAN,29,Machamp,SWSH053,Machamp,SWSH Black Star Promos,promo,Promo
OBSIDIAN,29,Machamp,SWSH243,Machamp,SWSH Black Star Promos,promo,Promo
OBSIDIAN,29,Growlithe,45,Growlithe,Legendary Collection,main,Uncommon
OBSIDIAN,29,Growlithe,55,Growlithe,Legend Maker,main,Common
OBSIDIAN,29,Growlithe,51,Growlithe,Aquapolis,main,Uncommon
OBSIDIAN,29,Growlithe,64,Growlithe,FireRed & LeafGreen,main,Common
OBSIDIAN,29,Growlithe,65,Growlithe,HeartGold & SoulSilver,main,Common
OBSIDIAN,29,Growlithe,1,Growlithe,McDonald's Collection 2018,main,
OBSIDIAN,29,Growlithe,181,Hisuian Growlithe,Twilight Masquerade,alt_art_SIR,Illustration Rare
OBSIDIAN,29,Growlithe,4,Growlithe,McDonald's Collection 2022,promo,
OBSIDIAN,29,Growlithe,24,Growlithe,Scarlet & Violet Black Star Promos,promo,Promo
OBSIDIAN,29,Arcanine,83,Arcanine ex,Legend Maker,main,Rare Holo EX
OBSIDIAN,29,Arcanine,12,Light Arcanine,Neo Destiny,main,Rare Holo
OBSIDIAN,29,Arcanine,1,Blaine's Arcanine,Gym Challenge,main,Rare Holo
OBSIDIAN,29,Arcanine,3,Arcanine,Skyridge,main,Rare
OBSIDIAN,29,Arcanine,15,Arcanine,Sandstorm,main,Rare
OBSIDIAN,29,Arcanine,2,Arcanine,Aquapolis,main,Rare
OBSIDIAN,29,Arcanine,18,Arcanine,FireRed & LeafGreen,main,Rare
OBSIDIAN,29,Arcanine,1,Arcanine,Rising Rivals,main,Rare Holo
OBSIDIAN,29,Arcanine,224,Arcanine ex,Scarlet & Violet,alt_art_SIR,Ultra Rare
OBSIDIAN,29,Arcanine,179,Hisuian Arcanine V,Silver Tempest,alt_art_SIR,Rare Ultra
OBSIDIAN,29,Arcanine,TG08,Hisuian Arcanine,Lost Origin Trainer Gallery,alt_art_SIR,Trainer Gallery Rare Holo
OBSIDIAN,29,Arcanine,SWSH304,Arcanine,SWSH Black Star Promos,promo,Promo
OBSIDIAN,29,Arcanine,11,Arcanine,Scarlet & Violet Black Star Promos,promo,Promo
OBSIDIAN,30,Celebi,106,Shining Celebi,Neo Destiny,main,Rare Shining
OBSIDIAN,30,Celebi,100,Celebi ★,Crystal Guardians,main,Rare Holo Star
OBSIDIAN,30,Celebi,4,Dark Celebi,Hidden Legends,main,Rare Holo
OBSIDIAN,30,Celebi,145,Celebi,Skyridge,main,Rare Secret
OBSIDIAN,30,Celebi,117,Celebi ex,Unseen Forces,main,Rare Secret
OBSIDIAN,30,Celebi,3,Celebi,Neo Revelation,main,Rare Holo
OBSIDIAN,30,Celebi,245,Celebi V,Fusion Strike,alt_art_SIR,Rare Ultra
OBSIDIAN,30,Celebi,199,Celebi VMAX,Chilling Reign,alt_art_SIR,Rare Rainbow
OBSIDIAN,30,Celebi,160,Celebi V,Chilling Reign,alt_art_SIR,Rare Ultra
OBSIDIAN,30,Celebi,9,Celebi,Vivid Voltage,alt_art_SIR,Amazing Rare
OBSIDIAN,30,Celebi,8,Celebi VMAX,Chilling Reign,alt_art_SIR,Rare Holo VMAX
OBSIDIAN,30,Celebi,106,Shining Celebi,30th Celebration: Classic Collection,alt_art_SIR,Rare Secret
OBSIDIAN,30,Jirachi,9,Jirachi,Deoxys,main,Rare Holo
OBSIDIAN,30,Jirachi,94,Jirachi ex,Crystal Guardians,main,Rare Holo EX
OBSIDIAN,30,Jirachi,97,Jirachi,Team Magma vs Team Aqua,main,Rare Secret
OBSIDIAN,30,Jirachi,98,Jirachi-EX,Plasma Blast,main,Rare Ultra
OBSIDIAN,30,Jirachi,XY112,Jirachi,XY Black Star Promos,main,Promo
OBSIDIAN,30,Jirachi,8,Jirachi,Hidden Legends,main,Rare Holo
OBSIDIAN,30,Jirachi,170,Jirachi V,Astral Radiance,alt_art_SIR,Rare Ultra
OBSIDIAN,30,Jirachi,119,Jirachi,Vivid Voltage,alt_art_SIR,Amazing Rare
OBSIDIAN,30,Jirachi,120,Radiant Jirachi,Silver Tempest,alt_art_SIR,Radiant Rare
OBSIDIAN,30,Jirachi,155,Jirachi ex,30th Celebration,alt_art_SIR,Special Illustration Rare
OBSIDIAN,30,Victini,171,Victini,Black Bolt,main,Rare
OBSIDIAN,30,Victini,172,Victini,White Flare,main,Rare
OBSIDIAN,30,Victini,98,Victini,Noble Victories,main,Rare Ultra
OBSIDIAN,30,Victini,131,Victini-EX,Plasma Storm,main,Rare Ultra
OBSIDIAN,30,Victini,14,Victini,Noble Victories,main,Rare Holo
OBSIDIAN,30,Victini,165,Victini VMAX,Battle Styles,alt_art_SIR,Rare Rainbow
OBSIDIAN,30,Victini,144,Victini V,Battle Styles,alt_art_SIR,Rare Ultra
OBSIDIAN,30,Victini,22,Victini VMAX,Battle Styles,alt_art_SIR,Rare Holo VMAX
OBSIDIAN,30,Victini,142,Victini ex,Scarlet & Violet Black Star Promos,promo,Promo
OBSIDIAN,30,Victini,5,Victini,McDonald's Collection 2022,promo,
OBSIDIAN,30,Victini,SWSH104,Victini V,SWSH Black Star Promos,promo,Promo
OBSIDIAN,30,Cresselia,99,Darkrai & Cresselia LEGEND,HS—Triumphant,main,LEGEND
OBSIDIAN,30,Cresselia,100,Darkrai & Cresselia LEGEND,HS—Triumphant,main,LEGEND
OBSIDIAN,30,Cresselia,143,Cresselia-EX,Boundaries Crossed,main,Rare Ultra
OBSIDIAN,30,Cresselia,103,Cresselia LV.X,Great Encounters,main,Rare Holo LV.X
OBSIDIAN,30,Cresselia,71,Cresselia,Shrouded Fable,alt_art_SIR,Illustration Rare
OBSIDIAN,30,Cresselia,228,Cresselia,Evolving Skies,alt_art_SIR,Rare Secret
OBSIDIAN,30,Cresselia,SWSH114,Cresselia,SWSH Black Star Promos,promo,Promo
OBSIDIAN,30,Shaymin,94,Shaymin-EX,Next Destinies,main,Rare Ultra
OBSIDIAN,30,Shaymin,126,Shaymin LV.X,Platinum,main,Rare Holo LV.X
OBSIDIAN,30,Shaymin,XY148,Shaymin-EX,XY Black Star Promos,main,Promo
OBSIDIAN,30,Shaymin,XY115,Shaymin,XY Black Star Promos,main,Promo
OBSIDIAN,30,Shaymin,127,Shaymin LV.X,Platinum,main,Rare Holo LV.X
OBSIDIAN,30,Shaymin,185,Shaymin,Destined Rivals,alt_art_SIR,Illustration Rare
OBSIDIAN,30,Shaymin,173,Shaymin VSTAR,Brilliant Stars,alt_art_SIR,Rare Rainbow
OBSIDIAN,30,Shaymin,152,Shaymin V,Brilliant Stars,alt_art_SIR,Rare Ultra
OBSIDIAN,30,Shaymin,14,Shaymin VSTAR,Brilliant Stars,alt_art_SIR,Rare Holo VSTAR
OBSIDIAN,30,Manaphy,XY113,Manaphy,XY Black Star Promos,main,Promo
OBSIDIAN,30,Manaphy,3,Manaphy,HS—Unleashed,main,Rare Holo
OBSIDIAN,30,Manaphy,9,Manaphy,Diamond & Pearl,main,Rare Holo
OBSIDIAN,30,Manaphy,116,Manaphy-EX,BREAKpoint,main,Rare Ultra
OBSIDIAN,30,Manaphy,8,Manaphy,Majestic Dawn,main,Rare Holo
OBSIDIAN,30,Manaphy,GG06,Manaphy,Crown Zenith Galarian Gallery,alt_art_SIR,Trainer Gallery Rare Holo
OBSIDIAN,30,Manaphy,SWSH275,Manaphy,SWSH Black Star Promos,promo,Promo
OBSIDIAN,30,Yveltal,144,Yveltal-EX,XY,main,Rare Ultra
OBSIDIAN,30,Yveltal,137,Yveltal-GX,Forbidden Light,main,Rare Rainbow
OBSIDIAN,30,Yveltal,XY150a,Yveltal-EX,XY Black Star Promos,main,Promo
OBSIDIAN,30,Yveltal,53,Yveltal ex,Perfect Order,main,Double Rare
OBSIDIAN,30,Yveltal,105,Yveltal ex,Perfect Order,main,Ultra Rare
OBSIDIAN,30,Yveltal,205,Yveltal,Paradox Rift,alt_art_SIR,Illustration Rare
OBSIDIAN,30,Yveltal,46,Yveltal,Shining Fates,alt_art_SIR,Amazing Rare
OBSIDIAN,31,Raikou,108,Rocket's Raikou ex,Deoxys,main,Rare Secret
OBSIDIAN,31,Raikou,114,Raikou ★,Unseen Forces,main,Rare Holo Star
OBSIDIAN,31,Raikou,13,Raikou,Neo Revelation,main,Rare Holo
OBSIDIAN,31,Raikou,H26,Raikou,Skyridge,main,Rare Holo
OBSIDIAN,31,Raikou,105,Raikou-EX,Dark Explorers,main,Rare Ultra
OBSIDIAN,31,Raikou,90,Entei & Raikou LEGEND,HS—Unleashed,main,LEGEND
OBSIDIAN,31,Raikou,50,Raikou,Vivid Voltage,alt_art_SIR,Amazing Rare
OBSIDIAN,31,Raikou,50,Raikou,30th Celebration: Classic Collection,alt_art_SIR,Amazing Rare
OBSIDIAN,31,Entei,113,Entei ★,Unseen Forces,main,Rare Holo Star
OBSIDIAN,31,Entei,97,Rocket's Entei ex,Team Rocket Returns,main,Rare Holo EX
OBSIDIAN,31,Entei,6,Entei,Neo Revelation,main,Rare Holo
OBSIDIAN,31,Entei,94,Suicune & Entei LEGEND,HS—Unleashed,main,LEGEND
OBSIDIAN,31,Entei,103,Entei-EX,Dark Explorers,main,Rare Ultra
OBSIDIAN,31,Entei,90,Entei & Raikou LEGEND,HS—Unleashed,main,LEGEND
OBSIDIAN,31,Entei,112,Entei,Paldean Fates,alt_art_SIR,Shiny Rare
OBSIDIAN,31,Suicune,115,Suicune ★,Unseen Forces,main,Rare Holo Star
OBSIDIAN,31,Suicune,94,Suicune ex,Team Magma vs Team Aqua,main,Rare Holo EX
OBSIDIAN,31,Suicune,H25,Suicune,Aquapolis,main,Rare Holo
OBSIDIAN,31,Suicune,105,Rocket's Suicune ex,Team Rocket Returns,main,Rare Holo EX
OBSIDIAN,31,Suicune,14,Suicune,Neo Revelation,main,Rare Holo
OBSIDIAN,31,Suicune,94,Suicune & Entei LEGEND,HS—Unleashed,main,LEGEND
OBSIDIAN,31,Suicune,SL11,Suicune,Call of Legends,main,Rare Holo
OBSIDIAN,31,Suicune,SV022,Suicune,Shining Fates Shiny Vault,alt_art_SIR,Rare Shiny
OBSIDIAN,31,Suicune,173,Suicune V,Evolving Skies,alt_art_SIR,Rare Ultra
OBSIDIAN,32,All Trainer Cards,111,Here Comes Team Rocket!,Team Rocket Returns,main,Rare Secret
OBSIDIAN,32,All Trainer Cards,151,Lillie,Ultra Prism,main,Rare Ultra
OBSIDIAN,32,All Trainer Cards,235,Misty's Favor,Unified Minds,main,Rare Ultra
OBSIDIAN,32,All Trainer Cards,236,Rosa,Cosmic Eclipse,main,Rare Ultra
OBSIDIAN,32,All Trainer Cards,148,Cynthia,Ultra Prism,main,Rare Ultra
OBSIDIAN,32,All Trainer Cards,234,Red & Blue,Cosmic Eclipse,main,Rare Ultra
OBSIDIAN,32,All Trainer Cards,101,N,Noble Victories,main,Rare Ultra
OBSIDIAN,32,All Trainer Cards,149,Skyla,Boundaries Crossed,main,Rare Ultra
OBSIDIAN,32,All Trainer Cards,220,Perrin,Twilight Masquerade,alt_art_SIR,Special Illustration Rare
OBSIDIAN,32,All Trainer Cards,170,N's Plan,Black Bolt,alt_art_SIR,Special Illustration Rare
OBSIDIAN,32,All Trainer Cards,184,Lillie's Determination,Mega Evolution,alt_art_SIR,Special Illustration Rare
OBSIDIAN,32,All Trainer Cards,189,Boss's Orders,Rebel Clash,alt_art_SIR,Rare Ultra
OBSIDIAN,32,All Trainer Cards,211,Morty's Conviction,Temporal Forces,alt_art_SIR,Special Illustration Rare
OBSIDIAN,32,All Trainer Cards,269,Iono,Paldea Evolved,alt_art_SIR,Special Illustration Rare
OBSIDIAN,32,All Trainer Cards,217,Carmine,Twilight Masquerade,alt_art_SIR,Special Illustration Rare
OBSIDIAN,32,All Trainer Cards,171,Hilda,White Flare,alt_art_SIR,Special Illustration Rare
OBSIDIAN,32,All Trainer Cards,200,Boss's Orders,Rebel Clash,alt_art_SIR,Rare Rainbow
OBSIDIAN,32,All Trainer Cards,94,Cassiopeia,Shrouded Fable,alt_art_SIR,Special Illustration Rare
OBSIDIAN,32,All Trainer Cards,219,Lana's Aid,Twilight Masquerade,alt_art_SIR,Special Illustration Rare
OBSIDIAN,32,All Trainer Cards,236,Ethan's Adventure,Destined Rivals,alt_art_SIR,Special Illustration Rare
OBSIDIAN,32,All Trainer Cards,200,Marnie,Sword & Shield,alt_art_SIR,Rare Ultra
OBSIDIAN,32,All Trainer Cards,183,Acerola's Mischief,Mega Evolution,alt_art_SIR,Special Illustration Rare
OBSIDIAN,32,All Trainer Cards,246,Lisia's Appeal,Surging Sparks,alt_art_SIR,Special Illustration Rare
OBSIDIAN,32,All Trainer Cards,218,Kieran,Twilight Masquerade,alt_art_SIR,Special Illustration Rare
OBSIDIAN,32,All Trainer Cards,209,Bianca's Devotion,Temporal Forces,alt_art_SIR,Special Illustration Rare
OBSIDIAN,32,All Trainer Cards,237,Iono,Paldean Fates,alt_art_SIR,Special Illustration Rare
OBSIDIAN,32,All Trainer Cards,238,Team Rocket's Giovanni,Destined Rivals,alt_art_SIR,Special Illustration Rare
OBSIDIAN,32,All Trainer Cards,171,Crispin,Prismatic Evolutions,alt_art_SIR,Special Illustration Rare
OBSIDIAN,32,All Trainer Cards,GG60,Cynthia's Ambition,Crown Zenith Galarian Gallery,alt_art_SIR,Rare Ultra
OBSIDIAN,32,All Trainer Cards,189,Caitlin,Chilling Reign,alt_art_SIR,Rare Ultra
OBSIDIAN,32,All Trainer Cards,175,Lacey,Prismatic Evolutions,alt_art_SIR,Special Illustration Rare
OBSIDIAN,32,All Trainer Cards,173,Janine's Secret Art,Prismatic Evolutions,alt_art_SIR,Special Illustration Rare
OBSIDIAN,32,All Trainer Cards,251,Miriam,Scarlet & Violet,alt_art_SIR,Special Illustration Rare
OBSIDIAN,32,All Trainer Cards,236,Clive,Paldean Fates,alt_art_SIR,Special Illustration Rare
OBSIDIAN,32,All Trainer Cards,192,Sonia,Rebel Clash,alt_art_SIR,Rare Ultra
OBSIDIAN,32,All Trainer Cards,185,Pokémon Center Lady,Vivid Voltage,alt_art_SIR,Rare Ultra
OBSIDIAN,32,All Trainer Cards,208,Marnie,Sword & Shield,alt_art_SIR,Rare Rainbow
OBSIDIAN,32,All Trainer Cards,186,Wally's Compassion,Mega Evolution,alt_art_SIR,Special Illustration Rare
OBSIDIAN,32,All Trainer Cards,245,Jasmine's Gaze,Surging Sparks,alt_art_SIR,Special Illustration Rare
OBSIDIAN,32,All Trainer Cards,268,Grusha,Paldea Evolved,alt_art_SIR,Special Illustration Rare
OBSIDIAN,32,All Trainer Cards,210,Eri,Temporal Forces,alt_art_SIR,Special Illustration Rare
OBSIDIAN,32,All Trainer Cards,169,Lillie's Determination,Mega Evolution,alt_art_SIR,Ultra Rare
OBSIDIAN,32,All Trainer Cards,97,Powerglass,Shrouded Fable,alt_art_SIR,Hyper Rare
OBSIDIAN,32,All Trainer Cards,174,Kieran,Prismatic Evolutions,alt_art_SIR,Special Illustration Rare
OBSIDIAN,32,All Trainer Cards,129,Dawn,Phantasmal Flames,alt_art_SIR,Special Illustration Rare
OBSIDIAN,32,All Trainer Cards,237,Team Rocket's Ariana,Destined Rivals,alt_art_SIR,Special Illustration Rare
OBSIDIAN,32,All Trainer Cards,172,Lacey,Stellar Crown,alt_art_SIR,Special Illustration Rare
OBSIDIAN,32,All Trainer Cards,GG61,Gardenia's Vigor,Crown Zenith Galarian Gallery,alt_art_SIR,Rare Ultra
OBSIDIAN,32,All Trainer Cards,212,Salvatore,Temporal Forces,alt_art_SIR,Special Illustration Rare
OBSIDIAN,32,All Trainer Cards,213,Caitlin,Chilling Reign,alt_art_SIR,Rare Rainbow
OBSIDIAN,32,All Trainer Cards,96,Earthen Vessel,Shrouded Fable,alt_art_SIR,Hyper Rare
OBSIDIAN,32,All Trainer Cards,265,Boss's Orders (Ghetsis),Paldea Evolved,alt_art_SIR,Special Illustration Rare
OBSIDIAN,32,All Trainer Cards,191,Flannery,Chilling Reign,alt_art_SIR,Rare Ultra
OBSIDIAN,32,All Trainer Cards,185,Lt. Surge's Bargain,Mega Evolution,alt_art_SIR,Special Illustration Rare
OBSIDIAN,32,All Trainer Cards,255,Parasol Lady,Paradox Rift,alt_art_SIR,Special Illustration Rare
OBSIDIAN,32,All Trainer Cards,147,Elesa's Sparkle,Crown Zenith,alt_art_SIR,Rare Ultra
OBSIDIAN,32,All Trainer Cards,193,Karen's Conviction,Chilling Reign,alt_art_SIR,Rare Ultra
OBSIDIAN,32,All Trainer Cards,161,Phoebe,Battle Styles,alt_art_SIR,Rare Ultra
OBSIDIAN,32,All Trainer Cards,207,Serena,Silver Tempest,alt_art_SIR,Rare Rainbow
OBSIDIAN,32,All Trainer Cards,203,Sonia,Rebel Clash,alt_art_SIR,Rare Rainbow
OBSIDIAN,32,All Trainer Cards,204,Giovanni's Charisma,151,alt_art_SIR,Special Illustration Rare
OBSIDIAN,32,All Trainer Cards,203,Erika's Invitation,151,alt_art_SIR,Special Illustration Rare
OBSIDIAN,32,All Trainer Cards,270,Saguaro,Paldea Evolved,alt_art_SIR,Special Illustration Rare
OBSIDIAN,32,All Trainer Cards,239,Penny,Paldean Fates,alt_art_SIR,Special Illustration Rare
OBSIDIAN,32,All Trainer Cards,194,Klara,Chilling Reign,alt_art_SIR,Rare Ultra
OBSIDIAN,32,All Trainer Cards,186,Ultra Ball,Brilliant Stars,alt_art_SIR,Rare Secret
OBSIDIAN,32,All Trainer Cards,172,Drayton,Prismatic Evolutions,alt_art_SIR,Special Illustration Rare
OBSIDIAN,32,All Trainer Cards,199,Aroma Lady,Evolving Skies,alt_art_SIR,Rare Ultra
OBSIDIAN,32,All Trainer Cards,TG27,Nessa,Lost Origin Trainer Gallery,alt_art_SIR,Rare Ultra
OBSIDIAN,32,All Trainer Cards,193,Serena,Silver Tempest,alt_art_SIR,Rare Ultra
OBSIDIAN,32,All Trainer Cards,213,Air Balloon,Sword & Shield,alt_art_SIR,Rare Secret
OBSIDIAN,32,All Trainer Cards,170,Amarys,Prismatic Evolutions,alt_art_SIR,Special Illustration Rare
OBSIDIAN,32,All Trainer Cards,223,Buddy-Buddy Poffin,Twilight Masquerade,alt_art_SIR,Hyper Rare
OBSIDIAN,32,All Trainer Cards,171,Briar,Stellar Crown,alt_art_SIR,Special Illustration Rare
OBSIDIAN,32,All Trainer Cards,216,Quick Ball,Sword & Shield,alt_art_SIR,Rare Secret
OBSIDIAN,32,All Trainer Cards,196,Nessa,Vivid Voltage,alt_art_SIR,Rare Rainbow
OBSIDIAN,32,All Trainer Cards,169,Cynthia's Ambition,Brilliant Stars,alt_art_SIR,Rare Ultra
OBSIDIAN,32,All Trainer Cards,213,Path to the Peak,Astral Radiance,alt_art_SIR,Rare Secret
OBSIDIAN,32,All Trainer Cards,171,Marnie's Pride,Brilliant Stars,alt_art_SIR,Rare Ultra
OBSIDIAN,32,All Trainer Cards,250,Gravity Mountain,Surging Sparks,alt_art_SIR,Hyper Rare
OBSIDIAN,32,All Trainer Cards,254,Iono,Paldea Evolved,alt_art_SIR,Ultra Rare
OBSIDIAN,32,All Trainer Cards,196,Peonia,Chilling Reign,alt_art_SIR,Rare Ultra
OBSIDIAN,32,All Trainer Cards,248,Boss's Orders (Ghetsis),Paldea Evolved,alt_art_SIR,Ultra Rare
OBSIDIAN,32,All Trainer Cards,183,Nessa,Vivid Voltage,alt_art_SIR,Rare Ultra
OBSIDIAN,32,All Trainer Cards,72,Skyla,Shining Fates,alt_art_SIR,Rare Ultra
OBSIDIAN,32,All Trainer Cards,TG24,Boss's Orders,Lost Origin Trainer Gallery,alt_art_SIR,Rare Ultra
OBSIDIAN,32,All Trainer Cards,226,Team Rocket's Petrel,Destined Rivals,alt_art_SIR,Ultra Rare
OBSIDIAN,32,All Trainer Cards,217,Klara,Chilling Reign,alt_art_SIR,Rare Rainbow
OBSIDIAN,32,All Trainer Cards,216,Karen's Conviction,Chilling Reign,alt_art_SIR,Rare Rainbow
OBSIDIAN,32,All Trainer Cards,175,Phoebe,Battle Styles,alt_art_SIR,Rare Rainbow
OBSIDIAN,32,All Trainer Cards,258,Rika,Paradox Rift,alt_art_SIR,Special Illustration Rare
OBSIDIAN,32,All Trainer Cards,174,Area Zero Underdepths,Stellar Crown,alt_art_SIR,Hyper Rare
OBSIDIAN,32,All Trainer Cards,251,Night Stretcher,Surging Sparks,alt_art_SIR,Hyper Rare
OBSIDIAN,32,All Trainer Cards,84,Professor's Research,Pokémon GO,alt_art_SIR,Rare Rainbow
OBSIDIAN,32,All Trainer Cards,235,Arven,Paldean Fates,alt_art_SIR,Special Illustration Rare
OBSIDIAN,32,All Trainer Cards,254,Mela,Paradox Rift,alt_art_SIR,Special Illustration Rare
OBSIDIAN,32,All Trainer Cards,218,Melony,Chilling Reign,alt_art_SIR,Rare Rainbow
OBSIDIAN,32,All Trainer Cards,256,Professor Sada's Vitality,Paradox Rift,alt_art_SIR,Special Illustration Rare
OBSIDIAN,32,All Trainer Cards,186,Irida,Astral Radiance,alt_art_SIR,Rare Ultra
OBSIDIAN,32,All Trainer Cards,204,Irida,Astral Radiance,alt_art_SIR,Rare Rainbow
OBSIDIAN,32,All Trainer Cards,70,Poké Kid,Shining Fates,alt_art_SIR,Rare Ultra
OBSIDIAN,32,All Trainer Cards,214,Doctor,Chilling Reign,alt_art_SIR,Rare Rainbow
OBSIDIAN,32,All Trainer Cards,180,Bea,Vivid Voltage,alt_art_SIR,Rare Ultra
OBSIDIAN,32,All Trainer Cards,190,Doctor,Chilling Reign,alt_art_SIR,Rare Ultra
OBSIDIAN,32,All Trainer Cards,85,Spark,Pokémon GO,alt_art_SIR,Rare Rainbow
OBSIDIAN,32,All Trainer Cards,164,Hilda,White Flare,alt_art_SIR,Ultra Rare
OBSIDIAN,32,All Trainer Cards,TG23,Friends in Galar,Silver Tempest Trainer Gallery,alt_art_SIR,Rare Ultra
OBSIDIAN,32,All Trainer Cards,266,Dendra,Paldea Evolved,alt_art_SIR,Special Illustration Rare
OBSIDIAN,32,All Trainer Cards,TG24,Acerola's Premonition,Brilliant Stars Trainer Gallery,alt_art_SIR,Rare Ultra
OBSIDIAN,32,All Trainer Cards,244,Drayton,Surging Sparks,alt_art_SIR,Special Illustration Rare
OBSIDIAN,32,All Trainer Cards,82,Blanche,Pokémon GO,alt_art_SIR,Rare Rainbow
OBSIDIAN,32,All Trainer Cards,243,Clemont's Quick Wit,Surging Sparks,alt_art_SIR,Special Illustration Rare
OBSIDIAN,32,All Trainer Cards,198,Ciphermaniac's Codebreaking,Temporal Forces,alt_art_SIR,Ultra Rare
OBSIDIAN,32,All Trainer Cards,83,Candela,Pokémon GO,alt_art_SIR,Rare Rainbow
OBSIDIAN,32,All Trainer Cards,89,Xerosic's Machinations,Shrouded Fable,alt_art_SIR,Ultra Rare
OBSIDIAN,32,All Trainer Cards,GG63,Irida,Crown Zenith Galarian Gallery,alt_art_SIR,Rare Ultra
OBSIDIAN,32,All Trainer Cards,174,Korrina's Focus,Battle Styles,alt_art_SIR,Rare Rainbow
OBSIDIAN,32,All Trainer Cards,182,Leon,Vivid Voltage,alt_art_SIR,Rare Ultra
OBSIDIAN,32,All Trainer Cards,159,Cheryl,Battle Styles,alt_art_SIR,Rare Ultra
OBSIDIAN,32,All Trainer Cards,207,Lana's Aid,Twilight Masquerade,alt_art_SIR,Ultra Rare
OBSIDIAN,32,All Trainer Cards,173,Cheryl,Battle Styles,alt_art_SIR,Rare Rainbow
OBSIDIAN,32,All Trainer Cards,191,Oleana,Rebel Clash,alt_art_SIR,Rare Ultra
OBSIDIAN,32,All Trainer Cards,149,Friends in Sinnoh,Crown Zenith,alt_art_SIR,Rare Ultra
OBSIDIAN,32,All Trainer Cards,GG64,Melony,Crown Zenith Galarian Gallery,alt_art_SIR,Rare Ultra
OBSIDIAN,32,All Trainer Cards,259,Tulip,Paradox Rift,alt_art_SIR,Special Illustration Rare
OBSIDIAN,32,All Trainer Cards,202,Oleana,Rebel Clash,alt_art_SIR,Rare Rainbow
OBSIDIAN,32,All Trainer Cards,219,Peonia,Chilling Reign,alt_art_SIR,Rare Rainbow
OBSIDIAN,32,All Trainer Cards,193,Bea,Vivid Voltage,alt_art_SIR,Rare Rainbow
OBSIDIAN,32,All Trainer Cards,184,Gardenia's Vigor,Astral Radiance,alt_art_SIR,Rare Ultra
OBSIDIAN,32,All Trainer Cards,238,Nemona,Paldean Fates,alt_art_SIR,Special Illustration Rare
OBSIDIAN,32,All Trainer Cards,181,Level Ball,Battle Styles,alt_art_SIR,Rare Secret
OBSIDIAN,32,All Trainer Cards,TG24,Allister,Astral Radiance Trainer Gallery,alt_art_SIR,Rare Ultra
OBSIDIAN,32,All Trainer Cards,208,Tool Scrapper,Rebel Clash,alt_art_SIR,Rare Secret
OBSIDIAN,32,All Trainer Cards,214,Temple of Sinnoh,Astral Radiance,alt_art_SIR,Rare Secret
OBSIDIAN,32,All Trainer Cards,87,Colress's Tenacity,Shrouded Fable,alt_art_SIR,Ultra Rare
OBSIDIAN,32,All Trainer Cards,225,Zinnia's Resolve,Evolving Skies,alt_art_SIR,Rare Rainbow
OBSIDIAN,32,All Trainer Cards,194,Wallace,Silver Tempest,alt_art_SIR,Rare Ultra
OBSIDIAN,32,All Trainer Cards,202,Raihan,Evolving Skies,alt_art_SIR,Rare Ultra
OBSIDIAN,32,All Trainer Cards,201,Milo,Rebel Clash,alt_art_SIR,Rare Rainbow
OBSIDIAN,32,All Trainer Cards,164,Crispin,Stellar Crown,alt_art_SIR,Ultra Rare
OBSIDIAN,32,All Trainer Cards,243,Jamming Tower,Destined Rivals,alt_art_SIR,Hyper Rare
OBSIDIAN,32,All Trainer Cards,211,Avery,Chilling Reign,alt_art_SIR,Rare Rainbow
OBSIDIAN,32,All Trainer Cards,TG25,Judge,Silver Tempest Trainer Gallery,alt_art_SIR,Rare Ultra
OBSIDIAN,32,All Trainer Cards,148,Friends in Hisui,Crown Zenith,alt_art_SIR,Rare Ultra
OBSIDIAN,32,All Trainer Cards,221,Aroma Lady,Evolving Skies,alt_art_SIR,Rare Rainbow
OBSIDIAN,32,All Trainer Cards,205,Furisode Girl,Silver Tempest,alt_art_SIR,Rare Rainbow
OBSIDIAN,32,All Trainer Cards,244,Levincia,Destined Rivals,alt_art_SIR,Hyper Rare
OBSIDIAN,32,All Trainer Cards,196,Erika's Invitation,151,alt_art_SIR,Ultra Rare
OBSIDIAN,32,All Trainer Cards,GG66,Roxanne,Crown Zenith Galarian Gallery,alt_art_SIR,Rare Ultra
OBSIDIAN,32,All Trainer Cards,225,Team Rocket's Giovanni,Destined Rivals,alt_art_SIR,Ultra Rare
OBSIDIAN,32,All Trainer Cards,215,Flannery,Chilling Reign,alt_art_SIR,Rare Rainbow
OBSIDIAN,32,All Trainer Cards,257,Professor Turo's Scenario,Paradox Rift,alt_art_SIR,Special Illustration Rare
OBSIDIAN,32,All Trainer Cards,224,Enhanced Hammer,Twilight Masquerade,alt_art_SIR,Hyper Rare
OBSIDIAN,32,All Trainer Cards,206,Roxanne,Astral Radiance,alt_art_SIR,Rare Rainbow
OBSIDIAN,32,All Trainer Cards,195,Leon,Vivid Voltage,alt_art_SIR,Rare Rainbow
OBSIDIAN,32,All Trainer Cards,88,Janine's Secret Art,Shrouded Fable,alt_art_SIR,Ultra Rare
OBSIDIAN,32,All Trainer Cards,178,Cynthia's Ambition,Brilliant Stars,alt_art_SIR,Rare Rainbow
OBSIDIAN,32,All Trainer Cards,202,Gardenia's Vigor,Astral Radiance,alt_art_SIR,Rare Rainbow
OBSIDIAN,32,All Trainer Cards,206,Lance,Silver Tempest,alt_art_SIR,Rare Rainbow
OBSIDIAN,32,All Trainer Cards,TG25,Bea,Astral Radiance Trainer Gallery,alt_art_SIR,Rare Ultra
OBSIDIAN,32,All Trainer Cards,275,Elesa's Sparkle,Fusion Strike,alt_art_SIR,Rare Rainbow
OBSIDIAN,32,All Trainer Cards,252,Penny,Scarlet & Violet,alt_art_SIR,Special Illustration Rare
OBSIDIAN,32,All Trainer Cards,203,Brandon,Silver Tempest,alt_art_SIR,Rare Rainbow
OBSIDIAN,32,All Trainer Cards,203,Zinnia's Resolve,Evolving Skies,alt_art_SIR,Rare Ultra
OBSIDIAN,32,All Trainer Cards,192,Honey,Chilling Reign,alt_art_SIR,Rare Ultra
OBSIDIAN,32,All Trainer Cards,224,Raihan,Evolving Skies,alt_art_SIR,Rare Rainbow
OBSIDIAN,32,All Trainer Cards,238,Miriam,Scarlet & Violet,alt_art_SIR,Ultra Rare
OBSIDIAN,32,All Trainer Cards,204,Candice,Silver Tempest,alt_art_SIR,Rare Rainbow
OBSIDIAN,32,All Trainer Cards,211,Volo,Lost Origin,alt_art_SIR,Rare Rainbow
OBSIDIAN,32,All Trainer Cards,TG26,Gloria,Brilliant Stars Trainer Gallery,alt_art_SIR,Rare Ultra
OBSIDIAN,32,All Trainer Cards,188,Roxanne,Astral Radiance,alt_art_SIR,Rare Ultra
OBSIDIAN,32,All Trainer Cards,199,Adaman,Astral Radiance,alt_art_SIR,Rare Rainbow
OBSIDIAN,32,All Trainer Cards,167,Buddy-Buddy Poffin,Mega Evolution,alt_art_SIR,Ultra Rare
OBSIDIAN,32,All Trainer Cards,208,Lady,Lost Origin,alt_art_SIR,Rare Rainbow
OBSIDIAN,32,All Trainer Cards,201,Professor's Research (Professor Magnolia),Sword & Shield,alt_art_SIR,Rare Ultra
OBSIDIAN,32,All Trainer Cards,256,Rare Candy,Scarlet & Violet,alt_art_SIR,Hyper Rare
OBSIDIAN,32,All Trainer Cards,210,Agatha,Chilling Reign,alt_art_SIR,Rare Rainbow
OBSIDIAN,32,All Trainer Cards,TG28,Piers,Astral Radiance Trainer Gallery,alt_art_SIR,Rare Ultra
OBSIDIAN,32,All Trainer Cards,189,Candice,Silver Tempest,alt_art_SIR,Rare Ultra
OBSIDIAN,32,All Trainer Cards,195,Melony,Chilling Reign,alt_art_SIR,Rare Ultra
OBSIDIAN,32,All Trainer Cards,TG26,Melony,Astral Radiance Trainer Gallery,alt_art_SIR,Rare Ultra
OBSIDIAN,32,All Trainer Cards,267,Giacomo,Paldea Evolved,alt_art_SIR,Special Illustration Rare
OBSIDIAN,32,All Trainer Cards,209,Perrin,Twilight Masquerade,alt_art_SIR,Ultra Rare
OBSIDIAN,32,All Trainer Cards,179,Allister,Vivid Voltage,alt_art_SIR,Rare Ultra
OBSIDIAN,32,All Trainer Cards,172,Bruno,Battle Styles,alt_art_SIR,Rare Rainbow
OBSIDIAN,32,All Trainer Cards,190,Furisode Girl,Silver Tempest,alt_art_SIR,Rare Ultra
OBSIDIAN,32,All Trainer Cards,192,Allister,Vivid Voltage,alt_art_SIR,Rare Rainbow
OBSIDIAN,32,All Trainer Cards,212,Brawly,Chilling Reign,alt_art_SIR,Rare Rainbow
OBSIDIAN,32,All Trainer Cards,207,Scoop Up Net,Rebel Clash,alt_art_SIR,Rare Secret
OBSIDIAN,32,All Trainer Cards,194,Beauty,Vivid Voltage,alt_art_SIR,Rare Rainbow
OBSIDIAN,32,All Trainer Cards,186,Agatha,Chilling Reign,alt_art_SIR,Rare Ultra
OBSIDIAN,32,All Trainer Cards,209,Miss Fortune Sisters,Lost Origin,alt_art_SIR,Rare Rainbow
OBSIDIAN,32,All Trainer Cards,222,Copycat,Evolving Skies,alt_art_SIR,Rare Rainbow
OBSIDIAN,32,All Trainer Cards,227,Fog Crystal,Chilling Reign,alt_art_SIR,Rare Secret
OBSIDIAN,32,All Trainer Cards,173,Night Stretcher,Mega Evolution,alt_art_SIR,Ultra Rare
OBSIDIAN,32,All Trainer Cards,212,Jubilife Village,Astral Radiance,alt_art_SIR,Rare Secret
OBSIDIAN,32,All Trainer Cards,221,Siebold,Chilling Reign,alt_art_SIR,Rare Rainbow
OBSIDIAN,32,All Trainer Cards,GG65,Raihan,Crown Zenith Galarian Gallery,alt_art_SIR,Rare Ultra
OBSIDIAN,32,All Trainer Cards,249,Arven,Scarlet & Violet,alt_art_SIR,Special Illustration Rare
OBSIDIAN,32,All Trainer Cards,220,Peony,Chilling Reign,alt_art_SIR,Rare Rainbow
OBSIDIAN,32,All Trainer Cards,205,Kamado,Astral Radiance,alt_art_SIR,Rare Rainbow
OBSIDIAN,32,All Trainer Cards,GG57,Adaman,Crown Zenith Galarian Gallery,alt_art_SIR,Rare Ultra
OBSIDIAN,32,All Trainer Cards,204,Arezu,Lost Origin,alt_art_SIR,Rare Rainbow
OBSIDIAN,32,All Trainer Cards,197,Giovanni's Charisma,151,alt_art_SIR,Ultra Rare
OBSIDIAN,32,All Trainer Cards,278,Shauna,Fusion Strike,alt_art_SIR,Rare Rainbow
OBSIDIAN,32,All Trainer Cards,118,Dawn,Phantasmal Flames,alt_art_SIR,Ultra Rare
OBSIDIAN,32,All Trainer Cards,215,Ordinary Rod,Sword & Shield,alt_art_SIR,Rare Secret
OBSIDIAN,32,All Trainer Cards,TG26,Professor Burnet,Silver Tempest Trainer Gallery,alt_art_SIR,Rare Ultra
OBSIDIAN,32,All Trainer Cards,195,Pokémon Breeder's Nurturing,Darkness Ablaze,alt_art_SIR,Rare Rainbow
OBSIDIAN,32,All Trainer Cards,189,Arezu,Lost Origin,alt_art_SIR,Rare Ultra
OBSIDIAN,32,All Trainer Cards,206,Kieran,Twilight Masquerade,alt_art_SIR,Ultra Rare
OBSIDIAN,32,All Trainer Cards,238,Parasol Lady,Paradox Rift,alt_art_SIR,Ultra Rare
OBSIDIAN,32,All Trainer Cards,65,Ball Guy,Shining Fates,alt_art_SIR,Rare Ultra
OBSIDIAN,32,All Trainer Cards,160,Korrina's Focus,Battle Styles,alt_art_SIR,Rare Ultra
OBSIDIAN,32,All Trainer Cards,208,Wallace,Silver Tempest,alt_art_SIR,Rare Rainbow
OBSIDIAN,32,All Trainer Cards,232,Stormy Mountains,Evolving Skies,alt_art_SIR,Rare Secret
OBSIDIAN,32,All Trainer Cards,207,Bede,Sword & Shield,alt_art_SIR,Rare Rainbow
OBSIDIAN,32,All Trainer Cards,210,Team Yell Grunt,Sword & Shield,alt_art_SIR,Rare Rainbow
OBSIDIAN,32,All Trainer Cards,234,Turffield Stadium,Evolving Skies,alt_art_SIR,Rare Secret
OBSIDIAN,32,All Trainer Cards,201,Cyllene,Astral Radiance,alt_art_SIR,Rare Rainbow
OBSIDIAN,32,All Trainer Cards,230,Crystal Cave,Evolving Skies,alt_art_SIR,Rare Secret
OBSIDIAN,32,All Trainer Cards,206,Fantina,Lost Origin,alt_art_SIR,Rare Rainbow
OBSIDIAN,32,All Trainer Cards,250,Jacq,Scarlet & Violet,alt_art_SIR,Special Illustration Rare
OBSIDIAN,32,All Trainer Cards,192,Lance,Silver Tempest,alt_art_SIR,Rare Ultra
OBSIDIAN,32,All Trainer Cards,78,Piers,Champion's Path,alt_art_SIR,Rare Rainbow
OBSIDIAN,32,All Trainer Cards,260,Elesa's Sparkle,Fusion Strike,alt_art_SIR,Rare Ultra
OBSIDIAN,32,All Trainer Cards,209,Worker,Silver Tempest,alt_art_SIR,Rare Rainbow
OBSIDIAN,32,All Trainer Cards,TG23,Adventurer's Discovery,Lost Origin Trainer Gallery,alt_art_SIR,Rare Ultra
OBSIDIAN,32,All Trainer Cards,193,Lady,Lost Origin,alt_art_SIR,Rare Ultra
OBSIDIAN,32,All Trainer Cards,175,Bravery Charm,Stellar Crown,alt_art_SIR,Hyper Rare
OBSIDIAN,32,All Trainer Cards,204,Carmine,Twilight Masquerade,alt_art_SIR,Ultra Rare
OBSIDIAN,32,All Trainer Cards,177,Single Strike Style Mustard,Battle Styles,alt_art_SIR,Rare Rainbow
OBSIDIAN,32,All Trainer Cards,176,Rapid Strike Style Mustard,Battle Styles,alt_art_SIR,Rare Rainbow
OBSIDIAN,32,All Trainer Cards,GG58,Cheren's Care,Crown Zenith Galarian Gallery,alt_art_SIR,Rare Ultra
OBSIDIAN,32,All Trainer Cards,TG25,Cook,Lost Origin Trainer Gallery,alt_art_SIR,Rare Ultra
OBSIDIAN,32,All Trainer Cards,175,Rare Candy,Mega Evolution,alt_art_SIR,Ultra Rare
OBSIDIAN,32,All Trainer Cards,207,Zisu,Astral Radiance,alt_art_SIR,Rare Rainbow
OBSIDIAN,32,All Trainer Cards,86,Cassiopeia,Shrouded Fable,alt_art_SIR,Ultra Rare
OBSIDIAN,32,All Trainer Cards,209,Professor's Research (Professor Magnolia),Sword & Shield,alt_art_SIR,Rare Rainbow
OBSIDIAN,32,All Trainer Cards,190,Milo,Rebel Clash,alt_art_SIR,Rare Ultra
OBSIDIAN,32,All Trainer Cards,255,Nest Ball,Scarlet & Violet,alt_art_SIR,Hyper Rare
OBSIDIAN,32,All Trainer Cards,277,Schoolgirl,Fusion Strike,alt_art_SIR,Rare Rainbow
OBSIDIAN,32,All Trainer Cards,274,Dancer,Fusion Strike,alt_art_SIR,Rare Rainbow
OBSIDIAN,32,All Trainer Cards,197,Opal,Vivid Voltage,alt_art_SIR,Rare Rainbow
OBSIDIAN,32,All Trainer Cards,203,Grant,Astral Radiance,alt_art_SIR,Rare Rainbow
OBSIDIAN,32,All Trainer Cards,194,Miss Fortune Sisters,Lost Origin,alt_art_SIR,Rare Ultra
OBSIDIAN,32,All Trainer Cards,244,Tulip,Paradox Rift,alt_art_SIR,Ultra Rare
OBSIDIAN,32,All Trainer Cards,276,Schoolboy,Fusion Strike,alt_art_SIR,Rare Rainbow
OBSIDIAN,32,All Trainer Cards,181,Adaman,Astral Radiance,alt_art_SIR,Rare Ultra
OBSIDIAN,32,All Trainer Cards,224,Team Rocket's Ariana,Destined Rivals,alt_art_SIR,Ultra Rare
OBSIDIAN,32,All Trainer Cards,187,Avery,Chilling Reign,alt_art_SIR,Rare Ultra
OBSIDIAN,32,All Trainer Cards,200,Choy,Astral Radiance,alt_art_SIR,Rare Rainbow
OBSIDIAN,32,All Trainer Cards,188,Brandon,Silver Tempest,alt_art_SIR,Rare Ultra
OBSIDIAN,32,All Trainer Cards,223,Gordie,Evolving Skies,alt_art_SIR,Rare Rainbow
OBSIDIAN,32,All Trainer Cards,GG59,Colress's Experiment,Crown Zenith Galarian Gallery,alt_art_SIR,Rare Ultra
OBSIDIAN,32,All Trainer Cards,163,N's Plan,Black Bolt,alt_art_SIR,Ultra Rare
OBSIDIAN,32,All Trainer Cards,TG27,Raihan,Silver Tempest Trainer Gallery,alt_art_SIR,Rare Ultra
OBSIDIAN,32,All Trainer Cards,197,Peony,Chilling Reign,alt_art_SIR,Rare Ultra
OBSIDIAN,32,All Trainer Cards,196,Rose,Darkness Ablaze,alt_art_SIR,Rare Rainbow
OBSIDIAN,32,All Trainer Cards,212,Energy Switch,Silver Tempest,alt_art_SIR,Rare Secret
OBSIDIAN,32,All Trainer Cards,205,Colress's Experiment,Lost Origin,alt_art_SIR,Rare Rainbow
OBSIDIAN,32,All Trainer Cards,279,Sidney,Fusion Strike,alt_art_SIR,Rare Rainbow
OBSIDIAN,32,All Trainer Cards,234,Lisia's Appeal,Surging Sparks,alt_art_SIR,Ultra Rare
OBSIDIAN,32,All Trainer Cards,239,Penny,Scarlet & Violet,alt_art_SIR,Ultra Rare
OBSIDIAN,32,All Trainer Cards,276,Super Rod,Paldea Evolved,alt_art_SIR,Hyper Rare
OBSIDIAN,32,All Trainer Cards,263,Shauna,Fusion Strike,alt_art_SIR,Rare Ultra
OBSIDIAN,32,All Trainer Cards,197,Bianca's Devotion,Temporal Forces,alt_art_SIR,Ultra Rare
OBSIDIAN,32,All Trainer Cards,225,Rescue Board,Twilight Masquerade,alt_art_SIR,Hyper Rare
OBSIDIAN,32,All Trainer Cards,87,Egg Incubator,Pokémon GO,alt_art_SIR,Rare Secret
OBSIDIAN,32,All Trainer Cards,253,Grusha,Paldea Evolved,alt_art_SIR,Ultra Rare
OBSIDIAN,32,All Trainer Cards,181,Beauty,Vivid Voltage,alt_art_SIR,Rare Ultra
OBSIDIAN,32,All Trainer Cards,202,Salvatore,Temporal Forces,alt_art_SIR,Ultra Rare
OBSIDIAN,32,All Trainer Cards,273,Chili & Cilan & Cress,Fusion Strike,alt_art_SIR,Rare Rainbow
OBSIDIAN,32,All Trainer Cards,226,Geeta,Obsidian Flames,alt_art_SIR,Special Illustration Rare
OBSIDIAN,32,All Trainer Cards,199,Bede,Sword & Shield,alt_art_SIR,Rare Ultra
OBSIDIAN,32,All Trainer Cards,195,Worker,Silver Tempest,alt_art_SIR,Rare Ultra
OBSIDIAN,32,All Trainer Cards,TG27,Milo,Astral Radiance Trainer Gallery,alt_art_SIR,Rare Ultra
OBSIDIAN,32,All Trainer Cards,210,Thorton,Lost Origin,alt_art_SIR,Rare Rainbow
OBSIDIAN,32,All Trainer Cards,202,Team Yell Grunt,Sword & Shield,alt_art_SIR,Rare Ultra
OBSIDIAN,32,All Trainer Cards,194,Bill's Transfer,151,alt_art_SIR,Ultra Rare
OBSIDIAN,32,All Trainer Cards,207,Iscan,Lost Origin,alt_art_SIR,Rare Rainbow
OBSIDIAN,32,All Trainer Cards,198,Siebold,Chilling Reign,alt_art_SIR,Rare Ultra
OBSIDIAN,32,All Trainer Cards,227,Poppy,Obsidian Flames,alt_art_SIR,Special Illustration Rare
OBSIDIAN,32,All Trainer Cards,191,Fantina,Lost Origin,alt_art_SIR,Rare Ultra
OBSIDIAN,32,All Trainer Cards,265,Luxurious Cape,Paradox Rift,alt_art_SIR,Hyper Rare
OBSIDIAN,32,All Trainer Cards,158,Bruno,Battle Styles,alt_art_SIR,Rare Ultra
OBSIDIAN,32,All Trainer Cards,201,Morty's Conviction,Temporal Forces,alt_art_SIR,Ultra Rare
OBSIDIAN,32,All Trainer Cards,77,Kabu,Champion's Path,alt_art_SIR,Rare Rainbow
OBSIDIAN,32,All Trainer Cards,180,Roseanne's Backup,Brilliant Stars,alt_art_SIR,Rare Rainbow
OBSIDIAN,32,All Trainer Cards,221,Ethan's Adventure,Destined Rivals,alt_art_SIR,Ultra Rare
OBSIDIAN,32,All Trainer Cards,183,Cyllene,Astral Radiance,alt_art_SIR,Rare Ultra
OBSIDIAN,32,All Trainer Cards,216,Dark Patch,Lost Origin,alt_art_SIR,Rare Secret
OBSIDIAN,32,All Trainer Cards,195,Daisy's Help,151,alt_art_SIR,Ultra Rare
OBSIDIAN,32,All Trainer Cards,230,Cyrano,Surging Sparks,alt_art_SIR,Ultra Rare
OBSIDIAN,32,All Trainer Cards,176,Wally's Compassion,Mega Evolution,alt_art_SIR,Ultra Rare
OBSIDIAN,32,All Trainer Cards,188,Pokémon Breeder's Nurturing,Darkness Ablaze,alt_art_SIR,Rare Ultra
OBSIDIAN,32,All Trainer Cards,241,Rika,Paradox Rift,alt_art_SIR,Ultra Rare
OBSIDIAN,32,All Trainer Cards,263,Beach Court,Paradox Rift,alt_art_SIR,Hyper Rare
OBSIDIAN,32,All Trainer Cards,199,Eri,Temporal Forces,alt_art_SIR,Ultra Rare
OBSIDIAN,32,All Trainer Cards,214,Metal Saucer,Sword & Shield,alt_art_SIR,Rare Secret
OBSIDIAN,32,All Trainer Cards,235,Arven,Scarlet & Violet,alt_art_SIR,Ultra Rare
OBSIDIAN,32,All Trainer Cards,213,Gapejaw Bog,Silver Tempest,alt_art_SIR,Rare Secret
OBSIDIAN,32,All Trainer Cards,215,Collapsed Stadium,Lost Origin,alt_art_SIR,Rare Secret
OBSIDIAN,32,All Trainer Cards,177,Cheren's Care,Brilliant Stars,alt_art_SIR,Rare Rainbow
OBSIDIAN,32,All Trainer Cards,172,Roseanne's Backup,Brilliant Stars,alt_art_SIR,Rare Ultra
OBSIDIAN,32,All Trainer Cards,228,Rugged Helmet,Chilling Reign,alt_art_SIR,Rare Secret
OBSIDIAN,32,All Trainer Cards,GG62,Grant,Crown Zenith Galarian Gallery,alt_art_SIR,Rare Ultra
OBSIDIAN,32,All Trainer Cards,185,Magma Basin,Brilliant Stars,alt_art_SIR,Rare Secret
OBSIDIAN,32,All Trainer Cards,187,Piers,Darkness Ablaze,alt_art_SIR,Rare Ultra
OBSIDIAN,32,All Trainer Cards,230,Welcoming Lantern,Chilling Reign,alt_art_SIR,Rare Secret
OBSIDIAN,32,All Trainer Cards,206,Switch,151,alt_art_SIR,Hyper Rare
OBSIDIAN,32,All Trainer Cards,196,Volo,Lost Origin,alt_art_SIR,Rare Ultra
OBSIDIAN,32,All Trainer Cards,200,Copycat,Evolving Skies,alt_art_SIR,Rare Ultra
OBSIDIAN,32,All Trainer Cards,240,Professor's Research (Professor Sada),Scarlet & Violet,alt_art_SIR,Ultra Rare
OBSIDIAN,32,All Trainer Cards,215,Trekking Shoes,Astral Radiance,alt_art_SIR,Rare Secret
OBSIDIAN,32,All Trainer Cards,229,Boost Shake,Evolving Skies,alt_art_SIR,Rare Secret
OBSIDIAN,32,All Trainer Cards,226,Fan of Waves,Chilling Reign,alt_art_SIR,Rare Secret
OBSIDIAN,32,All Trainer Cards,66,Bird Keeper,Shining Fates,alt_art_SIR,Rare Ultra
OBSIDIAN,32,All Trainer Cards,78,Professor's Research,Pokémon GO,alt_art_SIR,Rare Ultra
OBSIDIAN,32,All Trainer Cards,277,Superior Energy Retrieval,Paldea Evolved,alt_art_SIR,Hyper Rare
OBSIDIAN,32,All Trainer Cards,229,Urn of Vitality,Chilling Reign,alt_art_SIR,Rare Secret
OBSIDIAN,32,All Trainer Cards,200,Turbo Patch,Darkness Ablaze,alt_art_SIR,Rare Secret
OBSIDIAN,32,All Trainer Cards,180,Exp. Share,Battle Styles,alt_art_SIR,Rare Secret
OBSIDIAN,32,All Trainer Cards,200,Explorer's Guidance,Temporal Forces,alt_art_SIR,Ultra Rare
OBSIDIAN,32,All Trainer Cards,249,Counter Gain,Surging Sparks,alt_art_SIR,Hyper Rare
OBSIDIAN,32,All Trainer Cards,250,Dendra,Paldea Evolved,alt_art_SIR,Ultra Rare
OBSIDIAN,32,All Trainer Cards,166,Air Balloon,Mega Evolution,alt_art_SIR,Ultra Rare
OBSIDIAN,32,All Trainer Cards,69,Piers,Shining Fates,alt_art_SIR,Rare Ultra
OBSIDIAN,32,All Trainer Cards,179,Kindler,Brilliant Stars,alt_art_SIR,Rare Rainbow
OBSIDIAN,32,All Trainer Cards,166,Lacey,Stellar Crown,alt_art_SIR,Ultra Rare
OBSIDIAN,32,All Trainer Cards,88,Lure Module,Pokémon GO,alt_art_SIR,Rare Secret
OBSIDIAN,32,All Trainer Cards,236,Mela,Paradox Rift,alt_art_SIR,Ultra Rare
OBSIDIAN,32,All Trainer Cards,233,Toy Catcher,Evolving Skies,alt_art_SIR,Rare Secret
OBSIDIAN,32,All Trainer Cards,225,Echoing Horn,Chilling Reign,alt_art_SIR,Rare Secret
OBSIDIAN,32,All Trainer Cards,199,Big Parasol,Darkness Ablaze,alt_art_SIR,Rare Secret
OBSIDIAN,32,All Trainer Cards,231,Full Face Guard,Evolving Skies,alt_art_SIR,Rare Secret
OBSIDIAN,32,All Trainer Cards,222,Judge,Destined Rivals,alt_art_SIR,Ultra Rare
OBSIDIAN,32,All Trainer Cards,206,Big Charm,Rebel Clash,alt_art_SIR,Rare Secret
OBSIDIAN,32,All Trainer Cards,227,Team Rocket's Proton,Destined Rivals,alt_art_SIR,Ultra Rare
OBSIDIAN,32,All Trainer Cards,264,Counter Catcher,Paradox Rift,alt_art_SIR,Hyper Rare
OBSIDIAN,32,All Trainer Cards,201,Hero's Medal,Vivid Voltage,alt_art_SIR,Rare Secret
OBSIDIAN,32,All Trainer Cards,211,Choice Belt,Astral Radiance,alt_art_SIR,Rare Secret
OBSIDIAN,32,All Trainer Cards,201,Gordie,Evolving Skies,alt_art_SIR,Rare Ultra
OBSIDIAN,32,All Trainer Cards,282,Training Court,Fusion Strike,alt_art_SIR,Rare Secret
OBSIDIAN,32,All Trainer Cards,217,Lost Vacuum,Lost Origin,alt_art_SIR,Rare Secret
OBSIDIAN,32,All Trainer Cards,261,Schoolboy,Fusion Strike,alt_art_SIR,Rare Ultra
OBSIDIAN,32,All Trainer Cards,TG27,Rapid Strike Style Mustard,Brilliant Stars Trainer Gallery,alt_art_SIR,Rare Ultra
OBSIDIAN,32,All Trainer Cards,235,Larry,Paradox Rift,alt_art_SIR,Ultra Rare
OBSIDIAN,32,All Trainer Cards,214,Leafy Camo Poncho,Silver Tempest,alt_art_SIR,Rare Secret
OBSIDIAN,32,All Trainer Cards,214,Box of Disaster,Lost Origin,alt_art_SIR,Rare Secret
OBSIDIAN,32,All Trainer Cards,151,Volo,Crown Zenith,alt_art_SIR,Rare Ultra
OBSIDIAN,32,All Trainer Cards,TG28,Opal,Lost Origin Trainer Gallery,alt_art_SIR,Rare Ultra
OBSIDIAN,32,All Trainer Cards,TG26,Kabu,Lost Origin Trainer Gallery,alt_art_SIR,Rare Ultra
OBSIDIAN,32,All Trainer Cards,188,Brawly,Chilling Reign,alt_art_SIR,Rare Ultra
OBSIDIAN,32,All Trainer Cards,TG25,Café Master,Brilliant Stars Trainer Gallery,alt_art_SIR,Rare Ultra
OBSIDIAN,32,All Trainer Cards,174,Premium Power Pro,Mega Evolution,alt_art_SIR,Ultra Rare
OBSIDIAN,32,All Trainer Cards,165,Acerola's Mischief,Mega Evolution,alt_art_SIR,Ultra Rare
OBSIDIAN,32,All Trainer Cards,189,Zisu,Astral Radiance,alt_art_SIR,Rare Ultra
OBSIDIAN,32,All Trainer Cards,203,Telescopic Sight,Vivid Voltage,alt_art_SIR,Rare Secret
OBSIDIAN,32,All Trainer Cards,262,Schoolgirl,Fusion Strike,alt_art_SIR,Rare Ultra
OBSIDIAN,32,All Trainer Cards,167,Barry,Brilliant Stars,alt_art_SIR,Rare Ultra
OBSIDIAN,32,All Trainer Cards,220,Emcee's Hype,Destined Rivals,alt_art_SIR,Ultra Rare
OBSIDIAN,32,All Trainer Cards,200,Cape of Toughness,Vivid Voltage,alt_art_SIR,Rare Secret
OBSIDIAN,32,All Trainer Cards,TG24,Gordie,Silver Tempest Trainer Gallery,alt_art_SIR,Rare Ultra
OBSIDIAN,32,All Trainer Cards,187,Kamado,Astral Radiance,alt_art_SIR,Rare Ultra
OBSIDIAN,32,All Trainer Cards,191,Gym Trainer,Silver Tempest,alt_art_SIR,Rare Ultra
OBSIDIAN,32,All Trainer Cards,185,Grant,Astral Radiance,alt_art_SIR,Rare Ultra
OBSIDIAN,32,All Trainer Cards,243,Shauntal,Paradox Rift,alt_art_SIR,Ultra Rare
OBSIDIAN,32,All Trainer Cards,168,Fighting Gong,Mega Evolution,alt_art_SIR,Ultra Rare
OBSIDIAN,32,All Trainer Cards,150,Professor's Research,Crown Zenith,alt_art_SIR,Rare Ultra
OBSIDIAN,32,All Trainer Cards,237,Katy,Scarlet & Violet,alt_art_SIR,Ultra Rare
OBSIDIAN,32,All Trainer Cards,236,Jacq,Scarlet & Violet,alt_art_SIR,Ultra Rare
OBSIDIAN,32,All Trainer Cards,281,Power Tablet,Fusion Strike,alt_art_SIR,Rare Secret
OBSIDIAN,32,All Trainer Cards,TG28,Sordward & Shielbert,Silver Tempest Trainer Gallery,alt_art_SIR,Rare Ultra
OBSIDIAN,32,All Trainer Cards,168,Cheren's Care,Brilliant Stars,alt_art_SIR,Rare Ultra
OBSIDIAN,32,All Trainer Cards,258,Chili & Cilan & Cress,Fusion Strike,alt_art_SIR,Rare Ultra
OBSIDIAN,32,All Trainer Cards,202,Memory Capsule,Vivid Voltage,alt_art_SIR,Rare Secret
OBSIDIAN,32,All Trainer Cards,239,Professor Sada's Vitality,Paradox Rift,alt_art_SIR,Ultra Rare
OBSIDIAN,32,All Trainer Cards,73,Hop,Champion's Path,alt_art_SIR,Rare Ultra
OBSIDIAN,32,All Trainer Cards,223,Team Rocket's Archer,Destined Rivals,alt_art_SIR,Ultra Rare
OBSIDIAN,32,All Trainer Cards,TG28,Single Strike Style Mustard,Brilliant Stars Trainer Gallery,alt_art_SIR,Rare Ultra
OBSIDIAN,32,All Trainer Cards,251,Falkner,Paldea Evolved,alt_art_SIR,Ultra Rare
OBSIDIAN,32,All Trainer Cards,184,Opal,Vivid Voltage,alt_art_SIR,Rare Ultra
OBSIDIAN,32,All Trainer Cards,116,Battle Cage,Phantasmal Flames,alt_art_SIR,Ultra Rare
OBSIDIAN,32,All Trainer Cards,163,Briar,Stellar Crown,alt_art_SIR,Ultra Rare
OBSIDIAN,32,All Trainer Cards,233,Jasmine's Gaze,Surging Sparks,alt_art_SIR,Ultra Rare
OBSIDIAN,32,All Trainer Cards,259,Dancer,Fusion Strike,alt_art_SIR,Rare Ultra
OBSIDIAN,32,All Trainer Cards,162,Rapid Strike Style Mustard,Battle Styles,alt_art_SIR,Rare Ultra
OBSIDIAN,32,All Trainer Cards,179,Brock's Scouting,Journey Together,alt_art_SIR,Ultra Rare
OBSIDIAN,32,All Trainer Cards,163,Single Strike Style Mustard,Battle Styles,alt_art_SIR,Rare Ultra
OBSIDIAN,32,All Trainer Cards,241,Professor's Research (Professor Turo),Scarlet & Violet,alt_art_SIR,Ultra Rare
OBSIDIAN,32,All Trainer Cards,242,Team Star Grunt,Scarlet & Violet,alt_art_SIR,Ultra Rare
OBSIDIAN,32,All Trainer Cards,190,Colress's Experiment,Lost Origin,alt_art_SIR,Rare Ultra
OBSIDIAN,32,All Trainer Cards,205,Hassel,Twilight Masquerade,alt_art_SIR,Ultra Rare
OBSIDIAN,32,All Trainer Cards,189,Rose,Darkness Ablaze,alt_art_SIR,Rare Ultra
OBSIDIAN,32,All Trainer Cards,208,Lucian,Twilight Masquerade,alt_art_SIR,Ultra Rare
OBSIDIAN,32,All Trainer Cards,182,Choy,Astral Radiance,alt_art_SIR,Rare Ultra
OBSIDIAN,32,All Trainer Cards,237,Norman,Paradox Rift,alt_art_SIR,Ultra Rare
OBSIDIAN,32,All Trainer Cards,220,Poppy,Obsidian Flames,alt_art_SIR,Ultra Rare
OBSIDIAN,32,All Trainer Cards,240,Professor Turo's Scenario,Paradox Rift,alt_art_SIR,Ultra Rare
OBSIDIAN,32,All Trainer Cards,229,Artazon,Obsidian Flames,alt_art_SIR,Hyper Rare
OBSIDIAN,32,All Trainer Cards,180,Iris's Fighting Spirit,Journey Together,alt_art_SIR,Ultra Rare
OBSIDIAN,32,All Trainer Cards,218,Geeta,Obsidian Flames,alt_art_SIR,Ultra Rare
OBSIDIAN,32,All Trainer Cards,242,Roark,Paradox Rift,alt_art_SIR,Ultra Rare
OBSIDIAN,32,All Trainer Cards,192,Iscan,Lost Origin,alt_art_SIR,Rare Ultra
OBSIDIAN,32,All Trainer Cards,67,Cara Liss,Shining Fates,alt_art_SIR,Rare Ultra
OBSIDIAN,32,All Trainer Cards,186,Kabu,Darkness Ablaze,alt_art_SIR,Rare Ultra
OBSIDIAN,32,All Trainer Cards,229,Clemont's Quick Wit,Surging Sparks,alt_art_SIR,Ultra Rare
OBSIDIAN,32,All Trainer Cards,252,Giacomo,Paldea Evolved,alt_art_SIR,Ultra Rare
OBSIDIAN,32,All Trainer Cards,68,Gym Trainer,Shining Fates,alt_art_SIR,Rare Ultra
OBSIDIAN,32,All Trainer Cards,120,Grimsley's Move,Phantasmal Flames,alt_art_SIR,Ultra Rare
OBSIDIAN,32,All Trainer Cards,195,Thorton,Lost Origin,alt_art_SIR,Rare Ultra
OBSIDIAN,32,All Trainer Cards,264,Sidney,Fusion Strike,alt_art_SIR,Rare Ultra
OBSIDIAN,32,All Trainer Cards,219,Ortega,Obsidian Flames,alt_art_SIR,Ultra Rare
OBSIDIAN,32,All Trainer Cards,123,Switch,Phantasmal Flames,alt_art_SIR,Ultra Rare
OBSIDIAN,32,All Trainer Cards,71,Rose,Shining Fates,alt_art_SIR,Rare Ultra
OBSIDIAN,32,All Trainer Cards,255,Saguaro,Paldea Evolved,alt_art_SIR,Ultra Rare
OBSIDIAN,32,All Trainer Cards,80,Suspicious Food Tin,Champion's Path,alt_art_SIR,Rare Secret
OBSIDIAN,32,All Trainer Cards,249,Clavell,Paldea Evolved,alt_art_SIR,Ultra Rare
OBSIDIAN,32,All Trainer Cards,172,Mystery Garden,Mega Evolution,alt_art_SIR,Ultra Rare
OBSIDIAN,32,All Trainer Cards,162,Fennel,Black Bolt,alt_art_SIR,Ultra Rare
OBSIDIAN,32,All Trainer Cards,235,Surfer,Surging Sparks,alt_art_SIR,Ultra Rare
OBSIDIAN,32,All Trainer Cards,221,Ryme,Obsidian Flames,alt_art_SIR,Ultra Rare
OBSIDIAN,32,All Trainer Cards,171,Mega Signal,Mega Evolution,alt_art_SIR,Ultra Rare
OBSIDIAN,32,All Trainer Cards,203,Caretaker,Twilight Masquerade,alt_art_SIR,Ultra Rare
OBSIDIAN,32,All Trainer Cards,165,Kofu,Stellar Crown,alt_art_SIR,Ultra Rare
OBSIDIAN,32,All Trainer Cards,232,Drayton,Surging Sparks,alt_art_SIR,Ultra Rare
OBSIDIAN,32,All Trainer Cards,136,Eri,Prismatic Evolutions,alt_art_SIR,Ultra Rare
OBSIDIAN,32,All Trainer Cards,231,Drasna,Surging Sparks,alt_art_SIR,Ultra Rare
OBSIDIAN,32,All Trainer Cards,163,Harlequin,White Flare,alt_art_SIR,Ultra Rare
OBSIDIAN,32,All Trainer Cards,170,Lt. Surge's Bargain,Mega Evolution,alt_art_SIR,Ultra Rare
OBSIDIAN,32,All Trainer Cards,228,Judge,Paldean Fates,alt_art_SIR,Ultra Rare
OBSIDIAN,32,All Trainer Cards,24,Professor's Research (Professor Oak),Celebrations,alt_art_SIR,Rare Ultra
OBSIDIAN,32,All Trainer Cards,170,Kindler,Brilliant Stars,alt_art_SIR,Rare Ultra
OBSIDIAN,32,All Trainer Cards,229,Nemona,Paldean Fates,alt_art_SIR,Ultra Rare
OBSIDIAN,32,All Trainer Cards,140,Mela,Prismatic Evolutions,alt_art_SIR,Ultra Rare
OBSIDIAN,32,All Trainer Cards,181,Ruffian,Journey Together,alt_art_SIR,Ultra Rare
OBSIDIAN,32,All Trainer Cards,137,Friends in Paldea,Prismatic Evolutions,alt_art_SIR,Ultra Rare
OBSIDIAN,32,All Trainer Cards,119,Firebreather,Phantasmal Flames,alt_art_SIR,Ultra Rare
OBSIDIAN,32,All Trainer Cards,139,Larry's Skill,Prismatic Evolutions,alt_art_SIR,Ultra Rare
OBSIDIAN,32,All Trainer Cards,117,Blowtorch,Phantasmal Flames,alt_art_SIR,Ultra Rare
OBSIDIAN,32,All Trainer Cards,230,Paldean Student,Paldean Fates,alt_art_SIR,Ultra Rare
OBSIDIAN,32,All Trainer Cards,231,Paldean Student,Paldean Fates,alt_art_SIR,Ultra Rare
OBSIDIAN,32,All Trainer Cards,122,Sacred Charm,Phantasmal Flames,alt_art_SIR,Ultra Rare
OBSIDIAN,32,All Trainer Cards,141,Ortega,Prismatic Evolutions,alt_art_SIR,Ultra Rare
OBSIDIAN,32,All Trainer Cards,134,Atticus,Prismatic Evolutions,alt_art_SIR,Ultra Rare
OBSIDIAN,32,All Trainer Cards,121,Punk Helmet,Phantasmal Flames,alt_art_SIR,Ultra Rare
OBSIDIAN,32,All Trainer Cards,133,Atticus,Prismatic Evolutions,alt_art_SIR,Ultra Rare
OBSIDIAN,32,All Trainer Cards,132,Amarys,Prismatic Evolutions,alt_art_SIR,Ultra Rare
OBSIDIAN,32,All Trainer Cards,142,Raifort,Prismatic Evolutions,alt_art_SIR,Ultra Rare
OBSIDIAN,32,All Trainer Cards,227,Clive,Paldean Fates,alt_art_SIR,Ultra Rare
OBSIDIAN,32,All Trainer Cards,143,Tyme,Prismatic Evolutions,alt_art_SIR,Ultra Rare
OBSIDIAN,32,All Trainer Cards,138,Giacomo,Prismatic Evolutions,alt_art_SIR,Ultra Rare
OBSIDIAN,32,All Trainer Cards,135,Brassius,Prismatic Evolutions,alt_art_SIR,Ultra Rare
OBSIDIAN,32,All Trainer Cards,119,Gwynn,Pitch Black,alt_art_SIR,Special Illustration Rare
OBSIDIAN,32,All Trainer Cards,118,Gladion's Final Battle,Pitch Black,alt_art_SIR,Special Illustration Rare
OBSIDIAN,32,All Trainer Cards,121,Roxie's Performance,Chaos Rising,alt_art_SIR,Special Illustration Rare
OBSIDIAN,32,All Trainer Cards,120,AZ's Tranquility,Chaos Rising,alt_art_SIR,Special Illustration Rare
OBSIDIAN,32,All Trainer Cards,123,Rosa's Encouragement,Perfect Order,alt_art_SIR,Special Illustration Rare
OBSIDIAN,32,All Trainer Cards,122,Jacinthe,Perfect Order,alt_art_SIR,Special Illustration Rare
OBSIDIAN,32,All Trainer Cards,293,Surfer,Ascended Heroes,alt_art_SIR,Special Illustration Rare
OBSIDIAN,32,All Trainer Cards,292,Iris's Fighting Spirit,Ascended Heroes,alt_art_SIR,Special Illustration Rare
OBSIDIAN,32,All Trainer Cards,291,Canari,Ascended Heroes,alt_art_SIR,Special Illustration Rare
OBSIDIAN,32,All Trainer Cards,101,N,30th Celebration: Classic Collection,alt_art_SIR,Rare Ultra
OBSIDIAN,32,All Trainer Cards,113,Tremendous Bomb,Pitch Black,alt_art_SIR,Ultra Rare
OBSIDIAN,32,All Trainer Cards,112,Rust Syndicate Grunt,Pitch Black,alt_art_SIR,Ultra Rare
OBSIDIAN,32,All Trainer Cards,111,Misty's Vitality,Pitch Black,alt_art_SIR,Ultra Rare
OBSIDIAN,32,All Trainer Cards,110,Iron Defender,Pitch Black,alt_art_SIR,Ultra Rare
OBSIDIAN,32,All Trainer Cards,109,Gwynn,Pitch Black,alt_art_SIR,Ultra Rare
OBSIDIAN,32,All Trainer Cards,108,Gladion's Final Battle,Pitch Black,alt_art_SIR,Ultra Rare
OBSIDIAN,32,All Trainer Cards,107,Energy Switch,Pitch Black,alt_art_SIR,Ultra Rare
OBSIDIAN,32,All Trainer Cards,106,Dark Bell,Pitch Black,alt_art_SIR,Ultra Rare
OBSIDIAN,32,All Trainer Cards,105,Crushing Hammer,Pitch Black,alt_art_SIR,Ultra Rare
OBSIDIAN,32,All Trainer Cards,104,Brave Bangle,Pitch Black,alt_art_SIR,Ultra Rare
OBSIDIAN,32,All Trainer Cards,115,Tool Scrapper,Chaos Rising,alt_art_SIR,Ultra Rare
OBSIDIAN,32,All Trainer Cards,114,Surfing Beach,Chaos Rising,alt_art_SIR,Ultra Rare
OBSIDIAN,32,All Trainer Cards,113,Special Red Card,Chaos Rising,alt_art_SIR,Ultra Rare
OBSIDIAN,32,All Trainer Cards,112,Roxie's Performance,Chaos Rising,alt_art_SIR,Ultra Rare
OBSIDIAN,32,All Trainer Cards,111,Prism Tower,Chaos Rising,alt_art_SIR,Ultra Rare
OBSIDIAN,32,All Trainer Cards,110,Philippe,Chaos Rising,alt_art_SIR,Ultra Rare
OBSIDIAN,32,All Trainer Cards,109,Jumbo Ice Cream,Chaos Rising,alt_art_SIR,Ultra Rare
OBSIDIAN,32,All Trainer Cards,108,Energy Retrieval,Chaos Rising,alt_art_SIR,Ultra Rare
OBSIDIAN,32,All Trainer Cards,107,Emma,Chaos Rising,alt_art_SIR,Ultra Rare
OBSIDIAN,32,All Trainer Cards,106,AZ's Tranquility,Chaos Rising,alt_art_SIR,Ultra Rare
OBSIDIAN,32,All Trainer Cards,117,Wondrous Patch,Perfect Order,alt_art_SIR,Ultra Rare
OBSIDIAN,32,All Trainer Cards,116,Tarragon,Perfect Order,alt_art_SIR,Ultra Rare
OBSIDIAN,32,All Trainer Cards,115,Sacred Ash,Perfect Order,alt_art_SIR,Ultra Rare
OBSIDIAN,32,All Trainer Cards,114,Rosa's Encouragement,Perfect Order,alt_art_SIR,Ultra Rare
OBSIDIAN,32,All Trainer Cards,113,Poké Pad,Perfect Order,alt_art_SIR,Ultra Rare
OBSIDIAN,32,All Trainer Cards,112,Naveen,Perfect Order,alt_art_SIR,Ultra Rare
OBSIDIAN,32,All Trainer Cards,111,Lumiose City,Perfect Order,alt_art_SIR,Ultra Rare
OBSIDIAN,32,All Trainer Cards,110,Jacinthe,Perfect Order,alt_art_SIR,Ultra Rare
OBSIDIAN,32,All Trainer Cards,109,Forest of Vitality,Perfect Order,alt_art_SIR,Ultra Rare
OBSIDIAN,32,All Trainer Cards,108,Energy Recycler,Perfect Order,alt_art_SIR,Ultra Rare
OBSIDIAN,32,All Trainer Cards,264,Ultra Ball,Ascended Heroes,alt_art_SIR,Ultra Rare
OBSIDIAN,32,All Trainer Cards,262,N's PP Up,Ascended Heroes,alt_art_SIR,Ultra Rare
OBSIDIAN,32,All Trainer Cards,260,Glass Trumpet,Ascended Heroes,alt_art_SIR,Ultra Rare
OBSIDIAN,32,All Trainer Cards,263,Team Rocket's Transceiver,Ascended Heroes,alt_art_SIR,Ultra Rare
OBSIDIAN,32,All Trainer Cards,261,Jamming Tower,Ascended Heroes,alt_art_SIR,Ultra Rare
OBSIDIAN,32,All Trainer Cards,258,Cheren,Ascended Heroes,alt_art_SIR,Ultra Rare
OBSIDIAN,32,All Trainer Cards,257,Canari,Ascended Heroes,alt_art_SIR,Ultra Rare
OBSIDIAN,32,All Trainer Cards,259,Counter Gain,Ascended Heroes,alt_art_SIR,Ultra Rare
OBSIDIAN,32,All Trainer Cards,256,Boss's Orders,Ascended Heroes,alt_art_SIR,Ultra Rare
OBSIDIAN,32,All Trainer Cards,255,Black Belt's Training,Ascended Heroes,alt_art_SIR,Ultra Rare
OBSIDIAN,32,All Trainer Cards,254,Anthea & Concordia,Ascended Heroes,alt_art_SIR,Ultra Rare
OBSIDIAN,32,All Trainer Cards,150,Paradise Resort,Scarlet & Violet Black Star Promos,promo,Promo
OBSIDIAN,32,All Trainer Cards,45,Paradise Resort,Scarlet & Violet Black Star Promos,promo,Promo
OBSIDIAN,32,All Trainer Cards,SWSH296,Champions Festival,SWSH Black Star Promos,promo,Promo
OBSIDIAN,32,All Trainer Cards,SWSH146,Poké Ball,SWSH Black Star Promos,promo,Promo
OBSIDIAN,32,All Trainer Cards,SWSH121,Marnie,SWSH Black Star Promos,promo,Promo
OBSIDIAN,32,All Trainer Cards,124,Iono,Scarlet & Violet Black Star Promos,promo,Promo
OBSIDIAN,32,All Trainer Cards,SWSH251,Boss's Orders,SWSH Black Star Promos,promo,Promo
OBSIDIAN,32,All Trainer Cards,SWSH302,Klara,SWSH Black Star Promos,promo,Promo
OBSIDIAN,32,All Trainer Cards,SWSH120,Marnie,SWSH Black Star Promos,promo,Promo
OBSIDIAN,32,All Trainer Cards,SWSH152,Professor's Research,SWSH Black Star Promos,promo,Promo
OBSIDIAN,32,All Trainer Cards,SWSH227,Blanche,SWSH Black Star Promos,promo,Promo
OBSIDIAN,32,All Trainer Cards,SWSH228,Candela,SWSH Black Star Promos,promo,Promo
OBSIDIAN,32,All Trainer Cards,SWSH226,Spark,SWSH Black Star Promos,promo,Promo
OBSIDIAN,32,All Trainer Cards,114,Picnicker,Scarlet & Violet Black Star Promos,promo,Promo
OBSIDIAN,32,All Trainer Cards,SWSH178,Professor's Research,SWSH Black Star Promos,promo,Promo
OBSIDIAN,32,All Trainer Cards,SWSH167,Professor Burnet,SWSH Black Star Promos,promo,Promo
SPARK,1,Charmander,98,Charmander,Dragon,main,Rare Secret
SPARK,1,Charmander,98,Charmander,Expedition Base Set,main,Common
SPARK,1,Charmander,101,Charmander,Stormfront,main,Rare Secret
SPARK,1,Charmander,58,Charmander,FireRed & LeafGreen,main,Common
SPARK,1,Charmander,49,Charmander δ,Crystal Guardians,main,Common
SPARK,1,Charmander,97,Charmander,Expedition Base Set,main,Common
SPARK,1,Charmander,168,Charmander,151,alt_art_SIR,Illustration Rare
SPARK,1,Charmander,109,Charmander,Paldean Fates,alt_art_SIR,Shiny Rare
SPARK,1,Charmander,44,Charmander,Scarlet & Violet Black Star Promos,promo,Promo
SPARK,1,Charmander,SWSH232,Charmander,SWSH Black Star Promos,promo,Promo
SPARK,1,Charmander,9,Charmander,McDonald's Collection 2021,promo,
SPARK,1,Charmander,SWSH092,Charmander,SWSH Black Star Promos,promo,Promo
SPARK,1,Charmander,47,Charmander,Scarlet & Violet Black Star Promos,promo,Promo
SPARK,1,Charmeleon,37,Charmeleon,Legendary Collection,main,Uncommon
SPARK,1,Charmeleon,73,Charmeleon,Expedition Base Set,main,Uncommon
SPARK,1,Charmeleon,99,Charmeleon,Dragon,main,Rare Secret
SPARK,1,Charmeleon,110,Charmeleon,Team Rocket Returns,main,Rare Secret
SPARK,1,Charmeleon,102,Charmeleon,Stormfront,main,Rare Secret
SPARK,1,Charmeleon,169,Charmeleon,151,alt_art_SIR,Illustration Rare
SPARK,1,Charmeleon,110,Charmeleon,Paldean Fates,alt_art_SIR,Shiny Rare
SPARK,1,Charizard,130,Mega Charizard X ex,Phantasmal Flames,main,Mega Hyper Rare
SPARK,1,Charizard,217,Reshiram & Charizard-GX,Unbroken Bonds,main,Rare Rainbow
SPARK,1,Charizard,74,Charizard VMAX,Champion's Path,main,Rare Rainbow
SPARK,1,Charizard,SWSH075,Special Delivery Charizard,SWSH Black Star Promos,main,Promo
SPARK,1,Charizard,XY121,Charizard-EX,XY Black Star Promos,main,Promo
SPARK,1,Charizard,SM201,Reshiram & Charizard-GX,SM Black Star Promos,main,Promo
SPARK,1,Charizard,3,Charizard,Secret Wonders,main,Rare Holo
SPARK,1,Charizard,12,M Charizard-EX,Generations,main,Rare Holo EX
SPARK,1,Charizard,4,Charizard,Celebrations: Classic Collection,main,Classic Collection
SPARK,1,Charizard,SV107,Charizard VMAX,Shining Fates Shiny Vault,main,Rare Holo VMAX
SPARK,1,Charizard,251,Charizard & Braixen-GX,Cosmic Eclipse,main,Rare Rainbow
SPARK,1,Charizard,101,M Charizard-EX,Evolutions,main,Rare Ultra
SPARK,1,Charizard,1,Charizard,Arceus,main,Rare Holo
SPARK,1,Charizard,11,Charizard,Evolutions,main,Rare Holo
SPARK,1,Charizard,125,Mega Charizard X ex,Phantasmal Flames,alt_art_SIR,Special Illustration Rare
SPARK,1,Charizard,199,Charizard ex,151,alt_art_SIR,Special Illustration Rare
SPARK,1,Charizard,154,Charizard V,Brilliant Stars,alt_art_SIR,Rare Ultra
SPARK,1,Charizard,234,Charizard ex,Paldean Fates,alt_art_SIR,Special Illustration Rare
SPARK,1,Charizard,79,Charizard V,Champion's Path,alt_art_SIR,Rare Secret
SPARK,1,Charizard,223,Charizard ex,Obsidian Flames,alt_art_SIR,Special Illustration Rare
SPARK,1,Charizard,174,Charizard VSTAR,Brilliant Stars,alt_art_SIR,Rare Rainbow
SPARK,1,Charizard,20,Charizard VMAX,Darkness Ablaze,alt_art_SIR,Rare Holo VMAX
SPARK,1,Charizard,183,Charizard ex,151,alt_art_SIR,Ultra Rare
SPARK,1,Charizard,153,Charizard V,Brilliant Stars,alt_art_SIR,Rare Ultra
SPARK,1,Charizard,228,Charizard ex,Obsidian Flames,alt_art_SIR,Hyper Rare
SPARK,1,Charizard,TG03,Charizard,Lost Origin Trainer Gallery,alt_art_SIR,Trainer Gallery Rare Holo
SPARK,1,Charizard,215,Charizard ex,Obsidian Flames,alt_art_SIR,Ultra Rare
SPARK,1,Charizard,109,Mega Charizard X ex,Phantasmal Flames,alt_art_SIR,Ultra Rare
SPARK,1,Charizard,11,Radiant Charizard,Pokémon GO,alt_art_SIR,Radiant Rare
SPARK,1,Charizard,18,Charizard VSTAR,Brilliant Stars,alt_art_SIR,Rare Holo VSTAR
SPARK,1,Charizard,19,Charizard VSTAR,Crown Zenith,alt_art_SIR,Rare Holo VSTAR
SPARK,1,Charizard,20,Radiant Charizard,Crown Zenith,alt_art_SIR,Radiant Rare
SPARK,1,Charizard,294,Mega Charizard Y ex,Ascended Heroes,alt_art_SIR,Mega Hyper Rare
SPARK,1,Charizard,SWSH066,Charizard,SWSH Black Star Promos,promo,Promo
SPARK,1,Charizard,SWSH262,Charizard VSTAR,SWSH Black Star Promos,promo,Promo
SPARK,1,Charizard,SWSH260,Charizard V,SWSH Black Star Promos,promo,Promo
SPARK,1,Charizard,SWSH261,Charizard VMAX,SWSH Black Star Promos,promo,Promo
SPARK,1,Charizard,74,Charizard ex,Scarlet & Violet Black Star Promos,promo,Promo
SPARK,1,Charizard,56,Charizard ex,Scarlet & Violet Black Star Promos,promo,Promo
SPARK,1,Charizard,SWSH050,Charizard V,SWSH Black Star Promos,promo,Promo
SPARK,1,Charizard,SWSH133,Lance's Charizard V,SWSH Black Star Promos,promo,Promo
SPARK,1,Charizard,161,Charizard ex,Scarlet & Violet Black Star Promos,promo,Promo
SPARK,1,Charizard,196,Charizard ex,Scarlet & Violet Promos,promo,Promo
SPARK,2,Pikachu,SM168,Pikachu & Zekrom-GX,SM Black Star Promos,main,Promo
SPARK,2,Pikachu,93,Pikachu δ,Legend Maker,main,Rare Secret
SPARK,2,Pikachu,113,Flying Pikachu,Rising Rivals,main,Rare Secret
SPARK,2,Pikachu,XY95,Pikachu,XY Black Star Promos,main,Promo
SPARK,2,Pikachu,74,Pikachu,FireRed & LeafGreen,main,Common
SPARK,2,Pikachu,84,Pikachu,Skyridge,main,Common
SPARK,2,Pikachu,188,Pikachu VMAX,Vivid Voltage,main,Rare Rainbow
SPARK,2,Pikachu,162,Pikachu & Zekrom-GX,Team Up,main,Rare Ultra
SPARK,2,Pikachu,115,Pikachu,Black & White,main,Rare Secret
SPARK,2,Pikachu,RC29,Pikachu,Generations,main,Rare Ultra
SPARK,2,Pikachu,SM162,Pikachu,SM Black Star Promos,main,Promo
SPARK,2,Pikachu,72,Pikachu,Sandstorm,main,Common
SPARK,2,Pikachu,12,Pikachu,Nintendo Black Star Promos,main,Promo
SPARK,2,Pikachu,61,Pikachu,HS—Undaunted,main,Common
SPARK,2,Pikachu,238,Pikachu ex,Surging Sparks,alt_art_SIR,Special Illustration Rare
SPARK,2,Pikachu,TG17,Pikachu VMAX,Lost Origin Trainer Gallery,alt_art_SIR,Rare Holo VMAX
SPARK,2,Pikachu,247,Pikachu ex,Surging Sparks,alt_art_SIR,Hyper Rare
SPARK,2,Pikachu,173,Pikachu,151,alt_art_SIR,Illustration Rare
SPARK,2,Pikachu,131,Pikachu,Paldean Fates,alt_art_SIR,Shiny Rare
SPARK,2,Pikachu,179,Pikachu ex,Prismatic Evolutions,alt_art_SIR,Hyper Rare
SPARK,2,Pikachu,160,Pikachu,Crown Zenith,alt_art_SIR,Rare Secret
SPARK,2,Pikachu,170,Pikachu V,Vivid Voltage,alt_art_SIR,Rare Ultra
SPARK,2,Pikachu,TG05,Pikachu,Lost Origin Trainer Gallery,alt_art_SIR,Trainer Gallery Rare Holo
SPARK,2,Pikachu,GG30,Pikachu,Crown Zenith Galarian Gallery,alt_art_SIR,Trainer Gallery Rare Holo
SPARK,2,Pikachu,219,Pikachu ex,Surging Sparks,alt_art_SIR,Ultra Rare
SPARK,2,Pikachu,24,_____'s Pikachu,Celebrations: Classic Collection,alt_art_SIR,Classic Collection
SPARK,2,Pikachu,157,Pikachu V,Brilliant Stars,alt_art_SIR,Rare Ultra
SPARK,2,Pikachu,TG29,Pikachu VMAX,Lost Origin Trainer Gallery,alt_art_SIR,Rare Secret
SPARK,2,Pikachu,44,Pikachu VMAX,Vivid Voltage,alt_art_SIR,Rare Holo VMAX
SPARK,2,Pikachu,9,Surfing Pikachu VMAX,Celebrations,alt_art_SIR,Rare Holo VMAX
SPARK,2,Pikachu,7,Flying Pikachu VMAX,Celebrations,alt_art_SIR,Rare Holo VMAX
SPARK,2,Pikachu,276,Pikachu ex,Ascended Heroes,alt_art_SIR,Special Illustration Rare
SPARK,2,Pikachu,277,Pikachu ex,Ascended Heroes,alt_art_SIR,Special Illustration Rare
SPARK,2,Pikachu,23,Pikachu,30th Celebration,alt_art_SIR,Pikachu Rare
SPARK,2,Pikachu,24,Pikachu,30th Celebration,alt_art_SIR,Pikachu Rare
SPARK,2,Pikachu,25,Pikachu,30th Celebration,alt_art_SIR,Pikachu Rare
SPARK,2,Pikachu,26,Pikachu,30th Celebration,alt_art_SIR,Pikachu Rare
SPARK,2,Pikachu,27,Pikachu,30th Celebration,alt_art_SIR,Pikachu Rare
SPARK,2,Pikachu,28,Pikachu,30th Celebration,alt_art_SIR,Pikachu Rare
SPARK,2,Pikachu,29,Pikachu,30th Celebration,alt_art_SIR,Pikachu Rare
SPARK,2,Pikachu,30,Pikachu,30th Celebration,alt_art_SIR,Pikachu Rare
SPARK,2,Pikachu,31,Pikachu,30th Celebration,alt_art_SIR,Pikachu Rare
SPARK,2,Pikachu,32,Pikachu,30th Celebration,alt_art_SIR,Pikachu Rare
SPARK,2,Pikachu,33,Pikachu,30th Celebration,alt_art_SIR,Pikachu Rare
SPARK,2,Pikachu,34,Pikachu,30th Celebration,alt_art_SIR,Pikachu Rare
SPARK,2,Pikachu,35,Pikachu,30th Celebration,alt_art_SIR,Pikachu Rare
SPARK,2,Pikachu,36,Pikachu,30th Celebration,alt_art_SIR,Pikachu Rare
SPARK,2,Pikachu,37,Pikachu,30th Celebration,alt_art_SIR,Pikachu Rare
SPARK,2,Pikachu,38,Pikachu,30th Celebration,alt_art_SIR,Pikachu Rare
SPARK,2,Pikachu,39,Pikachu,30th Celebration,alt_art_SIR,Pikachu Rare
SPARK,2,Pikachu,40,Pikachu,30th Celebration,alt_art_SIR,Pikachu Rare
SPARK,2,Pikachu,41,Pikachu,30th Celebration,alt_art_SIR,Pikachu Rare
SPARK,2,Pikachu,42,Pikachu,30th Celebration,alt_art_SIR,Pikachu Rare
SPARK,2,Pikachu,43,Pikachu,30th Celebration,alt_art_SIR,Pikachu Rare
SPARK,2,Pikachu,44,Pikachu,30th Celebration,alt_art_SIR,Pikachu Rare
SPARK,2,Pikachu,45,Pikachu,30th Celebration,alt_art_SIR,Pikachu Rare
SPARK,2,Pikachu,46,Pikachu,30th Celebration,alt_art_SIR,Pikachu Rare
SPARK,2,Pikachu,47,Pikachu,30th Celebration,alt_art_SIR,Pikachu Rare
SPARK,2,Pikachu,48,Pikachu,30th Celebration,alt_art_SIR,Pikachu Rare
SPARK,2,Pikachu,49,Pikachu,30th Celebration,alt_art_SIR,Pikachu Rare
SPARK,2,Pikachu,50,Pikachu,30th Celebration,alt_art_SIR,Pikachu Rare
SPARK,2,Pikachu,51,Pikachu,30th Celebration,alt_art_SIR,Pikachu Rare
SPARK,2,Pikachu,52,Pikachu,30th Celebration,alt_art_SIR,Pikachu Rare
SPARK,2,Pikachu,149,Pikachu ex,30th Celebration,alt_art_SIR,Special Illustration Rare
SPARK,2,Pikachu,150,Pikachu ex,30th Celebration,alt_art_SIR,Special Illustration Rare
SPARK,2,Pikachu,85,Pikachu with Grey Felt Hat,Scarlet & Violet Black Star Promos,promo,Promo
SPARK,2,Pikachu,SWSH074,Special Delivery Pikachu,SWSH Black Star Promos,promo,Promo
SPARK,2,Pikachu,SWSH145,Pikachu V,SWSH Black Star Promos,promo,Promo
SPARK,2,Pikachu,SWSH020,Pikachu,SWSH Black Star Promos,promo,Promo
SPARK,2,Pikachu,1,Pikachu on the Ball,Pokémon Futsal Collection,promo,
SPARK,2,Pikachu,SWSH153,Pikachu,SWSH Black Star Promos,promo,Promo
SPARK,2,Pikachu,101,Pikachu,Scarlet & Violet Black Star Promos,promo,Promo
SPARK,2,Pikachu,25,Pikachu,McDonald's Collection 2021,promo,
SPARK,2,Pikachu,88,Pikachu,Scarlet & Violet Black Star Promos,promo,Promo
SPARK,2,Pikachu,27,Pikachu,Scarlet & Violet Black Star Promos,promo,Promo
SPARK,2,Pikachu,SWSH062,Pikachu VMAX,SWSH Black Star Promos,promo,Promo
SPARK,2,Pikachu,SWSH143,Pikachu V,SWSH Black Star Promos,promo,Promo
SPARK,2,Pikachu,SWSH039,Pikachu,SWSH Black Star Promos,promo,Promo
SPARK,2,Pikachu,SWSH141,Pikachu V-UNION,SWSH Black Star Promos,promo,Promo
SPARK,2,Pikachu,SWSH142,Pikachu V-UNION,SWSH Black Star Promos,promo,Promo
SPARK,2,Pikachu,7,Pikachu,McDonald's Collection 2022,promo,
SPARK,2,Pikachu,SWSH286,Pikachu VMAX,SWSH Black Star Promos,promo,Promo
SPARK,2,Pikachu,SWSH139,Pikachu V-UNION,SWSH Black Star Promos,promo,Promo
SPARK,2,Pikachu,SWSH063,Pikachu V,SWSH Black Star Promos,promo,Promo
SPARK,2,Pikachu,SWSH140,Pikachu V-UNION,SWSH Black Star Promos,promo,Promo
SPARK,2,Pikachu,SWSH234,Pikachu,SWSH Black Star Promos,promo,Promo
SPARK,2,Pikachu,SWSH285,Pikachu V,SWSH Black Star Promos,promo,Promo
SPARK,2,Pikachu,SWSH198,Pikachu V,SWSH Black Star Promos,promo,Promo
SPARK,2,Pikachu,SWSH061,Pikachu V,SWSH Black Star Promos,promo,Promo
SPARK,2,Pikachu,106,Pikachu ex,Scarlet & Violet Black Star Promos,promo,Promo
SPARK,2,Pichu,22,Pichu,Expedition Base Set,main,Rare Holo
SPARK,2,Pichu,59,Pichu,Emerald,main,Common
SPARK,2,Pichu,16,Pichu Bros.,POP Series 3,main,Common
SPARK,2,Pichu,58,Pichu,Expedition Base Set,main,Rare
SPARK,2,Pichu,35,Pichu,Wizards Black Star Promos,main,Promo
SPARK,2,Raichu,97,Raichu ex,Emerald,main,Rare Holo EX
SPARK,2,Raichu,H25,Raichu,Skyridge,main,Rare Holo
SPARK,2,Raichu,25,Raichu,Expedition Base Set,main,Rare Holo
SPARK,2,Raichu,14,Raichu,Fossil,main,Rare Holo
SPARK,2,Raichu,8,Raichu,Stormfront,main,Rare Holo
SPARK,2,Raichu,27,Raichu,Skyridge,main,Rare
SPARK,2,Raichu,211,Raichu,Paldea Evolved,alt_art_SIR,Illustration Rare
SPARK,2,Raichu,132,Raichu,Paldean Fates,alt_art_SIR,Shiny Rare
SPARK,2,Raichu,158,Raichu V,Brilliant Stars,alt_art_SIR,Rare Ultra
SPARK,2,Alolan Raichu,221,Raichu & Alolan Raichu-GX,Unified Minds,main,Rare Ultra
SPARK,2,Alolan Raichu,241,Raichu & Alolan Raichu-GX,Unified Minds,main,Rare Rainbow
SPARK,2,Alolan Raichu,220,Raichu & Alolan Raichu-GX,Unified Minds,main,Rare Ultra
SPARK,2,Alolan Raichu,SM72,Alolan Raichu,SM Black Star Promos,main,Promo
SPARK,2,Alolan Raichu,54,Raichu & Alolan Raichu-GX,Unified Minds,main,Rare Holo GX
SPARK,3,Umbreon,41,Umbreon,Aquapolis,main,Rare
SPARK,3,Umbreon,SM241,Umbreon & Darkrai-GX,SM Black Star Promos,main,Promo
SPARK,3,Umbreon,BW93,Umbreon,BW Black Star Promos,main,Promo
SPARK,3,Umbreon,24,Umbreon,Sandstorm,main,Rare
SPARK,3,Umbreon,10,Umbreon,HS—Undaunted,main,Rare Holo
SPARK,3,Umbreon,64,Umbreon,Plasma Freeze,main,Rare Holo
SPARK,3,Umbreon,22,Umbreon,Call of Legends,main,Rare Holo
SPARK,3,Umbreon,119,Umbreon-EX,Fates Collide,main,Rare Ultra
SPARK,3,Umbreon,154,Umbreon-GX,Sun & Moon,main,Rare Rainbow
SPARK,3,Umbreon,XY96,Umbreon,XY Black Star Promos,main,Promo
SPARK,3,Umbreon,61,Umbreon,Dark Explorers,main,Uncommon
SPARK,3,Umbreon,TG23,Umbreon VMAX,Brilliant Stars Trainer Gallery,main,Rare Holo VMAX
SPARK,3,Umbreon,215,Umbreon VMAX,Evolving Skies,alt_art_SIR,Rare Rainbow
SPARK,3,Umbreon,161,Umbreon ex,Prismatic Evolutions,alt_art_SIR,Special Illustration Rare
SPARK,3,Umbreon,189,Umbreon V,Evolving Skies,alt_art_SIR,Rare Ultra
SPARK,3,Umbreon,17,Umbreon ★,Celebrations: Classic Collection,alt_art_SIR,Classic Collection
SPARK,3,Umbreon,214,Umbreon VMAX,Evolving Skies,alt_art_SIR,Rare Rainbow
SPARK,3,Umbreon,188,Umbreon V,Evolving Skies,alt_art_SIR,Rare Ultra
SPARK,3,Umbreon,95,Umbreon VMAX,Evolving Skies,alt_art_SIR,Rare Holo VMAX
SPARK,3,Umbreon,SWSH129,Umbreon,SWSH Black Star Promos,promo,Promo
SPARK,3,Umbreon,SWSH203,Umbreon V,SWSH Black Star Promos,promo,Promo
SPARK,4,Rayquaza,3,Rayquaza,POP Series 1,main,Rare
SPARK,4,Rayquaza,123,Rayquaza-EX,Dragons Exalted,main,Rare Ultra
SPARK,4,Rayquaza,XY69,Rayquaza-EX,XY Black Star Promos,main,Promo
SPARK,4,Rayquaza,TG20,Rayquaza VMAX,Silver Tempest Trainer Gallery,main,Rare Holo VMAX
SPARK,4,Rayquaza,61,M Rayquaza-EX,Roaring Skies,main,Rare Holo EX
SPARK,4,Rayquaza,56,Shining Rayquaza,Shining Legends,main,Rare Shining
SPARK,4,Rayquaza,160,Rayquaza-GX,Celestial Storm,main,Rare Ultra
SPARK,4,Rayquaza,8,Rayquaza C,Supreme Victors,main,Rare Holo
SPARK,4,Rayquaza,217,Rayquaza VMAX,Evolving Skies,main,Rare Rainbow
SPARK,4,Rayquaza,76,M Rayquaza-EX,Roaring Skies,main,Rare Holo EX
SPARK,4,Rayquaza,93,Rayquaza,Legendary Treasures,main,Rare Holo
SPARK,4,Rayquaza,218,Rayquaza VMAX,Evolving Skies,alt_art_SIR,Rare Rainbow
SPARK,4,Rayquaza,194,Rayquaza V,Evolving Skies,alt_art_SIR,Rare Ultra
SPARK,4,Rayquaza,193,Rayquaza V,Evolving Skies,alt_art_SIR,Rare Ultra
SPARK,4,Rayquaza,76,M Rayquaza-EX,Celebrations: Classic Collection,alt_art_SIR,Classic Collection
SPARK,4,Rayquaza,TG29,Rayquaza VMAX,Silver Tempest Trainer Gallery,alt_art_SIR,Rare Secret
SPARK,4,Rayquaza,138,Rayquaza,Vivid Voltage,alt_art_SIR,Amazing Rare
SPARK,4,Rayquaza,111,Rayquaza VMAX,Evolving Skies,alt_art_SIR,Rare Holo VMAX
SPARK,4,Rayquaza,102,Rayquaza VMAX,Crown Zenith,alt_art_SIR,Rare Holo VMAX
SPARK,4,Rayquaza,101,Rayquaza VMAX,Crown Zenith,alt_art_SIR,Rare Holo VMAX
SPARK,4,Rayquaza,SWSH147,Rayquaza V,SWSH Black Star Promos,promo,Promo
SPARK,4,Rayquaza,SWSH029,Rayquaza,SWSH Black Star Promos,promo,Promo
SPARK,5,Mew,269,Mew VMAX,Fusion Strike,main,Rare Rainbow
SPARK,5,Mew,RC24,Mew-EX,Legendary Treasures,main,Rare Ultra
SPARK,5,Mew,15,Mew,Secret Wonders,main,Rare Holo
SPARK,5,Mew,55,Mew,Expedition Base Set,main,Rare
SPARK,5,Mew,222,Mewtwo & Mew-GX,Unified Minds,main,Rare Ultra
SPARK,5,Mew,40,Shining Mew,Shining Legends,main,Rare Shining
SPARK,5,Mew,47,Mew,Wizards Black Star Promos,main,Promo
SPARK,5,Mew,9,Mew,Wizards Black Star Promos,main,Promo
SPARK,5,Mew,71,Mewtwo & Mew-GX,Unified Minds,main,Rare Holo GX
SPARK,5,Mew,XY110,Mew,XY Black Star Promos,main,Promo
SPARK,5,Mew,40,Mew,Nintendo Black Star Promos,main,Promo
SPARK,5,Mew,46,Mew-EX,Dragons Exalted,main,Rare Holo EX
SPARK,5,Mew,232,Mew ex,Paldean Fates,alt_art_SIR,Special Illustration Rare
SPARK,5,Mew,251,Mew V,Fusion Strike,alt_art_SIR,Rare Ultra
SPARK,5,Mew,268,Mew VMAX,Fusion Strike,alt_art_SIR,Rare Rainbow
SPARK,5,Mew,GG10,Mew,Crown Zenith Galarian Gallery,alt_art_SIR,Trainer Gallery Rare Holo
SPARK,5,Mew,216,Mew ex,Paldean Fates,alt_art_SIR,Shiny Ultra Rare
SPARK,5,Mew,250,Mew V,Fusion Strike,alt_art_SIR,Rare Ultra
SPARK,5,Mew,TG30,Mew VMAX,Lost Origin Trainer Gallery,alt_art_SIR,Rare Secret
SPARK,5,Mew,193,Mew ex,151,alt_art_SIR,Ultra Rare
SPARK,5,Mew,205,Mew ex,151,alt_art_SIR,Hyper Rare
SPARK,5,Mew,88,Mew ex,Celebrations: Classic Collection,alt_art_SIR,Classic Collection
SPARK,5,Mew,114,Mew VMAX,Fusion Strike,alt_art_SIR,Rare Holo VMAX
SPARK,5,Mew,152,Mew ex,30th Celebration,alt_art_SIR,Special Illustration Rare
SPARK,5,Mew,158,Mew ex,30th Celebration,alt_art_SIR,Futuristic Rare
SPARK,5,Mew,53,Mew ex,Scarlet & Violet Black Star Promos,promo,Promo
SPARK,6,Lugia,14,Lugia,Secret Wonders,main,Rare Holo
SPARK,6,Lugia,94,Lugia-EX,Ancient Origins,main,Rare Ultra
SPARK,6,Lugia,2,Lugia,POP Series 5,main,Rare
SPARK,6,Lugia,20,Lugia,Neo Revelation,main,Rare
SPARK,6,Lugia,131,Lugia,Team Up,main,Rare Holo
SPARK,6,Lugia,207,Lugia-GX,Lost Thunder,main,Rare Ultra
SPARK,6,Lugia,SM82,Shining Lugia,SM Black Star Promos,main,Promo
SPARK,6,Lugia,108,Lugia-EX,Plasma Storm,main,Rare Holo EX
SPARK,6,Lugia,XY156,Lugia,XY Black Star Promos,main,Promo
SPARK,6,Lugia,BW83,Lugia-EX,BW Black Star Promos,main,Promo
SPARK,6,Lugia,186,Lugia V,Silver Tempest,alt_art_SIR,Rare Ultra
SPARK,6,Lugia,202,Lugia VSTAR,Silver Tempest,alt_art_SIR,Rare Rainbow
SPARK,6,Lugia,211,Lugia VSTAR,Silver Tempest,alt_art_SIR,Rare Secret
SPARK,6,Lugia,185,Lugia V,Silver Tempest,alt_art_SIR,Rare Ultra
SPARK,6,Lugia,139,Lugia VSTAR,Silver Tempest,alt_art_SIR,Rare Holo VSTAR
SPARK,6,Lugia,149,Lugia,30th Celebration: Classic Collection,alt_art_SIR,Rare Secret
SPARK,6,Lugia,SWSH069,Lugia,SWSH Black Star Promos,promo,Promo
SPARK,7,Mewtwo,GG44,Mewtwo VSTAR,Crown Zenith Galarian Gallery,main,Rare Holo VSTAR
SPARK,7,Mewtwo,144,Mewtwo LV.X,Legends Awakened,main,Rare Holo LV.X
SPARK,7,Mewtwo,56,Mewtwo,Expedition Base Set,main,Rare
SPARK,7,Mewtwo,164,Mewtwo-EX,BREAKthrough,main,Rare Secret
SPARK,7,Mewtwo,163,Mewtwo-EX,BREAKthrough,main,Rare Secret
SPARK,7,Mewtwo,222,Mewtwo & Mew-GX,Unified Minds,main,Rare Ultra
SPARK,7,Mewtwo,160,M Mewtwo-EX,BREAKthrough,main,Rare Ultra
SPARK,7,Mewtwo,XY125,Mewtwo-EX,XY Black Star Promos,main,Promo
SPARK,7,Mewtwo,71,Mewtwo & Mew-GX,Unified Minds,main,Rare Holo GX
SPARK,7,Mewtwo,SV59,Mewtwo-GX,Hidden Fates Shiny Vault,main,Rare Shiny GX
SPARK,7,Mewtwo,12,Mewtwo,Wizards Black Star Promos,main,Promo
SPARK,7,Mewtwo,231,Team Rocket's Mewtwo ex,Destined Rivals,alt_art_SIR,Special Illustration Rare
SPARK,7,Mewtwo,72,Mewtwo V,Pokémon GO,alt_art_SIR,Rare Ultra
SPARK,7,Mewtwo,79,Mewtwo VSTAR,Pokémon GO,alt_art_SIR,Rare Rainbow
SPARK,7,Mewtwo,240,Team Rocket's Mewtwo ex,Destined Rivals,alt_art_SIR,Hyper Rare
SPARK,7,Mewtwo,86,Mewtwo VSTAR,Pokémon GO,alt_art_SIR,Rare Secret
SPARK,7,Mewtwo,213,Team Rocket's Mewtwo ex,Destined Rivals,alt_art_SIR,Ultra Rare
SPARK,7,Mewtwo,54,Mewtwo-EX,Celebrations: Classic Collection,alt_art_SIR,Classic Collection
SPARK,7,Mewtwo,31,Mewtwo VSTAR,Pokémon GO,alt_art_SIR,Rare Holo VSTAR
SPARK,7,Mewtwo,281,Team Rocket's Mewtwo ex,Ascended Heroes,alt_art_SIR,Special Illustration Rare
SPARK,7,Mewtwo,151,Mewtwo ex,30th Celebration,alt_art_SIR,Special Illustration Rare
SPARK,7,Mewtwo,157,Mewtwo ex,30th Celebration,alt_art_SIR,Futuristic Rare
SPARK,7,Mewtwo,52,Mewtwo,Scarlet & Violet Black Star Promos,promo,Promo
SPARK,7,Mewtwo,SWSH160,Mewtwo V-UNION,SWSH Black Star Promos,promo,Promo
SPARK,7,Mewtwo,SWSH162,Mewtwo V-UNION,SWSH Black Star Promos,promo,Promo
SPARK,7,Mewtwo,SWSH161,Mewtwo V-UNION,SWSH Black Star Promos,promo,Promo
SPARK,7,Mewtwo,SWSH159,Mewtwo V-UNION,SWSH Black Star Promos,promo,Promo
SPARK,7,Mewtwo,SWSH223,Mewtwo V,SWSH Black Star Promos,promo,Promo
SPARK,7,Mewtwo,SWSH229,Mewtwo V,SWSH Black Star Promos,promo,Promo
SPARK,8,Gengar,18,Gengar,Stormfront,main,Rare
SPARK,8,Gengar,5,Gengar,Legend Maker,main,Rare Holo
SPARK,8,Gengar,27,Gengar,Diamond & Pearl,main,Rare
SPARK,8,Gengar,16,Gengar,Arceus,main,Rare
SPARK,8,Gengar,20,Gengar,Fossil,main,Rare
SPARK,8,Gengar,35,M Gengar-EX,Phantom Forces,main,Rare Holo EX
SPARK,8,Gengar,SWSH052,Gengar,SWSH Black Star Promos,main,Promo
SPARK,8,Gengar,34,Gengar-EX,Phantom Forces,main,Rare Holo EX
SPARK,8,Gengar,40,Gengar GL,Rising Rivals,main,Uncommon
SPARK,8,Gengar,35,Gengar,Generations,main,Rare Holo
SPARK,8,Gengar,271,Gengar VMAX,Fusion Strike,alt_art_SIR,Rare Rainbow
SPARK,8,Gengar,193,Gengar ex,Temporal Forces,alt_art_SIR,Ultra Rare
SPARK,8,Gengar,TG06,Gengar,Lost Origin Trainer Gallery,alt_art_SIR,Trainer Gallery Rare Holo
SPARK,8,Gengar,157,Gengar VMAX,Fusion Strike,alt_art_SIR,Rare Holo VMAX
SPARK,8,Gengar,269,Mega Gengar ex,Ascended Heroes,alt_art_SIR,MEGA_ATTACK_RARE
SPARK,8,Gengar,284,Mega Gengar ex,Ascended Heroes,alt_art_SIR,Special Illustration Rare
SPARK,8,Gengar,154,Gengar ex,30th Celebration,alt_art_SIR,Special Illustration Rare
SPARK,8,Gengar,SWSH241,Gengar,SWSH Black Star Promos,promo,Promo
SPARK,8,Mimikyu,164,Gengar & Mimikyu-GX,Team Up,main,Rare Ultra
SPARK,8,Mimikyu,226,Mimikyu-GX,Lost Thunder,main,Rare Rainbow
SPARK,8,Mimikyu,206,Mimikyu-GX,Lost Thunder,main,Rare Ultra
SPARK,8,Mimikyu,TG16,Mimikyu V,Brilliant Stars Trainer Gallery,main,Rare Holo V
SPARK,8,Mimikyu,TG17,Mimikyu VMAX,Brilliant Stars Trainer Gallery,main,Rare Holo VMAX
SPARK,8,Mimikyu,245,Mimikyu,Cosmic Eclipse,main,Rare Secret
SPARK,8,Mimikyu,SM163,Mimikyu,SM Black Star Promos,main,Promo
SPARK,8,Mimikyu,149,Mimikyu-GX,Lost Thunder,main,Rare Holo GX
SPARK,8,Mimikyu,160,Mimikyu,Paldean Fates,alt_art_SIR,Shiny Rare
SPARK,8,Mimikyu,148,Mimikyu V,Battle Styles,alt_art_SIR,Rare Ultra
SPARK,8,Mimikyu,69,Mimikyu VMAX,Brilliant Stars,alt_art_SIR,Rare Holo VMAX
SPARK,8,Mimikyu,238,Team Rocket's Mimikyu,Ascended Heroes,alt_art_SIR,Illustration Rare
SPARK,8,Mimikyu,SWSH136,Mimikyu δ,SWSH Black Star Promos,promo,Promo
SPARK,8,Mimikyu,75,Mimikyu,Scarlet & Violet Black Star Promos,promo,Promo
SPARK,8,Mimikyu,4,Mimikyu ex,Scarlet & Violet Black Star Promos,promo,Promo
SPARK,8,Gastly,57,Gastly,Skyridge,main,Common
SPARK,8,Gastly,76,Gastly,Legendary Collection,main,Common
SPARK,8,Gastly,177,Gastly,Temporal Forces,main,Illustration Rare
SPARK,8,Gastly,52,Gastly,Legend Maker,main,Common
SPARK,8,Gastly,63,Gastly,FireRed & LeafGreen,main,Common
SPARK,8,Haunter,46,Haunter,Legendary Collection,main,Uncommon
SPARK,8,Haunter,35,Haunter,Legend Maker,main,Uncommon
SPARK,8,Haunter,6,Haunter,Fossil,main,Rare Holo
SPARK,8,Haunter,80,Haunter,Expedition Base Set,main,Uncommon
SPARK,8,Haunter,50,Haunter,Diamond & Pearl,main,Uncommon
SPARK,9,Eevee,171,Eevee & Snorlax-GX,Team Up,main,Rare Ultra
SPARK,9,Eevee,75,Eevee,Aquapolis,main,Common
SPARK,9,Eevee,SM169,Eevee & Snorlax-GX,SM Black Star Promos,main,Promo
SPARK,9,Eevee,167,Eevee ex,Prismatic Evolutions,main,Special Illustration Rare
SPARK,9,Eevee,68,Eevee δ,Delta Species,main,Common
SPARK,9,Eevee,55,Eevee,Unseen Forces,main,Common
SPARK,9,Eevee,SM233,Eevee-GX,SM Black Star Promos,main,Promo
SPARK,9,Eevee,BW94,Eevee,BW Black Star Promos,main,Promo
SPARK,9,Eevee,63,Eevee,Sandstorm,main,Common
SPARK,9,Eevee,120,Eevee & Snorlax-GX,Team Up,main,Rare Holo GX
SPARK,9,Eevee,188,Eevee,Twilight Masquerade,alt_art_SIR,Illustration Rare
SPARK,9,Eevee,TG11,Eevee,Brilliant Stars Trainer Gallery,alt_art_SIR,Trainer Gallery Rare Holo
SPARK,9,Eevee,2,Eevee on the Ball,Pokémon Futsal Collection,promo,
SPARK,9,Eevee,SWSH230,Radiant Eevee,SWSH Black Star Promos,promo,Promo
SPARK,9,Eevee,174,Eevee ex,Scarlet & Violet Promos,promo,Promo
SPARK,9,Eevee,SWSH042,Eevee,SWSH Black Star Promos,promo,Promo
SPARK,9,Eevee,173,Eevee,Scarlet & Violet Promos,promo,Promo
SPARK,9,Eevee,SWSH175,Eevee,SWSH Black Star Promos,promo,Promo
SPARK,9,Eevee,SWSH065,Eevee V,SWSH Black Star Promos,promo,Promo
SPARK,9,Eevee,43,Eevee,Scarlet & Violet Black Star Promos,promo,Promo
SPARK,9,Eevee,SWSH212,Eevee,SWSH Black Star Promos,promo,Promo
SPARK,9,Eevee,SWSH118,Eevee,SWSH Black Star Promos,promo,Promo
SPARK,9,Eevee,SWSH190,Eevee,SWSH Black Star Promos,promo,Promo
SPARK,9,Eevee,SWSH095,Eevee,SWSH Black Star Promos,promo,Promo
SPARK,9,Eevee,SWSH087,Eevee VMAX,SWSH Black Star Promos,promo,Promo
SPARK,9,Eevee,SWSH127,Eevee,SWSH Black Star Promos,promo,Promo
SPARK,9,Eevee,200,Eevee,Scarlet & Violet Promos,promo,Promo
SPARK,10,Garchomp,120,Garchomp,Plasma Freeze,main,Rare Secret
SPARK,10,Garchomp,232,Cynthia's Garchomp ex,Destined Rivals,main,Special Illustration Rare
SPARK,10,Garchomp,97,Garchomp LV.X,Majestic Dawn,main,Rare Holo LV.X
SPARK,10,Garchomp,145,Garchomp C LV.X,Supreme Victors,main,Rare Holo LV.X
SPARK,10,Garchomp,247,Garchomp & Giratina-GX,Unified Minds,main,Rare Rainbow
SPARK,10,Garchomp,XY168,M Garchomp-EX,XY Black Star Promos,main,Promo
SPARK,10,Garchomp,SM193,Garchomp & Giratina-GX,SM Black Star Promos,main,Promo
SPARK,10,Garchomp,DP46,Garchomp C LV.X,DP Black Star Promos,main,Promo
SPARK,10,Garchomp,245,Garchomp ex,Paradox Rift,alt_art_SIR,Special Illustration Rare
SPARK,10,Garchomp,241,Cynthia's Garchomp ex,Destined Rivals,alt_art_SIR,Hyper Rare
SPARK,10,Garchomp,260,Garchomp ex,Paradox Rift,alt_art_SIR,Hyper Rare
SPARK,10,Garchomp,178,Garchomp V,Astral Radiance,alt_art_SIR,Rare Ultra
SPARK,10,Garchomp,219,Garchomp ex,Paradox Rift,alt_art_SIR,Ultra Rare
SPARK,10,Garchomp,145,Garchomp C LV.X,Celebrations: Classic Collection,alt_art_SIR,Classic Collection
SPARK,10,Garchomp,215,Cynthia's Garchomp ex,Destined Rivals,alt_art_SIR,Ultra Rare
SPARK,10,Giratina,BW74,Giratina,BW Black Star Promos,main,Promo
SPARK,10,Giratina,GG69,Giratina VSTAR,Crown Zenith Galarian Gallery,main,Rare Secret
SPARK,10,Giratina,DP38,Giratina LV.X,DP Black Star Promos,main,Promo
SPARK,10,Giratina,124,Giratina LV.X,Platinum,main,Rare Holo LV.X
SPARK,10,Giratina,93,Giratina-EX,Ancient Origins,main,Rare Ultra
SPARK,10,Giratina,10,Giratina,Platinum,main,Rare Holo
SPARK,10,Giratina,247,Garchomp & Giratina-GX,Unified Minds,main,Rare Rainbow
SPARK,10,Giratina,SM193,Garchomp & Giratina-GX,SM Black Star Promos,main,Promo
SPARK,10,Giratina,4,Giratina,Legends Awakened,main,Rare Holo
SPARK,10,Giratina,186,Giratina V,Lost Origin,alt_art_SIR,Rare Ultra
SPARK,10,Giratina,201,Giratina VSTAR,Lost Origin,alt_art_SIR,Rare Rainbow
SPARK,10,Giratina,212,Giratina VSTAR,Lost Origin,alt_art_SIR,Rare Secret
SPARK,10,Giratina,185,Giratina V,Lost Origin,alt_art_SIR,Rare Ultra
SPARK,10,Giratina,131,Giratina VSTAR,Lost Origin,alt_art_SIR,Rare Holo VSTAR
SPARK,10,Giratina,SWSH259,Giratina V,SWSH Black Star Promos,promo,Promo
SPARK,10,Gible,7,Gible,POP Series 6,main,Uncommon
SPARK,10,Gible,94,Gible,Legendary Treasures,main,Common
SPARK,10,Gible,106,Gible,Supreme Victors,main,Common
SPARK,10,Gible,85,Gible,Mysterious Treasures,main,Common
SPARK,10,Gible,109,Cynthia's Gible,Ascended Heroes,main,Common
SPARK,10,Gabite,89,Gabite,Dragons Exalted,main,Uncommon
SPARK,10,Gabite,59,Gabite,Supreme Victors,main,Uncommon
SPARK,10,Gabite,SV39,Gabite,Hidden Fates Shiny Vault,main,Rare Shiny
SPARK,10,Gabite,110,Cynthia's Gabite,Ascended Heroes,main,Uncommon
SPARK,11,Reshiram,259,Reshiram & Zekrom-GX,Cosmic Eclipse,main,Rare Rainbow
SPARK,11,Reshiram,217,Reshiram & Charizard-GX,Unbroken Bonds,main,Rare Rainbow
SPARK,11,Reshiram,RC22,Reshiram,Legendary Treasures,main,Rare Ultra
SPARK,11,Reshiram,166,Reshiram ex,White Flare,main,Special Illustration Rare
SPARK,11,Reshiram,SM201,Reshiram & Charizard-GX,SM Black Star Promos,main,Promo
SPARK,11,Reshiram,95,Reshiram-EX,Next Destinies,main,Rare Ultra
SPARK,11,Reshiram,173,Reshiram ex,White Flare,alt_art_SIR,Black White Rare
SPARK,11,Reshiram,167,N's Reshiram,Journey Together,alt_art_SIR,Illustration Rare
SPARK,11,Reshiram,113,Reshiram,Celebrations: Classic Collection,alt_art_SIR,Classic Collection
SPARK,11,Reshiram,172,Reshiram V,Silver Tempest,alt_art_SIR,Rare Ultra
SPARK,11,Reshiram,158,Reshiram ex,White Flare,alt_art_SIR,Ultra Rare
SPARK,11,Reshiram,17,Reshiram,Shining Fates,alt_art_SIR,Amazing Rare
SPARK,11,Zekrom,184,Pikachu & Zekrom-GX,Team Up,main,Rare Rainbow
SPARK,11,Zekrom,SM168,Pikachu & Zekrom-GX,SM Black Star Promos,main,Promo
SPARK,11,Zekrom,162,Pikachu & Zekrom-GX,Team Up,main,Rare Ultra
SPARK,11,Zekrom,114,Zekrom,Black & White,main,Rare Ultra
SPARK,11,Zekrom,XY76,Zekrom,XY Black Star Promos,main,Promo
SPARK,11,Zekrom,157,Reshiram & Zekrom-GX,Cosmic Eclipse,main,Rare Holo GX
SPARK,11,Zekrom,172,Zekrom ex,Black Bolt,alt_art_SIR,Black White Rare
SPARK,11,Zekrom,166,Zekrom ex,Black Bolt,alt_art_SIR,Special Illustration Rare
SPARK,11,Zekrom,114,Zekrom,Celebrations: Classic Collection,alt_art_SIR,Classic Collection
SPARK,11,Zekrom,TG05,Zekrom,Brilliant Stars Trainer Gallery,alt_art_SIR,Trainer Gallery Rare Holo
SPARK,11,Zekrom,158,Zekrom ex,Black Bolt,alt_art_SIR,Ultra Rare
SPARK,11,Kyurem,96,Kyurem-EX,Next Destinies,main,Rare Ultra
SPARK,11,Kyurem,21,Kyurem,Dragon Vault,main,
SPARK,11,Kyurem,165,Kyurem ex,Black Bolt,main,Special Illustration Rare
SPARK,11,Kyurem,XY80,Black Kyurem,XY Black Star Promos,main,Promo
SPARK,11,Kyurem,74,White Kyurem-GX,Dragon Majesty,main,Rare Rainbow
SPARK,11,Kyurem,197,Kyurem VMAX,Lost Origin,alt_art_SIR,Rare Rainbow
SPARK,11,Kyurem,174,Kyurem V,Lost Origin,alt_art_SIR,Rare Ultra
SPARK,11,Kyurem,218,Black Kyurem ex,Surging Sparks,alt_art_SIR,Ultra Rare
SPARK,11,Kyurem,49,Kyurem VMAX,Lost Origin,alt_art_SIR,Rare Holo VMAX
SPARK,11,Kyurem,157,Kyurem ex,Black Bolt,alt_art_SIR,Ultra Rare
SPARK,11,Black Kyurem,145,Black Kyurem-EX,Boundaries Crossed,main,Rare Ultra
SPARK,11,Black Kyurem,XY80,Black Kyurem,XY Black Star Promos,main,Promo
SPARK,11,Black Kyurem,BW58,Black Kyurem,BW Black Star Promos,main,Promo
SPARK,11,Black Kyurem,BW62,Black Kyurem-EX,BW Black Star Promos,main,Promo
SPARK,11,Black Kyurem,100,Black Kyurem-EX,Legendary Treasures,main,Rare Holo EX
SPARK,11,Black Kyurem,218,Black Kyurem ex,Surging Sparks,alt_art_SIR,Ultra Rare
SPARK,11,White Kyurem,146,White Kyurem-EX,Boundaries Crossed,main,Rare Ultra
SPARK,11,White Kyurem,74,White Kyurem-GX,Dragon Majesty,main,Rare Rainbow
SPARK,11,White Kyurem,XY81,White Kyurem,XY Black Star Promos,main,Promo
SPARK,11,White Kyurem,BW59,White Kyurem,BW Black Star Promos,main,Promo
SPARK,12,Vaporeon,110,Vaporeon ex,Delta Species,main,Rare Holo EX
SPARK,12,Vaporeon,149,Vaporeon ex,Prismatic Evolutions,main,Special Illustration Rare
SPARK,12,Vaporeon,18,Vaporeon δ,Delta Species,main,Rare Holo
SPARK,12,Vaporeon,33,Vaporeon,Skyridge,main,Rare
SPARK,12,Vaporeon,19,Vaporeon,Unseen Forces,main,Rare Holo
SPARK,12,Vaporeon,12,Vaporeon,Jungle,main,Rare Holo
SPARK,12,Vaporeon,172,Vaporeon V,Evolving Skies,alt_art_SIR,Rare Ultra
SPARK,12,Vaporeon,TG02,Vaporeon,Brilliant Stars Trainer Gallery,alt_art_SIR,Trainer Gallery Rare Holo
SPARK,12,Vaporeon,30,Vaporeon VMAX,Evolving Skies,alt_art_SIR,Rare Holo VMAX
SPARK,12,Vaporeon,SWSH181,Vaporeon V,SWSH Black Star Promos,promo,Promo
SPARK,12,Vaporeon,SWSH182,Vaporeon VMAX,SWSH Black Star Promos,promo,Promo
SPARK,12,Vaporeon,SWSH072,Vaporeon,SWSH Black Star Promos,promo,Promo
SPARK,12,Vaporeon,SWSH150,Vaporeon V,SWSH Black Star Promos,promo,Promo
SPARK,12,Vaporeon,168,Vaporeon,Scarlet & Violet Promos,promo,Promo
SPARK,12,Jolteon,14,Jolteon,Legendary Collection,main,Rare Holo
SPARK,12,Jolteon,H12,Jolteon,Skyridge,main,Rare Holo
SPARK,12,Jolteon,153,Jolteon ex,Prismatic Evolutions,main,Special Illustration Rare
SPARK,12,Jolteon,6,Jolteon,Sandstorm,main,Rare Holo
SPARK,12,Jolteon,8,Jolteon,Unseen Forces,main,Rare Holo
SPARK,12,Jolteon,48,Light Jolteon,Neo Destiny,main,Uncommon
SPARK,12,Jolteon,177,Jolteon V,Evolving Skies,alt_art_SIR,Rare Ultra
SPARK,12,Jolteon,TG04,Jolteon,Brilliant Stars Trainer Gallery,alt_art_SIR,Trainer Gallery Rare Holo
SPARK,12,Jolteon,51,Jolteon VMAX,Evolving Skies,alt_art_SIR,Rare Holo VMAX
SPARK,12,Jolteon,SWSH183,Jolteon V,SWSH Black Star Promos,promo,Promo
SPARK,12,Jolteon,SWSH184,Jolteon VMAX,SWSH Black Star Promos,promo,Promo
SPARK,12,Jolteon,SWSH094,Jolteon,SWSH Black Star Promos,promo,Promo
SPARK,12,Jolteon,SWSH151,Jolteon V,SWSH Black Star Promos,promo,Promo
SPARK,12,Jolteon,169,Jolteon,Scarlet & Violet Promos,promo,Promo
SPARK,12,Flareon,RC28,Flareon-EX,Generations,main,Rare Ultra
SPARK,12,Flareon,146,Flareon ex,Prismatic Evolutions,main,Special Illustration Rare
SPARK,12,Flareon,10,Flareon,Legendary Collection,main,Rare Holo
SPARK,12,Flareon,5,Flareon,Unseen Forces,main,Rare Holo
SPARK,12,Flareon,5,Flareon,Sandstorm,main,Rare Holo
SPARK,12,Flareon,RC6,Flareon-EX,Generations,main,Rare Holo EX
SPARK,12,Flareon,TG01,Flareon,Brilliant Stars Trainer Gallery,alt_art_SIR,Trainer Gallery Rare Holo
SPARK,12,Flareon,169,Flareon V,Evolving Skies,alt_art_SIR,Rare Ultra
SPARK,12,Flareon,18,Flareon VMAX,Evolving Skies,alt_art_SIR,Rare Holo VMAX
SPARK,12,Flareon,SWSH179,Flareon V,SWSH Black Star Promos,promo,Promo
SPARK,12,Flareon,SWSH180,Flareon VMAX,SWSH Black Star Promos,promo,Promo
SPARK,12,Flareon,SWSH041,Flareon,SWSH Black Star Promos,promo,Promo
SPARK,12,Flareon,SWSH149,Flareon V,SWSH Black Star Promos,promo,Promo
SPARK,12,Flareon,167,Flareon,Scarlet & Violet Promos,promo,Promo
SPARK,13,Sylveon,212,Sylveon VMAX,Evolving Skies,main,Rare Rainbow
SPARK,13,Sylveon,SV76,Sylveon-GX,Hidden Fates Shiny Vault,main,Rare Shiny GX
SPARK,13,Sylveon,184,Sylveon V,Evolving Skies,main,Rare Ultra
SPARK,13,Sylveon,158,Sylveon-GX,Guardians Rising,main,Rare Rainbow
SPARK,13,Sylveon,RC32,Sylveon-EX,Generations,main,Rare Ultra
SPARK,13,Sylveon,225,Gardevoir & Sylveon-GX,Unbroken Bonds,main,Rare Rainbow
SPARK,13,Sylveon,204,Gardevoir & Sylveon-GX,Unbroken Bonds,main,Rare Ultra
SPARK,13,Sylveon,RC21,Sylveon-EX,Generations,main,Rare Holo EX
SPARK,13,Sylveon,156,Sylveon ex,Prismatic Evolutions,alt_art_SIR,Special Illustration Rare
SPARK,13,Sylveon,TG15,Sylveon VMAX,Brilliant Stars Trainer Gallery,alt_art_SIR,Rare Holo VMAX
SPARK,13,Sylveon,211,Sylveon VMAX,Evolving Skies,alt_art_SIR,Rare Rainbow
SPARK,13,Sylveon,183,Sylveon V,Evolving Skies,alt_art_SIR,Rare Ultra
SPARK,13,Sylveon,75,Sylveon VMAX,Evolving Skies,alt_art_SIR,Rare Holo VMAX
SPARK,13,Sylveon,153,Sylveon ex,30th Celebration,alt_art_SIR,Special Illustration Rare
SPARK,13,Sylveon,SWSH211,Sylveon,SWSH Black Star Promos,promo,Promo
SPARK,13,Sylveon,SWSH134,Dark Sylveon V,SWSH Black Star Promos,promo,Promo
SPARK,13,Sylveon,SWSH202,Sylveon V,SWSH Black Star Promos,promo,Promo
SPARK,13,Sylveon,172,Sylveon,Scarlet & Violet Promos,promo,Promo
SPARK,14,Espeon,4,Espeon δ,Delta Species,main,Rare Holo
SPARK,14,Espeon,180,Espeon V,Evolving Skies,main,Rare Ultra
SPARK,14,Espeon,11,Espeon,Aquapolis,main,Rare
SPARK,14,Espeon,SV60,Espeon-GX,Hidden Fates Shiny Vault,main,Rare Shiny GX
SPARK,14,Espeon,SM240,Espeon & Deoxys-GX,SM Black Star Promos,main,Promo
SPARK,14,Espeon,18,Espeon,Majestic Dawn,main,Rare
SPARK,14,Espeon,20,Espeon,Neo Discovery,main,Rare
SPARK,14,Espeon,BW92,Espeon,BW Black Star Promos,main,Promo
SPARK,14,Espeon,270,Espeon VMAX,Fusion Strike,alt_art_SIR,Rare Rainbow
SPARK,14,Espeon,155,Espeon ex,Prismatic Evolutions,alt_art_SIR,Special Illustration Rare
SPARK,14,Espeon,179,Espeon V,Evolving Skies,alt_art_SIR,Rare Ultra
SPARK,14,Espeon,65,Espeon VMAX,Evolving Skies,alt_art_SIR,Rare Holo VMAX
SPARK,14,Espeon,SWSH174,Espeon,SWSH Black Star Promos,promo,Promo
SPARK,14,Espeon,SWSH201,Espeon V,SWSH Black Star Promos,promo,Promo
SPARK,14,Deoxys,97,Deoxys ex,Deoxys,main,Rare Holo EX
SPARK,14,Deoxys,6,Deoxys δ,Holon Phantoms,main,Rare Holo
SPARK,14,Deoxys,99,Deoxys ex,Deoxys,main,Rare Holo EX
SPARK,14,Deoxys,93,Deoxys ex,Emerald,main,Rare Holo EX
SPARK,14,Deoxys,3,Deoxys δ,Holon Phantoms,main,Rare Holo
SPARK,14,Deoxys,17,Deoxys,Deoxys,main,Rare
SPARK,14,Deoxys,SM240,Espeon & Deoxys-GX,SM Black Star Promos,main,Promo
SPARK,14,Deoxys,GG45,Deoxys VMAX,Crown Zenith Galarian Gallery,alt_art_SIR,Rare Holo VMAX
SPARK,14,Deoxys,GG46,Deoxys VSTAR,Crown Zenith Galarian Gallery,alt_art_SIR,Rare Holo VSTAR
SPARK,14,Deoxys,GG12,Deoxys,Crown Zenith Galarian Gallery,alt_art_SIR,Trainer Gallery Rare Holo
SPARK,14,Deoxys,SWSH268,Deoxys VSTAR,SWSH Black Star Promos,promo,Promo
SPARK,14,Deoxys,SWSH267,Deoxys VMAX,SWSH Black Star Promos,promo,Promo
SPARK,14,Deoxys,SWSH170,Deoxys,SWSH Black Star Promos,promo,Promo
SPARK,14,Deoxys,SWSH266,Deoxys V,SWSH Black Star Promos,promo,Promo
SPARK,15,Latias,190,Latias & Latios-GX,Team Up,main,Rare Rainbow
SPARK,15,Latias,93,Latias ex,Dragon,main,Rare Holo EX
SPARK,15,Latias,239,Latias ex,Surging Sparks,main,Special Illustration Rare
SPARK,15,Latias,8,Latias δ,Delta Species,main,Rare Holo
SPARK,15,Latias,95,Latias ex δ,Dragon Frontiers,main,Rare Holo EX
SPARK,15,Latias,11,Latias δ,Holon Phantoms,main,Rare Holo
SPARK,15,Latias,181,Mega Latias ex,Mega Evolution,alt_art_SIR,Special Illustration Rare
SPARK,15,Latias,GG20,Latias,Crown Zenith Galarian Gallery,alt_art_SIR,Trainer Gallery Rare Holo
SPARK,15,Latias,220,Latias ex,Surging Sparks,alt_art_SIR,Ultra Rare
SPARK,15,Latias,163,Mega Latias ex,Mega Evolution,alt_art_SIR,Ultra Rare
SPARK,15,Latias,SWSH171,Latias,SWSH Black Star Promos,promo,Promo
SPARK,15,Latias,139,Latias,Scarlet & Violet Black Star Promos,promo,Promo
SPARK,15,Latios,113,Latios-EX,Plasma Freeze,main,Rare Ultra
SPARK,15,Latios,190,Latias & Latios-GX,Team Up,main,Rare Rainbow
SPARK,15,Latios,XY79,Latios,XY Black Star Promos,main,Promo
SPARK,15,Latios,169,Latias & Latios-GX,Team Up,main,Rare Ultra
SPARK,15,Latios,102,M Latios-EX,Roaring Skies,main,Rare Ultra
SPARK,15,Latios,HGSS11,Latios,HGSS Black Star Promos,main,Promo
SPARK,15,Latios,203,Latios,Surging Sparks,alt_art_SIR,Illustration Rare
SPARK,16,Arceus,221,Arceus & Dialga & Palkia-GX,Cosmic Eclipse,main,Rare Ultra
SPARK,16,Arceus,GG70,Arceus VSTAR,Crown Zenith Galarian Gallery,main,Rare Secret
SPARK,16,Arceus,95,Arceus LV.X,Arceus,main,Rare Holo LV.X
SPARK,16,Arceus,DP56,Arceus LV.X,DP Black Star Promos,main,Promo
SPARK,16,Arceus,DP53,Arceus LV.X,DP Black Star Promos,main,Promo
SPARK,16,Arceus,258,Arceus & Dialga & Palkia-GX,Cosmic Eclipse,main,Rare Rainbow
SPARK,16,Arceus,XY83,Arceus,XY Black Star Promos,main,Promo
SPARK,16,Arceus,94,Arceus LV.X,Arceus,main,Rare Holo LV.X
SPARK,16,Arceus,166,Arceus V,Brilliant Stars,alt_art_SIR,Rare Ultra
SPARK,16,Arceus,184,Arceus VSTAR,Brilliant Stars,alt_art_SIR,Rare Secret
SPARK,16,Arceus,176,Arceus VSTAR,Brilliant Stars,alt_art_SIR,Rare Rainbow
SPARK,16,Arceus,165,Arceus V,Brilliant Stars,alt_art_SIR,Rare Ultra
SPARK,16,Arceus,123,Arceus VSTAR,Brilliant Stars,alt_art_SIR,Rare Holo VSTAR
SPARK,16,Arceus,SWSH204,Arceus V,SWSH Black Star Promos,promo,Promo
SPARK,16,Arceus,SWSH307,Arceus VSTAR,SWSH Black Star Promos,promo,Promo
SPARK,16,Arceus,SWSH306,Arceus V,SWSH Black Star Promos,promo,Promo
SPARK,16,Dialga,4,Dialga,Majestic Dawn,main,Rare Holo
SPARK,16,Dialga,122,Dialga G LV.X,Platinum,main,Rare Holo LV.X
SPARK,16,Dialga,DP17,Dialga LV.X,DP Black Star Promos,main,Promo
SPARK,16,Dialga,102,Palkia & Dialga LEGEND,HS—Triumphant,main,LEGEND
SPARK,16,Dialga,101,Palkia & Dialga LEGEND,HS—Triumphant,main,LEGEND
SPARK,16,Dialga,GG68,Origin Forme Dialga VSTAR,Crown Zenith Galarian Gallery,main,Rare Secret
SPARK,16,Dialga,258,Arceus & Dialga & Palkia-GX,Cosmic Eclipse,main,Rare Rainbow
SPARK,16,Dialga,177,Origin Forme Dialga V,Astral Radiance,alt_art_SIR,Rare Ultra
SPARK,16,Dialga,198,Origin Forme Dialga VSTAR,Astral Radiance,alt_art_SIR,Rare Rainbow
SPARK,16,Dialga,210,Origin Forme Dialga VSTAR,Astral Radiance,alt_art_SIR,Rare Secret
SPARK,16,Dialga,114,Origin Forme Dialga VSTAR,Astral Radiance,alt_art_SIR,Rare Holo VSTAR
SPARK,16,Dialga,SWSH255,Origin Forme Dialga V,SWSH Black Star Promos,promo,Promo
SPARK,16,Dialga,SWSH256,Origin Forme Dialga VSTAR,SWSH Black Star Promos,promo,Promo
SPARK,16,Dialga,180,Dialga ex,Scarlet & Violet Promos,promo,Promo
SPARK,16,Palkia,100,Palkia-EX,Plasma Blast,main,Rare Ultra
SPARK,16,Palkia,106,Palkia LV.X,Great Encounters,main,Rare Holo LV.X
SPARK,16,Palkia,102,Palkia & Dialga LEGEND,HS—Triumphant,main,LEGEND
SPARK,16,Palkia,101,Palkia & Dialga LEGEND,HS—Triumphant,main,LEGEND
SPARK,16,Palkia,GG67,Origin Forme Palkia VSTAR,Crown Zenith Galarian Gallery,main,Rare Secret
SPARK,16,Palkia,258,Arceus & Dialga & Palkia-GX,Cosmic Eclipse,main,Rare Rainbow
SPARK,16,Palkia,19,Palkia,Call of Legends,main,Rare Holo
SPARK,16,Palkia,167,Origin Forme Palkia V,Astral Radiance,alt_art_SIR,Rare Ultra
SPARK,16,Palkia,192,Origin Forme Palkia VSTAR,Astral Radiance,alt_art_SIR,Rare Rainbow
SPARK,16,Palkia,208,Origin Forme Palkia VSTAR,Astral Radiance,alt_art_SIR,Rare Secret
SPARK,16,Palkia,40,Origin Forme Palkia VSTAR,Astral Radiance,alt_art_SIR,Rare Holo VSTAR
SPARK,16,Palkia,SWSH253,Origin Forme Palkia V,SWSH Black Star Promos,promo,Promo
SPARK,16,Palkia,SWSH254,Origin Forme Palkia VSTAR,SWSH Black Star Promos,promo,Promo
SPARK,17,Tyranitar,19,Dark Tyranitar,Team Rocket Returns,main,Rare
SPARK,17,Tyranitar,99,Tyranitar ex δ,Dragon Frontiers,main,Rare Holo EX
SPARK,17,Tyranitar,H28,Tyranitar,Aquapolis,main,Rare Holo
SPARK,17,Tyranitar,66,Tyranitar,Expedition Base Set,main,Rare
SPARK,17,Tyranitar,92,M Tyranitar-EX,Ancient Origins,main,Rare Ultra
SPARK,17,Tyranitar,40,Tyranitar,Aquapolis,main,Rare
SPARK,17,Tyranitar,91,Tyranitar-EX,Ancient Origins,main,Rare Ultra
SPARK,17,Tyranitar,223,Tyranitar-GX,Lost Thunder,main,Rare Rainbow
SPARK,17,Tyranitar,31,Tyranitar,Neo Discovery,main,Rare
SPARK,17,Tyranitar,155,Tyranitar V,Battle Styles,alt_art_SIR,Rare Ultra
SPARK,17,Tyranitar,222,Tyranitar,Paldea Evolved,alt_art_SIR,Illustration Rare
SPARK,17,Tyranitar,154,Tyranitar V,Battle Styles,alt_art_SIR,Rare Ultra
SPARK,17,Tyranitar,211,Tyranitar ex,Obsidian Flames,alt_art_SIR,Ultra Rare
SPARK,17,Tyranitar,SWSH109,Tyranitar V,SWSH Black Star Promos,promo,Promo
SPARK,17,Sableye,226,Mega Sableye & Tyranitar-GX,Unified Minds,main,Rare Ultra
SPARK,17,Sableye,23,Sableye,Deoxys,main,Rare
SPARK,17,Sableye,10,Sableye,Sandstorm,main,Rare Holo
SPARK,17,Sableye,10,Sableye,Crystal Guardians,main,Rare Holo
SPARK,17,Sableye,245,Mega Sableye & Tyranitar-GX,Unified Minds,main,Rare Rainbow
SPARK,17,Sableye,31,Sableye,Holon Phantoms,main,Rare
SPARK,17,Sableye,194,Sableye V,Sword & Shield,alt_art_SIR,Rare Ultra
SPARK,17,Sableye,184,Sableye,Paldean Fates,alt_art_SIR,Shiny Rare
SPARK,17,Larvitar,63,Larvitar,Team Rocket Returns,main,Common
SPARK,17,Larvitar,62,Larvitar,Team Rocket Returns,main,Common
SPARK,17,Larvitar,52,Larvitar δ,Dragon Frontiers,main,Common
SPARK,17,Larvitar,73,Larvitar δ,Delta Species,main,Common
SPARK,17,Larvitar,203,Larvitar,Obsidian Flames,alt_art_SIR,Illustration Rare
SPARK,17,Pupitar,40,Dark Pupitar,Team Rocket Returns,main,Uncommon
SPARK,17,Pupitar,41,Dark Pupitar,Team Rocket Returns,main,Uncommon
SPARK,17,Pupitar,51,Pupitar δ,Delta Species,main,Uncommon
SPARK,17,Pupitar,70,Pupitar,Unseen Forces,main,Common
SPARK,17,Pupitar,120,Pupitar,Scarlet & Violet Black Star Promos,promo,Promo
SPARK,17,Houndoom,82,Houndoom,HS—Undaunted,main,Rare Prime
SPARK,17,Houndoom,12,Houndoom,Skyridge,main,Rare
SPARK,17,Houndoom,4,Houndoom,Neo Discovery,main,Rare Holo
SPARK,17,Houndoom,5,Dark Houndoom,Team Rocket Returns,main,Rare Holo
SPARK,17,Houndoom,14,Houndoom,Aquapolis,main,Rare
SPARK,17,Houndoom,15,Houndoom,Aquapolis,main,Rare
SPARK,17,Houndoom,7,Houndoom,Unseen Forces,main,Rare Holo
SPARK,17,Houndoom,66,Houndoom,Shrouded Fable,alt_art_SIR,Illustration Rare
SPARK,17,Houndoom,179,Houndoom,Battle Styles,alt_art_SIR,Rare Secret
SPARK,17,Houndoom,191,Team Rocket's Houndoom,Destined Rivals,alt_art_SIR,Illustration Rare
SPARK,17,Houndoom,178,Houndoom V,Darkness Ablaze,alt_art_SIR,Rare Ultra
SPARK,17,Houndoom,TG10,Houndoom,Brilliant Stars Trainer Gallery,alt_art_SIR,Trainer Gallery Rare Holo
SPARK,17,Houndoom,SWSH090,Houndoom,SWSH Black Star Promos,promo,Promo
SPARK,17,Houndoom,103,Houndoom ex,Scarlet & Violet Black Star Promos,promo,Promo
SPARK,17,Houndour,5,Houndour,Neo Discovery,main,Rare Holo
SPARK,17,Houndour,39,Houndour,Neo Discovery,main,Uncommon
SPARK,17,Houndour,60,Houndour,Team Rocket Returns,main,Common
SPARK,17,Houndour,87,Houndour,Aquapolis,main,Common
SPARK,17,Houndour,204,Houndour,Obsidian Flames,alt_art_SIR,Illustration Rare
SPARK,18,Dragonite,18,Dragonite,HS—Triumphant,main,Rare
SPARK,18,Dragonite,43,Dragonite,Expedition Base Set,main,Rare
SPARK,18,Dragonite,22,Dark Dragonite,Team Rocket,main,Rare
SPARK,18,Dragonite,248,Dragonite-GX,Unified Minds,main,Rare Rainbow
SPARK,18,Dragonite,108,Dragonite-EX,Furious Fists,main,Rare Ultra
SPARK,18,Dragonite,56,Dragonite FB,Supreme Victors,main,Uncommon
SPARK,18,Dragonite,19,Dragonite,Fossil,main,Rare
SPARK,18,Dragonite,SM156,Dragonite-GX,SM Black Star Promos,main,Promo
SPARK,18,Dragonite,67,Dragonite-GX,Dragon Majesty,main,Rare Ultra
SPARK,18,Dragonite,192,Dragonite V,Evolving Skies,alt_art_SIR,Rare Ultra
SPARK,18,Dragonite,81,Dragonite VSTAR,Pokémon GO,alt_art_SIR,Rare Rainbow
SPARK,18,Dragonite,191,Dragonite V,Evolving Skies,alt_art_SIR,Rare Ultra
SPARK,18,Dragonite,76,Dragonite V,Pokémon GO,alt_art_SIR,Rare Ultra
SPARK,18,Dragonite,50,Dragonite VSTAR,Pokémon GO,alt_art_SIR,Rare Holo VSTAR
SPARK,18,Dragonite,271,Mega Dragonite ex,Ascended Heroes,alt_art_SIR,MEGA_ATTACK_RARE
SPARK,18,Dragonite,290,Mega Dragonite ex,Ascended Heroes,alt_art_SIR,Special Illustration Rare
SPARK,18,Dragonite,295,Mega Dragonite ex,Ascended Heroes,alt_art_SIR,Mega Hyper Rare
SPARK,18,Dragonite,SWSH154,Dragonite V,SWSH Black Star Promos,promo,Promo
SPARK,18,Dragonite,SWSH235,Dragonite V,SWSH Black Star Promos,promo,Promo
SPARK,18,Dragonite,SWSH236,Dragonite VSTAR,SWSH Black Star Promos,promo,Promo
SPARK,18,Dratini,72,Dratini,Legendary Collection,main,Common
SPARK,18,Dratini,53,Dratini,Team Rocket Returns,main,Common
SPARK,18,Dratini,42,Erika's Dratini,Gym Heroes,main,Uncommon
SPARK,18,Dratini,26,Dratini,Dragon,main,Uncommon
SPARK,18,Dratini,66,Dratini δ,Delta Species,main,Common
SPARK,18,Dragonair,32,Dark Dragonair,Team Rocket Returns,main,Uncommon
SPARK,18,Dragonair,31,Dark Dragonair,Team Rocket Returns,main,Uncommon
SPARK,18,Dragonair,38,Dark Dragonair,Legendary Collection,main,Uncommon
SPARK,18,Dragonair,75,Dragonair,Expedition Base Set,main,Uncommon
SPARK,18,Dragonair,22,Light Dragonair,Neo Destiny,main,Rare
SPARK,18,Dragonair,181,Dragonair,151,alt_art_SIR,Illustration Rare
SPARK,19,Blastoise,2,Blastoise,Base,main,Rare Holo
SPARK,19,Blastoise,1,Blastoise,POP Series 3,main,Rare
SPARK,19,Blastoise,36,Blastoise,Expedition Base Set,main,Rare
SPARK,19,Blastoise,142,Blastoise-EX,XY,main,Rare Ultra
SPARK,19,Blastoise,253,Blastoise & Piplup-GX,Cosmic Eclipse,main,Rare Rainbow
SPARK,19,Blastoise,2,Blastoise,Base Set 2,main,Rare Holo
SPARK,19,Blastoise,37,Blastoise,Expedition Base Set,main,Rare
SPARK,19,Blastoise,218,Blastoise-GX,Unbroken Bonds,main,Rare Rainbow
SPARK,19,Blastoise,200,Blastoise ex,151,main,Special Illustration Rare
SPARK,19,Blastoise,184,Blastoise ex,151,alt_art_SIR,Ultra Rare
SPARK,19,Blastoise,2,Blastoise,Celebrations: Classic Collection,alt_art_SIR,Classic Collection
SPARK,19,Blastoise,18,Radiant Blastoise,Pokémon GO,alt_art_SIR,Radiant Rare
SPARK,19,Blastoise,SWSH103,Blastoise VMAX,SWSH Black Star Promos,promo,Promo
SPARK,19,Blastoise,SWSH101,Blastoise V,SWSH Black Star Promos,promo,Promo
SPARK,19,Piplup,215,Blastoise & Piplup-GX,Cosmic Eclipse,main,Rare Ultra
SPARK,19,Piplup,253,Blastoise & Piplup-GX,Cosmic Eclipse,main,Rare Rainbow
SPARK,19,Piplup,214,Blastoise & Piplup-GX,Cosmic Eclipse,main,Rare Ultra
SPARK,19,Piplup,15,Piplup,POP Series 6,main,Common
SPARK,19,Piplup,38,Blastoise & Piplup-GX,Cosmic Eclipse,main,Rare Holo GX
SPARK,19,Piplup,98,Piplup,Phantasmal Flames,alt_art_SIR,Illustration Rare
SPARK,19,Piplup,20,Piplup,McDonald's Collection 2021,promo,
SPARK,19,Empoleon,117,Empoleon,Plasma Freeze,main,Rare Secret
SPARK,19,Empoleon,DP11,Empoleon LV.X,DP Black Star Promos,main,Promo
SPARK,19,Empoleon,2,Empoleon,Stormfront,main,Rare Holo
SPARK,19,Empoleon,120,Empoleon LV.X,Diamond & Pearl,main,Rare Holo LV.X
SPARK,19,Empoleon,146,Empoleon V,Battle Styles,main,Rare Ultra
SPARK,19,Empoleon,4,Empoleon,Diamond & Pearl,main,Rare Holo
SPARK,19,Empoleon,145,Empoleon V,Battle Styles,alt_art_SIR,Rare Ultra
SPARK,19,Empoleon,114,Empoleon ex,Phantasmal Flames,alt_art_SIR,Ultra Rare
SPARK,19,Empoleon,SWSH108,Empoleon V,SWSH Black Star Promos,promo,Promo
SPARK,19,Starmie,H28,Starmie,Skyridge,main,Rare Holo
SPARK,19,Starmie,5,Starmie,Pokémon Rumble,main,
SPARK,19,Starmie,TG13,Starmie V,Astral Radiance Trainer Gallery,main,Rare Holo V
SPARK,19,Starmie,44,Starmie,Skyridge,main,Uncommon
SPARK,19,Starmie,30,Starmie,Skyridge,main,Rare
SPARK,19,Starmie,119,Starmie,Paldean Fates,alt_art_SIR,Shiny Rare
SPARK,19,Starmie,166,Starmie V,Astral Radiance,alt_art_SIR,Rare Ultra
SPARK,19,Starmie,102,Mega Starmie ex,Perfect Order,alt_art_SIR,Ultra Rare
SPARK,19,Starmie,118,Mega Starmie ex,Perfect Order,alt_art_SIR,Special Illustration Rare
SPARK,19,Squirtle,132,Squirtle,Expedition Base Set,main,Common
SPARK,19,Squirtle,83,Squirtle,FireRed & LeafGreen,main,Common
SPARK,19,Squirtle,82,Squirtle,FireRed & LeafGreen,main,Common
SPARK,19,Squirtle,64,Squirtle,Crystal Guardians,main,Common
SPARK,19,Squirtle,63,Squirtle,Crystal Guardians,main,Common
SPARK,19,Squirtle,148,Squirtle,Stellar Crown,main,Illustration Rare
SPARK,19,Squirtle,170,Squirtle,151,alt_art_SIR,Illustration Rare
SPARK,19,Squirtle,SWSH233,Squirtle,SWSH Black Star Promos,promo,Promo
SPARK,19,Squirtle,17,Squirtle,McDonald's Collection 2021,promo,
SPARK,19,Squirtle,48,Squirtle,Scarlet & Violet Black Star Promos,promo,Promo
SPARK,19,Wartortle,39,Dark Wartortle,Legendary Collection,main,Uncommon
SPARK,19,Wartortle,92,Wartortle,Expedition Base Set,main,Uncommon
SPARK,19,Wartortle,15,Wartortle,Southern Islands,main,
SPARK,19,Wartortle,42,Wartortle,Crystal Guardians,main,Uncommon
SPARK,19,Wartortle,171,Wartortle,151,main,Illustration Rare
SPARK,19,Prinplup,58,Prinplup,Diamond & Pearl,main,Uncommon
SPARK,19,Prinplup,59,Prinplup,Platinum,main,Uncommon
SPARK,19,Prinplup,44,Prinplup,Majestic Dawn,main,Uncommon
SPARK,19,Prinplup,28,Prinplup,Dark Explorers,main,Uncommon
SPARK,19,Staryu,104,Staryu,Skyridge,main,Common
SPARK,19,Staryu,103,Staryu,Skyridge,main,Common
SPARK,19,Staryu,77,Staryu,Deoxys,main,Common
SPARK,19,Staryu,85,Staryu,Delta Species,main,Common
SPARK,19,Staryu,118,Staryu,Paldean Fates,alt_art_SIR,Shiny Rare
SPARK,19,Poliwag,87,Poliwag,Skyridge,main,Common
SPARK,19,Poliwag,75,Poliwag,FireRed & LeafGreen,main,Common
SPARK,19,Poliwag,125,Poliwag,Expedition Base Set,main,Common
SPARK,19,Poliwhirl,88,Poliwhirl,Skyridge,main,Common
SPARK,19,Poliwhirl,89,Poliwhirl,Expedition Base Set,main,Uncommon
SPARK,19,Poliwhirl,68,Poliwhirl,Unseen Forces,main,Common
SPARK,19,Poliwhirl,46,Poliwhirl,FireRed & LeafGreen,main,Uncommon
SPARK,19,Poliwhirl,176,Poliwhirl,151,alt_art_SIR,Illustration Rare
SPARK,19,Poliwrath,H24,Poliwrath,Skyridge,main,Rare Holo
SPARK,19,Poliwrath,11,Poliwrath,Unseen Forces,main,Rare Holo
SPARK,19,Poliwrath,31,Misty's Poliwrath,Gym Heroes,main,Rare
SPARK,19,Poliwrath,26,Poliwrath,Skyridge,main,Rare
SPARK,19,Poliwrath,28,Poliwrath,Neo Discovery,main,Rare
SPARK,19,Politoed,H23,Politoed,Skyridge,main,Rare Holo
SPARK,19,Politoed,107,Politoed ex,Unseen Forces,main,Rare Holo EX
SPARK,19,Politoed,8,Politoed,Neo Discovery,main,Rare Holo
SPARK,19,Politoed,25,Politoed,Skyridge,main,Rare
SPARK,19,Politoed,12,Politoed,Legends Awakened,main,Rare Holo
SPARK,20,Groudon,5,Groudon,Emerald,main,Rare Holo
SPARK,20,Groudon,87,Kyogre & Groudon LEGEND,HS—Undaunted,main,LEGEND
SPARK,20,Groudon,150,Groudon-EX,Primal Clash,main,Rare Ultra
SPARK,20,Groudon,93,Groudon ex,Crystal Guardians,main,Rare Holo EX
SPARK,20,Groudon,2,Groudon ex,Nintendo Black Star Promos,main,Promo
SPARK,20,Groudon,199,Groudon,Paradox Rift,main,Illustration Rare
SPARK,20,Groudon,102,Groudon,Hidden Legends,main,Rare Secret
SPARK,20,Groudon,9,Team Magma's Groudon,Celebrations: Classic Collection,alt_art_SIR,Classic Collection
SPARK,20,Kyogre,6,Kyogre,Emerald,main,Rare Holo
SPARK,20,Kyogre,87,Kyogre & Groudon LEGEND,HS—Undaunted,main,LEGEND
SPARK,20,Kyogre,148,Kyogre-EX,Primal Clash,main,Rare Ultra
SPARK,20,Kyogre,37,Kyogre ex,Nintendo Black Star Promos,main,Promo
SPARK,20,Kyogre,26,Kyogre-EX,Dark Explorers,main,Rare Holo EX
SPARK,20,Kyogre,15,Kyogre,Emerald,main,Rare
SPARK,20,Kyogre,12,Kyogre,Call of Legends,main,Rare Holo
SPARK,20,Kyogre,21,Kyogre,Shining Fates,alt_art_SIR,Amazing Rare
SPARK,20,Kyogre,178,Kyogre ex,Scarlet & Violet Promos,promo,Promo
SPARK,21,Greninja,201,Greninja & Zoroark-GX,Unbroken Bonds,main,Rare Ultra
SPARK,21,Greninja,214,Greninja ex,Twilight Masquerade,main,Special Illustration Rare
SPARK,21,Greninja,XY133,Ash-Greninja-EX,XY Black Star Promos,main,Promo
SPARK,21,Greninja,133,Greninja-GX,Forbidden Light,main,Rare Rainbow
SPARK,21,Greninja,XY24,Greninja,XY Black Star Promos,main,Promo
SPARK,21,Greninja,SV56,Greninja-GX,Hidden Fates Shiny Vault,main,Rare Shiny GX
SPARK,21,Greninja,222,Greninja & Zoroark-GX,Unbroken Bonds,main,Rare Rainbow
SPARK,21,Greninja,132,Greninja ex,Scarlet & Violet Black Star Promos,main,Promo
SPARK,21,Greninja,198,Greninja ex,Twilight Masquerade,alt_art_SIR,Ultra Rare
SPARK,21,Greninja,46,Radiant Greninja,Astral Radiance,alt_art_SIR,Radiant Rare
SPARK,21,Greninja,100,Mega Greninja ex,Chaos Rising,alt_art_SIR,Ultra Rare
SPARK,21,Greninja,116,Mega Greninja ex,Chaos Rising,alt_art_SIR,Special Illustration Rare
SPARK,21,Greninja,122,Mega Greninja ex,Chaos Rising,alt_art_SIR,Mega Hyper Rare
SPARK,21,Greninja,148,Greninja ex,30th Celebration,alt_art_SIR,Special Illustration Rare
SPARK,21,Greninja,SWSH305,Greninja,SWSH Black Star Promos,promo,Promo
SPARK,21,Greninja,SWSH144,Greninja ★,SWSH Black Star Promos,promo,Promo
SPARK,21,Greninja,SWSH157,Greninja V-UNION,SWSH Black Star Promos,promo,Promo
SPARK,21,Greninja,SWSH158,Greninja V-UNION,SWSH Black Star Promos,promo,Promo
SPARK,21,Greninja,SWSH156,Greninja V-UNION,SWSH Black Star Promos,promo,Promo
SPARK,21,Greninja,SWSH155,Greninja V-UNION,SWSH Black Star Promos,promo,Promo
SPARK,21,Greninja,54,Greninja ex,Scarlet & Violet Black Star Promos,promo,Promo
SPARK,21,Zoroark,102,Zoroark,Next Destinies,main,Rare Secret
SPARK,21,Zoroark,201,Greninja & Zoroark-GX,Unbroken Bonds,main,Rare Ultra
SPARK,21,Zoroark,222,Greninja & Zoroark-GX,Unbroken Bonds,main,Rare Rainbow
SPARK,21,Zoroark,143,Zoroark,White Flare,main,Illustration Rare
SPARK,21,Zoroark,200,Greninja & Zoroark-GX,Unbroken Bonds,main,Rare Ultra
SPARK,21,Zoroark,107,Greninja & Zoroark-GX,Unbroken Bonds,main,Rare Holo GX
SPARK,21,Zoroark,GG56,Hisuian Zoroark VSTAR,Crown Zenith Galarian Gallery,main,Rare Holo VSTAR
SPARK,21,Zoroark,185,N's Zoroark ex,Journey Together,alt_art_SIR,Special Illustration Rare
SPARK,21,Zoroark,189,N's Zoroark ex,Journey Together,alt_art_SIR,Hyper Rare
SPARK,21,Zoroark,203,Hisuian Zoroark VSTAR,Lost Origin,alt_art_SIR,Rare Rainbow
SPARK,21,Zoroark,213,Hisuian Zoroark VSTAR,Lost Origin,alt_art_SIR,Rare Secret
SPARK,21,Zoroark,175,N's Zoroark ex,Journey Together,alt_art_SIR,Ultra Rare
SPARK,21,Zoroark,147,Hisuian Zoroark VSTAR,Lost Origin,alt_art_SIR,Rare Holo VSTAR
SPARK,21,Zoroark,286,N's Zoroark ex,Ascended Heroes,alt_art_SIR,Special Illustration Rare
SPARK,21,Zoroark,SWSH297,Hisuian Zoroark V,SWSH Black Star Promos,promo,Promo
SPARK,21,Zoroark,SWSH298,Hisuian Zoroark VSTAR,SWSH Black Star Promos,promo,Promo
SPARK,21,Froakie,XY03,Froakie,XY Black Star Promos,main,Promo
SPARK,21,Froakie,SV11,Froakie,Hidden Fates Shiny Vault,main,Rare Shiny
SPARK,21,Froakie,4,Froakie,McDonald's Collection 2014,main,
SPARK,21,Froakie,20,Froakie,Chaos Rising,main,Common
SPARK,21,Froakie,88,Froakie,Chaos Rising,alt_art_SIR,Illustration Rare
SPARK,21,Froakie,22,Froakie,McDonald's Collection 2021,promo,
SPARK,21,Frogadier,SV12,Frogadier,Hidden Fates Shiny Vault,main,Rare Shiny
SPARK,21,Frogadier,13,Frogadier,Kalos Starter Set,main,
SPARK,21,Frogadier,21,Frogadier,Chaos Rising,main,Common
SPARK,21,Frogadier,89,Frogadier,Chaos Rising,main,Illustration Rare
SPARK,21,Zorua,BW12,Zorua,BW Black Star Promos,main,Promo
SPARK,21,Zorua,142,Zorua,White Flare,main,Illustration Rare
SPARK,21,Zorua,75,Zorua,Shrouded Fable,main,Illustration Rare
SPARK,21,Zorua,70,Zorua,Dark Explorers,main,Common
SPARK,21,Zorua,145,Hisuian Zorua,30th Celebration,alt_art_SIR,Illustration Rare
SPARK,21,Zorua,189,N's Zorua,Scarlet & Violet Promos,promo,Promo
SPARK,22,Gardevoir,131,Gardevoir LV.X,Secret Wonders,main,Rare Holo LV.X
SPARK,22,Gardevoir,6,Gardevoir δ,Delta Species,main,Rare Holo
SPARK,22,Gardevoir,187,Mega Gardevoir ex,Mega Evolution,main,Mega Hyper Rare
SPARK,22,Gardevoir,225,Gardevoir & Sylveon-GX,Unbroken Bonds,main,Rare Rainbow
SPARK,22,Gardevoir,178,Mega Gardevoir ex,Mega Evolution,main,Special Illustration Rare
SPARK,22,Gardevoir,233,Gardevoir ex,Paldean Fates,main,Special Illustration Rare
SPARK,22,Gardevoir,7,Gardevoir,Secret Wonders,main,Rare Holo
SPARK,22,Gardevoir,93,Gardevoir ex δ,Dragon Frontiers,main,Rare Holo EX
SPARK,22,Gardevoir,245,Gardevoir ex,Scarlet & Violet,alt_art_SIR,Special Illustration Rare
SPARK,22,Gardevoir,76,Gardevoir VMAX,Champion's Path,alt_art_SIR,Rare Rainbow
SPARK,22,Gardevoir,93,Gardevoir ex δ,Celebrations: Classic Collection,alt_art_SIR,Classic Collection
SPARK,22,Gardevoir,217,Gardevoir ex,Paldean Fates,alt_art_SIR,Shiny Ultra Rare
SPARK,22,Gardevoir,TG05,Gardevoir,Silver Tempest Trainer Gallery,alt_art_SIR,Trainer Gallery Rare Holo
SPARK,22,Gardevoir,TG05,Gardevoir,Astral Radiance Trainer Gallery,alt_art_SIR,Trainer Gallery Rare Holo
SPARK,22,Gardevoir,228,Gardevoir ex,Scarlet & Violet,alt_art_SIR,Ultra Rare
SPARK,22,Gardevoir,17,Gardevoir VMAX,Champion's Path,alt_art_SIR,Rare Holo VMAX
SPARK,22,Gardevoir,159,Mega Gardevoir ex,Mega Evolution,alt_art_SIR,Ultra Rare
SPARK,22,Gardevoir,70,Gardevoir V,Champion's Path,alt_art_SIR,Rare Ultra
SPARK,22,Gardevoir,69,Radiant Gardevoir,Lost Origin,alt_art_SIR,Radiant Rare
SPARK,22,Gardevoir,SWSH105,Gardevoir V,SWSH Black Star Promos,promo,Promo
SPARK,22,Ralts,211,Ralts,Scarlet & Violet,main,Illustration Rare
SPARK,22,Ralts,61,Ralts,Emerald,main,Common
SPARK,22,Ralts,61,Ralts δ,Dragon Frontiers,main,Common
SPARK,22,Ralts,59,Ralts,Power Keepers,main,Common
SPARK,22,Ralts,60,Ralts,Dragon Frontiers,main,Common
SPARK,22,Ralts,153,Ralts,Paldean Fates,alt_art_SIR,Shiny Rare
SPARK,22,Kirlia,35,Kirlia,Ruby & Sapphire,main,Uncommon
SPARK,22,Kirlia,33,Kirlia,Emerald,main,Uncommon
SPARK,22,Kirlia,212,Kirlia,Scarlet & Violet,main,Illustration Rare
SPARK,22,Kirlia,33,Kirlia δ,Dragon Frontiers,main,Uncommon
SPARK,22,Kirlia,154,Kirlia,Paldean Fates,alt_art_SIR,Shiny Rare
SPARK,22,Kirlia,SWSH271,Kirlia,SWSH Black Star Promos,promo,Promo
SPARK,22,Gallade,106,Gallade E4 LV.X,Rising Rivals,main,Rare Holo LV.X
SPARK,22,Gallade,100,M Gallade-EX,Roaring Skies,main,Rare Ultra
SPARK,22,Gallade,2,Gallade,POP Series 7,main,Rare
SPARK,22,Gallade,20,Gallade E4,Rising Rivals,main,Rare
SPARK,22,Gallade,99,Gallade-EX,Roaring Skies,main,Rare Ultra
SPARK,22,Gallade,181,Gallade V,Lost Origin,alt_art_SIR,Rare Ultra
SPARK,22,Gallade,SWSH258,Gallade V,SWSH Black Star Promos,promo,Promo
SPARK,23,Magikarp,66,Shining Magikarp,Neo Revelation,main,Rare Shining
SPARK,23,Magikarp,203,Magikarp,Paldea Evolved,main,Illustration Rare
SPARK,23,Magikarp,67,Magikarp,FireRed & LeafGreen,main,Common
SPARK,23,Magikarp,69,Magikarp δ,Holon Phantoms,main,Common
SPARK,23,Magikarp,SM166,Magikarp & Wailord-GX,SM Black Star Promos,main,Promo
SPARK,23,Magikarp,118,Magikarp,Expedition Base Set,main,Common
SPARK,23,Magikarp,65,Magikarp,Team Rocket Returns,main,Common
SPARK,23,Magikarp,66,Shining Magikarp,Celebrations: Classic Collection,alt_art_SIR,Classic Collection
SPARK,23,Magikarp,203,Magikarp,30th Celebration: Classic Collection,alt_art_SIR,Illustration Rare
SPARK,23,Wailord,161,Magikarp & Wailord-GX,Team Up,main,Rare Ultra
SPARK,23,Wailord,SM166,Magikarp & Wailord-GX,SM Black Star Promos,main,Promo
SPARK,23,Wailord,100,Wailord ex,Sandstorm,main,Rare Holo EX
SPARK,23,Wailord,183,Magikarp & Wailord-GX,Team Up,main,Rare Rainbow
SPARK,23,Wailord,162,Wailord,Journey Together,alt_art_SIR,Illustration Rare
SPARK,23,Wailord,97,Wailord ex,Pitch Black,alt_art_SIR,Ultra Rare
SPARK,23,Gyarados,8,Dark Gyarados,Team Rocket,main,Rare Holo
SPARK,23,Gyarados,7,Gyarados,Call of Legends,main,Rare Holo
SPARK,23,Gyarados,109,Gyarados ex,FireRed & LeafGreen,main,Rare Holo EX
SPARK,23,Gyarados,123,Gyarados-EX,BREAKpoint,main,Rare Secret
SPARK,23,Gyarados,115,M Gyarados-EX,BREAKpoint,main,Rare Ultra
SPARK,23,Gyarados,32,Gyarados,Dragon,main,Uncommon
SPARK,23,Gyarados,25,Dark Gyarados,Team Rocket,main,Rare
SPARK,23,Gyarados,112,Gyarados-GX,Crimson Invasion,main,Rare Rainbow
SPARK,23,Gyarados,207,Gyarados VMAX,Evolving Skies,alt_art_SIR,Rare Rainbow
SPARK,23,Gyarados,171,Gyarados V,Evolving Skies,alt_art_SIR,Rare Ultra
SPARK,23,Gyarados,225,Gyarados ex,Scarlet & Violet,alt_art_SIR,Ultra Rare
SPARK,23,Gyarados,29,Gyarados VMAX,Evolving Skies,alt_art_SIR,Rare Holo VMAX
SPARK,23,Gyarados,8,Dark Gyarados,Celebrations: Classic Collection,alt_art_SIR,Classic Collection
SPARK,23,Wailmer,69,Wailmer,Legend Maker,main,Common
SPARK,23,Wailmer,83,Wailmer,Sandstorm,main,Common
SPARK,23,Wailmer,48,Wailmer,Ruby & Sapphire,main,Uncommon
SPARK,24,Bulbasaur,95,Bulbasaur,Expedition Base Set,main,Common
SPARK,24,Bulbasaur,39,Bulbasaur,Team Magma vs Team Aqua,main,Common
SPARK,24,Bulbasaur,94,Bulbasaur,Expedition Base Set,main,Common
SPARK,24,Bulbasaur,54,Bulbasaur,FireRed & LeafGreen,main,Common
SPARK,24,Bulbasaur,45,Bulbasaur,Crystal Guardians,main,Common
SPARK,24,Bulbasaur,55,Bulbasaur,FireRed & LeafGreen,main,Common
SPARK,24,Bulbasaur,143,Bulbasaur,Stellar Crown,alt_art_SIR,Illustration Rare
SPARK,24,Bulbasaur,166,Bulbasaur,151,alt_art_SIR,Illustration Rare
SPARK,24,Bulbasaur,133,Bulbasaur,Mega Evolution,alt_art_SIR,Illustration Rare
SPARK,24,Bulbasaur,SWSH303,Bulbasaur,SWSH Black Star Promos,promo,Promo
SPARK,24,Bulbasaur,SWSH231,Bulbasaur,SWSH Black Star Promos,promo,Promo
SPARK,24,Bulbasaur,1,Bulbasaur,McDonald's Collection 2021,promo,
SPARK,24,Bulbasaur,46,Bulbasaur,Scarlet & Violet Black Star Promos,promo,Promo
SPARK,24,Ivysaur,47,Ivysaur,Legendary Collection,main,Uncommon
SPARK,24,Ivysaur,5,Ivysaur,Southern Islands,main,
SPARK,24,Ivysaur,35,Ivysaur,Crystal Guardians,main,Uncommon
SPARK,24,Ivysaur,35,Ivysaur,FireRed & LeafGreen,main,Uncommon
SPARK,24,Ivysaur,7,Ivysaur,POP Series 2,main,Uncommon
SPARK,24,Ivysaur,167,Ivysaur,151,alt_art_SIR,Illustration Rare
SPARK,24,Ivysaur,134,Ivysaur,Mega Evolution,alt_art_SIR,Illustration Rare
SPARK,24,Venusaur,XY123,Venusaur-EX,XY Black Star Promos,main,Promo
SPARK,24,Venusaur,30,Venusaur,Expedition Base Set,main,Rare Holo
SPARK,24,Venusaur,15,Venusaur,Base,main,Rare Holo
SPARK,24,Venusaur,177,Mega Venusaur ex,Mega Evolution,main,Special Illustration Rare
SPARK,24,Venusaur,SM229,Venusaur & Snivy-GX,SM Black Star Promos,main,Promo
SPARK,24,Venusaur,182,Celebi & Venusaur-GX,Team Up,main,Rare Rainbow
SPARK,24,Venusaur,7,Dark Venusaur,Best of Game,main,Promo
SPARK,24,Venusaur,67,Venusaur,Expedition Base Set,main,Rare
SPARK,24,Venusaur,198,Venusaur ex,151,alt_art_SIR,Special Illustration Rare
SPARK,24,Venusaur,182,Venusaur ex,151,alt_art_SIR,Ultra Rare
SPARK,24,Venusaur,155,Mega Venusaur ex,Mega Evolution,alt_art_SIR,Ultra Rare
SPARK,24,Venusaur,15,Venusaur,Celebrations: Classic Collection,alt_art_SIR,Classic Collection
SPARK,24,Venusaur,4,Radiant Venusaur,Pokémon GO,alt_art_SIR,Radiant Rare
SPARK,24,Venusaur,SWSH102,Venusaur VMAX,SWSH Black Star Promos,promo,Promo
SPARK,24,Venusaur,SWSH100,Venusaur V,SWSH Black Star Promos,promo,Promo
SPARK,25,Lucario,188,Mega Lucario ex,Mega Evolution,main,Mega Hyper Rare
SPARK,25,Lucario,122,Lucario LV.X,Mysterious Treasures,main,Rare Holo LV.X
SPARK,25,Lucario,179,Mega Lucario ex,Mega Evolution,main,Special Illustration Rare
SPARK,25,Lucario,113,M Lucario-EX,Furious Fists,main,Rare Secret
SPARK,25,Lucario,107,Lucario-EX,Furious Fists,main,Rare Ultra
SPARK,25,Lucario,DP12,Lucario LV.X,DP Black Star Promos,main,Promo
SPARK,25,Lucario,135,Lucario-GX,Forbidden Light,main,Rare Rainbow
SPARK,25,Lucario,31,Lucario C,Supreme Victors,main,Rare
SPARK,25,Lucario,174,Lucario,Paldean Fates,alt_art_SIR,Shiny Rare
SPARK,25,Lucario,160,Mega Lucario ex,Mega Evolution,alt_art_SIR,Ultra Rare
SPARK,25,Lucario,SWSH291,Lucario VSTAR,SWSH Black Star Promos,promo,Promo
SPARK,25,Lucario,SWSH186,Lucario,SWSH Black Star Promos,promo,Promo
SPARK,25,Lucario,17,Lucario ex,Scarlet & Violet Black Star Promos,promo,Promo
SPARK,25,Lucario,SWSH214,Lucario VSTAR,SWSH Black Star Promos,promo,Promo
SPARK,25,Lucario,SWSH213,Lucario V,SWSH Black Star Promos,promo,Promo
SPARK,25,Melmetal,224,Lucario & Melmetal-GX,Unbroken Bonds,main,Rare Rainbow
SPARK,25,Melmetal,SM192,Lucario & Melmetal-GX,SM Black Star Promos,main,Promo
SPARK,25,Melmetal,203,Lucario & Melmetal-GX,Unbroken Bonds,main,Rare Ultra
SPARK,25,Melmetal,120,Lucario & Melmetal-GX,Unbroken Bonds,main,Rare Holo GX
SPARK,25,Melmetal,80,Melmetal VMAX,Pokémon GO,main,Rare Rainbow
SPARK,25,Melmetal,48,Melmetal VMAX,Pokémon GO,alt_art_SIR,Rare Holo VMAX
SPARK,25,Melmetal,75,Melmetal V,Pokémon GO,alt_art_SIR,Rare Ultra
SPARK,25,Melmetal,104,Melmetal ex,Scarlet & Violet Black Star Promos,promo,Promo
SPARK,25,Melmetal,SWSH224,Melmetal V,SWSH Black Star Promos,promo,Promo
SPARK,25,Riolu,BW33,Riolu,BW Black Star Promos,main,Promo
SPARK,25,Riolu,16,Riolu,POP Series 8,main,Common
SPARK,25,Riolu,215,Riolu,Scarlet & Violet,main,Illustration Rare
SPARK,25,Riolu,8,Riolu,POP Series 6,main,Uncommon
SPARK,25,Riolu,60,Riolu,HS—Unleashed,main,Common
SPARK,25,Riolu,173,Riolu,Paldean Fates,alt_art_SIR,Shiny Rare
SPARK,25,Riolu,GG26,Riolu,Crown Zenith Galarian Gallery,alt_art_SIR,Trainer Gallery Rare Holo
SPARK,25,Meltan,179,Meltan,Temporal Forces,main,Illustration Rare
SPARK,25,Meltan,SM177,Meltan,SM Black Star Promos,main,Promo
SPARK,25,Meltan,128,Meltan,Unbroken Bonds,main,Common
SPARK,25,Meltan,102,Meltan,Stellar Crown,main,Common
SPARK,25,Scyther,102,Rocket's Scyther ex,Team Rocket Returns,main,Rare Holo EX
SPARK,25,Scyther,106,Scyther,Aquapolis,main,Common
SPARK,25,Scyther,10,Scyther,Jungle,main,Rare Holo
SPARK,25,Scyther,102,Scyther ex,Ruby & Sapphire,main,Rare Holo EX
SPARK,25,Scyther,46,Scyther,Unseen Forces,main,Uncommon
SPARK,25,Scyther,95,Scyther,Paldean Fates,alt_art_SIR,Shiny Rare
SPARK,25,Scizor,10,Scizor,Neo Discovery,main,Rare Holo
SPARK,25,Scizor,9,Dark Scizor,Neo Destiny,main,Rare Holo
SPARK,25,Scizor,H21,Scizor,Aquapolis,main,Rare Holo
SPARK,25,Scizor,108,Scizor ex,Unseen Forces,main,Rare Holo EX
SPARK,25,Scizor,32,Scizor,Aquapolis,main,Rare
SPARK,25,Scizor,7,Scizor,HS—Undaunted,main,Rare Holo
SPARK,25,Scizor,205,Scizor,Obsidian Flames,alt_art_SIR,Illustration Rare
SPARK,25,Scizor,193,Scizor VMAX,Darkness Ablaze,alt_art_SIR,Rare Rainbow
SPARK,25,Scizor,191,Scizor,Paldean Fates,alt_art_SIR,Shiny Rare
SPARK,25,Scizor,119,Scizor VMAX,Darkness Ablaze,alt_art_SIR,Rare Holo VMAX
SPARK,25,Scizor,183,Scizor V,Darkness Ablaze,alt_art_SIR,Rare Ultra
SPARK,25,Scizor,195,Scizor ex,Temporal Forces,alt_art_SIR,Ultra Rare
SPARK,25,Kleavor,196,Kleavor VSTAR,Astral Radiance,main,Rare Rainbow
SPARK,25,Kleavor,TG08,Kleavor,Astral Radiance Trainer Gallery,main,Trainer Gallery Rare Holo
SPARK,25,Kleavor,SWSH248,Kleavor V,SWSH Black Star Promos,main,Promo
SPARK,25,Kleavor,SWSH249,Kleavor VSTAR,SWSH Black Star Promos,main,Promo
SPARK,25,Tyrogue,63,Tyrogue,Aquapolis,main,Uncommon
SPARK,25,Tyrogue,33,Tyrogue,Unseen Forces,main,Rare
SPARK,25,Tyrogue,36,Tyrogue,Call of Legends,main,Rare
SPARK,25,Hitmonlee,13,Hitmonlee,Legendary Collection,main,Rare Holo
SPARK,25,Hitmonlee,7,Hitmonlee,Fossil,main,Rare Holo
SPARK,25,Hitmonlee,25,Hitmonlee,Unseen Forces,main,Rare
SPARK,25,Hitmonlee,81,Hitmonlee,Expedition Base Set,main,Uncommon
SPARK,25,Hitmonchan,98,Rocket's Hitmonchan ex,Team Rocket Returns,main,Rare Holo EX
SPARK,25,Hitmonchan,98,Hitmonchan ex,Ruby & Sapphire,main,Rare Holo EX
SPARK,25,Hitmonchan,81,Hitmonchan,Aquapolis,main,Common
SPARK,25,Hitmonchan,2,Hitmonchan,Best of Game,main,Promo
SPARK,25,Hitmontop,3,Hitmontop,Neo Discovery,main,Rare Holo
SPARK,25,Hitmontop,26,Hitmontop,Unseen Forces,main,Rare
SPARK,25,Hitmontop,82,Hitmontop,Aquapolis,main,Common
SPARK,25,Hitmontop,240,Hitmontop,Ascended Heroes,alt_art_SIR,Illustration Rare
SPARK,26,Leafeon,205,Leafeon VMAX,Evolving Skies,main,Rare Rainbow
SPARK,26,Leafeon,144,Leafeon ex,Prismatic Evolutions,main,Special Illustration Rare
SPARK,26,Leafeon,99,Leafeon LV.X,Majestic Dawn,main,Rare Holo LV.X
SPARK,26,Leafeon,167,Leafeon V,Evolving Skies,main,Rare Ultra
SPARK,26,Leafeon,13,Leafeon,Call of Legends,main,Rare Holo
SPARK,26,Leafeon,7,Leafeon,Majestic Dawn,main,Rare Holo
SPARK,26,Leafeon,GG35,Leafeon VSTAR,Crown Zenith Galarian Gallery,alt_art_SIR,Rare Holo VSTAR
SPARK,26,Leafeon,204,Leafeon VMAX,Evolving Skies,alt_art_SIR,Rare Rainbow
SPARK,26,Leafeon,166,Leafeon V,Evolving Skies,alt_art_SIR,Rare Ultra
SPARK,26,Leafeon,8,Leafeon VMAX,Evolving Skies,alt_art_SIR,Rare Holo VMAX
SPARK,26,Leafeon,14,Leafeon VSTAR,Crown Zenith,alt_art_SIR,Rare Holo VSTAR
SPARK,26,Leafeon,SWSH191,Leafeon,SWSH Black Star Promos,promo,Promo
SPARK,26,Leafeon,SWSH195,Leafeon VSTAR,SWSH Black Star Promos,promo,Promo
SPARK,26,Leafeon,SWSH194,Leafeon V,SWSH Black Star Promos,promo,Promo
SPARK,26,Leafeon,170,Leafeon,Scarlet & Violet Promos,promo,Promo
SPARK,26,Glaceon,209,Glaceon VMAX,Evolving Skies,main,Rare Rainbow
SPARK,26,Glaceon,150,Glaceon ex,Prismatic Evolutions,main,Special Illustration Rare
SPARK,26,Glaceon,175,Glaceon V,Evolving Skies,main,Rare Ultra
SPARK,26,Glaceon,159,Glaceon-GX,Ultra Prism,main,Rare Rainbow
SPARK,26,Glaceon,BW90,Glaceon,BW Black Star Promos,main,Promo
SPARK,26,Glaceon,GG40,Glaceon VSTAR,Crown Zenith Galarian Gallery,main,Rare Holo VSTAR
SPARK,26,Glaceon,208,Glaceon VMAX,Evolving Skies,alt_art_SIR,Rare Rainbow
SPARK,26,Glaceon,174,Glaceon V,Evolving Skies,alt_art_SIR,Rare Ultra
SPARK,26,Glaceon,41,Glaceon VMAX,Evolving Skies,alt_art_SIR,Rare Holo VMAX
SPARK,26,Glaceon,SWSH192,Glaceon,SWSH Black Star Promos,promo,Promo
SPARK,26,Glaceon,SWSH197,Glaceon VSTAR,SWSH Black Star Promos,promo,Promo
SPARK,26,Glaceon,SWSH196,Glaceon V,SWSH Black Star Promos,promo,Promo
SPARK,26,Glaceon,171,Glaceon,Scarlet & Violet Promos,promo,Promo
SPARK,27,Articuno,132,Articuno-EX,Plasma Storm,main,Rare Ultra
SPARK,27,Articuno,2,Articuno,Fossil,main,Rare Holo
SPARK,27,Articuno,114,Articuno ex,FireRed & LeafGreen,main,Rare Secret
SPARK,27,Articuno,32,Articuno ex,Nintendo Black Star Promos,main,Promo
SPARK,27,Articuno,SM210,Moltres & Zapdos & Articuno-GX,SM Black Star Promos,main,Promo
SPARK,27,Articuno,4,Articuno,Skyridge,main,Rare
SPARK,27,Articuno,170,Galarian Articuno V,Chilling Reign,alt_art_SIR,Rare Ultra
SPARK,27,Articuno,161,Articuno,Journey Together,alt_art_SIR,Illustration Rare
SPARK,27,Articuno,181,Galarian Articuno V,Brilliant Stars,alt_art_SIR,Rare Secret
SPARK,27,Articuno,169,Galarian Articuno V,Chilling Reign,alt_art_SIR,Rare Ultra
SPARK,27,Articuno,132,Articuno,30th Celebration,alt_art_SIR,Illustration Rare
SPARK,27,Articuno,SWSH123,Galarian Articuno,SWSH Black Star Promos,promo,Promo
SPARK,27,Articuno,SWSH282,Galarian Articuno,SWSH Black Star Promos,promo,Promo
SPARK,27,Zapdos,150,Zapdos,Supreme Victors,main,Rare Secret
SPARK,27,Zapdos,15,Rocket's Zapdos,Gym Challenge,main,Rare Holo
SPARK,27,Zapdos,14,Zapdos,Majestic Dawn,main,Rare Holo
SPARK,27,Zapdos,15,Zapdos,Fossil,main,Rare Holo
SPARK,27,Zapdos,SM210,Moltres & Zapdos & Articuno-GX,SM Black Star Promos,main,Promo
SPARK,27,Zapdos,33,Zapdos ex,Nintendo Black Star Promos,main,Promo
SPARK,27,Zapdos,202,Zapdos ex,151,alt_art_SIR,Special Illustration Rare
SPARK,27,Zapdos,174,Galarian Zapdos V,Chilling Reign,alt_art_SIR,Rare Ultra
SPARK,27,Zapdos,182,Galarian Zapdos V,Brilliant Stars,alt_art_SIR,Rare Secret
SPARK,27,Zapdos,192,Zapdos ex,151,alt_art_SIR,Ultra Rare
SPARK,27,Zapdos,173,Galarian Zapdos V,Chilling Reign,alt_art_SIR,Rare Ultra
SPARK,27,Zapdos,15,Rocket's Zapdos,Celebrations: Classic Collection,alt_art_SIR,Classic Collection
SPARK,27,Zapdos,133,Zapdos,30th Celebration,alt_art_SIR,Illustration Rare
SPARK,27,Zapdos,SWSH124,Galarian Zapdos,SWSH Black Star Promos,promo,Promo
SPARK,27,Zapdos,SWSH283,Galarian Zapdos,SWSH Black Star Promos,promo,Promo
SPARK,27,Zapdos,157,Zapdos,Scarlet & Violet Black Star Promos,promo,Promo
SPARK,27,Zapdos,49,Zapdos ex,Scarlet & Violet Black Star Promos,promo,Promo
SPARK,27,Moltres,177,Galarian Moltres V,Chilling Reign,main,Rare Ultra
SPARK,27,Moltres,12,Rocket's Moltres,Gym Heroes,main,Rare Holo
SPARK,27,Moltres,12,Moltres,Fossil,main,Rare Holo
SPARK,27,Moltres,21,Moltres,Skyridge,main,Rare
SPARK,27,Moltres,115,Moltres ex,FireRed & LeafGreen,main,Rare Secret
SPARK,27,Moltres,SM210,Moltres & Zapdos & Articuno-GX,SM Black Star Promos,main,Promo
SPARK,27,Moltres,229,Team Rocket's Moltres ex,Destined Rivals,alt_art_SIR,Special Illustration Rare
SPARK,27,Moltres,183,Galarian Moltres V,Brilliant Stars,alt_art_SIR,Rare Secret
SPARK,27,Moltres,176,Galarian Moltres V,Chilling Reign,alt_art_SIR,Rare Ultra
SPARK,27,Moltres,208,Team Rocket's Moltres ex,Destined Rivals,alt_art_SIR,Ultra Rare
SPARK,27,Moltres,130,Moltres,30th Celebration,alt_art_SIR,Illustration Rare
SPARK,27,Moltres,SWSH185,Moltres,SWSH Black Star Promos,promo,Promo
SPARK,27,Moltres,SWSH125,Galarian Moltres,SWSH Black Star Promos,promo,Promo
SPARK,27,Moltres,SWSH284,Galarian Moltres,SWSH Black Star Promos,promo,Promo
SPARK,27,Ho-Oh,104,Ho-Oh ex,Unseen Forces,main,Rare Holo EX
SPARK,27,Ho-Oh,111,Ho-Oh LEGEND,HeartGold & SoulSilver,main,LEGEND
SPARK,27,Ho-Oh,119,Ho-Oh-EX,Dragons Exalted,main,Rare Ultra
SPARK,27,Ho-Oh,112,Ho-Oh LEGEND,HeartGold & SoulSilver,main,LEGEND
SPARK,27,Ho-Oh,230,Ethan's Ho-Oh ex,Destined Rivals,main,Special Illustration Rare
SPARK,27,Ho-Oh,17,Ho-Oh ex,POP Series 3,main,Rare
SPARK,27,Ho-Oh,18,Ho-oh,Neo Revelation,main,Rare
SPARK,27,Ho-Oh,239,Ethan's Ho-Oh ex,Destined Rivals,alt_art_SIR,Hyper Rare
SPARK,27,Ho-Oh,187,Ho-Oh V,Silver Tempest,alt_art_SIR,Rare Ultra
SPARK,27,Ho-Oh,209,Ethan's Ho-Oh ex,Destined Rivals,alt_art_SIR,Ultra Rare
SPARK,28,Snorlax,171,Eevee & Snorlax-GX,Team Up,main,Rare Ultra
SPARK,28,Snorlax,10,Snorlax δ,Dragon Frontiers,main,Rare Holo
SPARK,28,Snorlax,SM169,Eevee & Snorlax-GX,SM Black Star Promos,main,Promo
SPARK,28,Snorlax,33,Rocket's Snorlax,Gym Heroes,main,Rare
SPARK,28,Snorlax,100,Snorlax,Skyridge,main,Common
SPARK,28,Snorlax,224,Snorlax,Chilling Reign,main,Rare Secret
SPARK,28,Snorlax,206,Snorlax VMAX,Sword & Shield,main,Rare Rainbow
SPARK,28,Snorlax,120,Eevee & Snorlax-GX,Team Up,main,Rare Holo GX
SPARK,28,Snorlax,142,Snorlax VMAX,Sword & Shield,alt_art_SIR,Rare Holo VMAX
SPARK,28,Snorlax,202,Snorlax,Paldean Fates,alt_art_SIR,Shiny Rare
SPARK,28,Snorlax,197,Snorlax V,Sword & Shield,alt_art_SIR,Rare Ultra
SPARK,28,Snorlax,TG10,Snorlax,Lost Origin Trainer Gallery,alt_art_SIR,Trainer Gallery Rare Holo
SPARK,28,Snorlax,SWSH068,Snorlax,SWSH Black Star Promos,promo,Promo
SPARK,28,Snorlax,SWSH032,Snorlax,SWSH Black Star Promos,promo,Promo
SPARK,28,Snorlax,51,Snorlax,Scarlet & Violet Black Star Promos,promo,Promo
SPARK,28,Snorlax,184,Hop's Snorlax,Scarlet & Violet Promos,promo,Promo
SPARK,28,Snorlax,122,Snorlax,Scarlet & Violet Black Star Promos,promo,Promo
SPARK,28,Snorlax,SWSH119,Snorlax,SWSH Black Star Promos,promo,Promo
SPARK,28,Ditto,39,Ditto,Delta Species,main,Uncommon
SPARK,28,Ditto,64,Ditto,Delta Species,main,Common
SPARK,28,Ditto,61,Ditto,Delta Species,main,Common
SPARK,28,Ditto,63,Ditto,Delta Species,main,Common
SPARK,28,Ditto,3,Ditto,Fossil,main,Rare Holo
SPARK,28,Ditto,62,Ditto,Delta Species,main,Common
SPARK,28,Ditto,201,Ditto,Paldean Fates,alt_art_SIR,Shiny Rare
SPARK,28,Ditto,GG22,Ditto,Crown Zenith Galarian Gallery,alt_art_SIR,Trainer Gallery Rare Holo
SPARK,28,Ditto,SV119,Ditto VMAX,Shining Fates Shiny Vault,alt_art_SIR,Rare Holo VMAX
SPARK,28,Ditto,51,Ditto VMAX,Shining Fates,alt_art_SIR,Rare Holo VMAX
SPARK,28,Psyduck,81,Psyduck δ,Holon Phantoms,main,Common
SPARK,28,Psyduck,74,Psyduck,HS—Triumphant,main,Common
SPARK,28,Psyduck,217,Slowpoke & Psyduck-GX,Unified Minds,main,Rare Ultra
SPARK,28,Psyduck,87,Psyduck,Platinum,main,Common
SPARK,28,Psyduck,35,Slowpoke & Psyduck-GX,Unified Minds,main,Rare Holo GX
SPARK,28,Psyduck,175,Psyduck,151,alt_art_SIR,Illustration Rare
SPARK,28,Psyduck,193,Misty's Psyduck,Destined Rivals,alt_art_SIR,Illustration Rare
SPARK,28,Psyduck,226,Psyduck,Ascended Heroes,alt_art_SIR,Illustration Rare
SPARK,28,Golduck,43,Golduck,Legendary Collection,main,Uncommon
SPARK,28,Golduck,12,Misty's Golduck,Gym Challenge,main,Rare Holo
SPARK,28,Golduck,35,Dark Golduck,Team Rocket Returns,main,Uncommon
SPARK,28,Golduck,50,Golduck,Aquapolis,main,Uncommon
SPARK,28,Slowpoke,239,Slowpoke & Psyduck-GX,Unified Minds,main,Rare Rainbow
SPARK,28,Slowpoke,217,Slowpoke & Psyduck-GX,Unified Minds,main,Rare Ultra
SPARK,28,Slowpoke,108,Slowpoke,Aquapolis,main,Common
SPARK,28,Slowpoke,35,Slowpoke & Psyduck-GX,Unified Minds,main,Rare Holo GX
SPARK,28,Slowpoke,80,Slowpoke,FireRed & LeafGreen,main,Common
SPARK,28,Slowpoke,204,Slowpoke,Scarlet & Violet,alt_art_SIR,Illustration Rare
SPARK,28,Slowpoke,116,Slowpoke,Paldean Fates,alt_art_SIR,Shiny Rare
SPARK,28,Slowpoke,SWSH126,Galarian Slowpoke,SWSH Black Star Promos,promo,Promo
SPARK,28,Slowbro,33,Slowbro,Aquapolis,main,Rare
SPARK,28,Slowbro,12,Dark Slowbro,Team Rocket,main,Rare Holo
SPARK,28,Slowbro,14,Slowbro,FireRed & LeafGreen,main,Rare Holo
SPARK,28,Slowbro,13,Slowbro,Unseen Forces,main,Rare Holo
SPARK,28,Slowbro,51,Light Slowbro,Neo Destiny,main,Uncommon
SPARK,28,Slowbro,117,Slowbro,Paldean Fates,alt_art_SIR,Shiny Rare
SPARK,28,Slowbro,90,Slowbro,Pitch Black,alt_art_SIR,Illustration Rare
SPARK,28,Slowking,9,Dark Slowking,Team Rocket Returns,main,Rare Holo
SPARK,28,Slowking,20,Dark Slowking,Neo Destiny,main,Rare
SPARK,28,Slowking,179,Galarian Slowking V,Chilling Reign,main,Rare Ultra
SPARK,28,Slowking,14,Slowking,Unseen Forces,main,Rare Holo
SPARK,28,Slowking,34,Slowking,Aquapolis,main,Rare
SPARK,28,Slowking,207,Galarian Slowking VMAX,Chilling Reign,alt_art_SIR,Rare Rainbow
SPARK,28,Slowking,238,Slowking ex,Paldea Evolved,alt_art_SIR,Ultra Rare
SPARK,28,Slowking,178,Galarian Slowking V,Chilling Reign,alt_art_SIR,Rare Ultra
SPARK,28,Slowking,100,Galarian Slowking VMAX,Chilling Reign,alt_art_SIR,Rare Holo VMAX
SPARK,28,Munchlax,69,Munchlax,Rising Rivals,main,Common
SPARK,28,Munchlax,70,Munchlax,Rising Rivals,main,Common
SPARK,28,Munchlax,68,Munchlax,Majestic Dawn,main,Common
SPARK,28,Munchlax,33,Munchlax,Diamond & Pearl,main,Rare
SPARK,29,Alakazam,16,Sabrina's Alakazam,Gym Challenge,main,Rare Holo
SPARK,29,Alakazam,2,Alakazam,Skyridge,main,Rare
SPARK,29,Alakazam,125,Alakazam-EX,Fates Collide,main,Rare Secret
SPARK,29,Alakazam,2,Alakazam,Mysterious Treasures,main,Rare Holo
SPARK,29,Alakazam,1,Dark Alakazam,Team Rocket,main,Rare Holo
SPARK,29,Alakazam,118,M Alakazam-EX,Fates Collide,main,Rare Ultra
SPARK,29,Alakazam,201,Alakazam ex,151,main,Special Illustration Rare
SPARK,29,Alakazam,188,Alakazam ex,151,alt_art_SIR,Ultra Rare
SPARK,29,Alakazam,215,Alakazam ex,Paldean Fates,alt_art_SIR,Shiny Ultra Rare
SPARK,29,Alakazam,172,Alakazam V,Vivid Voltage,alt_art_SIR,Rare Ultra
SPARK,29,Alakazam,59,Radiant Alakazam,Silver Tempest,alt_art_SIR,Radiant Rare
SPARK,29,Alakazam,SWSH083,Alakazam V,SWSH Black Star Promos,promo,Promo
SPARK,29,Alakazam,50,Alakazam ex,Scarlet & Violet Black Star Promos,promo,Promo
SPARK,29,Machoke,51,Machoke,Legendary Collection,main,Uncommon
SPARK,29,Machoke,38,Machoke,Skyridge,main,Uncommon
SPARK,29,Machoke,85,Machoke,Expedition Base Set,main,Uncommon
SPARK,29,Machoke,39,Machoke,Legend Maker,main,Uncommon
SPARK,29,Machoke,177,Machoke,151,alt_art_SIR,Illustration Rare
SPARK,29,Machamp,199,Marshadow & Machamp-GX,Unbroken Bonds,main,Rare Ultra
SPARK,29,Machamp,6,Giovanni's Machamp,Gym Challenge,main,Rare Holo
SPARK,29,Machamp,172,Machamp V,Astral Radiance,main,Rare Ultra
SPARK,29,Machamp,15,Machamp,Legendary Collection,main,Rare Holo
SPARK,29,Machamp,10,Dark Machamp,Team Rocket,main,Rare Holo
SPARK,29,Machamp,16,Machamp,Skyridge,main,Rare
SPARK,29,Machamp,194,Machamp VMAX,Astral Radiance,alt_art_SIR,Rare Rainbow
SPARK,29,Machamp,171,Machamp V,Astral Radiance,alt_art_SIR,Rare Ultra
SPARK,29,Machamp,73,Machamp VMAX,Astral Radiance,alt_art_SIR,Rare Holo VMAX
SPARK,29,Machamp,SWSH053,Machamp,SWSH Black Star Promos,promo,Promo
SPARK,29,Machamp,SWSH243,Machamp,SWSH Black Star Promos,promo,Promo
SPARK,29,Growlithe,45,Growlithe,Legendary Collection,main,Uncommon
SPARK,29,Growlithe,55,Growlithe,Legend Maker,main,Common
SPARK,29,Growlithe,51,Growlithe,Aquapolis,main,Uncommon
SPARK,29,Growlithe,64,Growlithe,FireRed & LeafGreen,main,Common
SPARK,29,Growlithe,65,Growlithe,HeartGold & SoulSilver,main,Common
SPARK,29,Growlithe,62,Growlithe,Skyridge,main,Common
SPARK,29,Growlithe,181,Hisuian Growlithe,Twilight Masquerade,alt_art_SIR,Illustration Rare
SPARK,29,Growlithe,4,Growlithe,McDonald's Collection 2022,promo,
SPARK,29,Growlithe,24,Growlithe,Scarlet & Violet Black Star Promos,promo,Promo
SPARK,29,Arcanine,3,Arcanine,Skyridge,main,Rare
SPARK,29,Arcanine,15,Arcanine,Sandstorm,main,Rare
SPARK,29,Arcanine,2,Arcanine,Aquapolis,main,Rare
SPARK,29,Arcanine,18,Arcanine,FireRed & LeafGreen,main,Rare
SPARK,29,Arcanine,1,Arcanine,Rising Rivals,main,Rare Holo
SPARK,29,Arcanine,1,Arcanine,HeartGold & SoulSilver,main,Rare Holo
SPARK,29,Arcanine,SWSH304,Arcanine,SWSH Black Star Promos,main,Promo
SPARK,29,Arcanine,15,Arcanine G,Supreme Victors,main,Rare
SPARK,29,Arcanine,224,Arcanine ex,Scarlet & Violet,alt_art_SIR,Ultra Rare
SPARK,29,Arcanine,179,Hisuian Arcanine V,Silver Tempest,alt_art_SIR,Rare Ultra
SPARK,29,Arcanine,TG08,Hisuian Arcanine,Lost Origin Trainer Gallery,alt_art_SIR,Trainer Gallery Rare Holo
SPARK,29,Arcanine,11,Arcanine,Scarlet & Violet Black Star Promos,promo,Promo
SPARK,30,Celebi,117,Celebi ex,Unseen Forces,main,Rare Secret
SPARK,30,Celebi,3,Celebi,Neo Revelation,main,Rare Holo
SPARK,30,Celebi,182,Celebi & Venusaur-GX,Team Up,main,Rare Rainbow
SPARK,30,Celebi,141,Celebi-EX,Boundaries Crossed,main,Rare Ultra
SPARK,30,Celebi,50,Celebi,Wizards Black Star Promos,main,Promo
SPARK,30,Celebi,92,Celebi,HS—Triumphant,main,Rare Prime
SPARK,30,Celebi,245,Celebi V,Fusion Strike,alt_art_SIR,Rare Ultra
SPARK,30,Celebi,199,Celebi VMAX,Chilling Reign,alt_art_SIR,Rare Rainbow
SPARK,30,Celebi,160,Celebi V,Chilling Reign,alt_art_SIR,Rare Ultra
SPARK,30,Celebi,9,Celebi,Vivid Voltage,alt_art_SIR,Amazing Rare
SPARK,30,Celebi,8,Celebi VMAX,Chilling Reign,alt_art_SIR,Rare Holo VMAX
SPARK,30,Celebi,106,Shining Celebi,30th Celebration: Classic Collection,alt_art_SIR,Rare Secret
SPARK,30,Jirachi,94,Jirachi ex,Crystal Guardians,main,Rare Holo EX
SPARK,30,Jirachi,97,Jirachi,Team Magma vs Team Aqua,main,Rare Secret
SPARK,30,Jirachi,98,Jirachi-EX,Plasma Blast,main,Rare Ultra
SPARK,30,Jirachi,XY112,Jirachi,XY Black Star Promos,main,Promo
SPARK,30,Jirachi,8,Jirachi,Hidden Legends,main,Rare Holo
SPARK,30,Jirachi,31,Jirachi,Legends Awakened,main,Rare
SPARK,30,Jirachi,170,Jirachi V,Astral Radiance,alt_art_SIR,Rare Ultra
SPARK,30,Jirachi,119,Jirachi,Vivid Voltage,alt_art_SIR,Amazing Rare
SPARK,30,Jirachi,120,Radiant Jirachi,Silver Tempest,alt_art_SIR,Radiant Rare
SPARK,30,Jirachi,155,Jirachi ex,30th Celebration,alt_art_SIR,Special Illustration Rare
SPARK,30,Victini,172,Victini,White Flare,main,Rare
SPARK,30,Victini,98,Victini,Noble Victories,main,Rare Ultra
SPARK,30,Victini,131,Victini-EX,Plasma Storm,main,Rare Ultra
SPARK,30,Victini,14,Victini,Noble Victories,main,Rare Holo
SPARK,30,Victini,XY117,Victini,XY Black Star Promos,main,Promo
SPARK,30,Victini,165,Victini VMAX,Battle Styles,alt_art_SIR,Rare Rainbow
SPARK,30,Victini,144,Victini V,Battle Styles,alt_art_SIR,Rare Ultra
SPARK,30,Victini,22,Victini VMAX,Battle Styles,alt_art_SIR,Rare Holo VMAX
SPARK,30,Victini,142,Victini ex,Scarlet & Violet Black Star Promos,promo,Promo
SPARK,30,Victini,5,Victini,McDonald's Collection 2022,promo,
SPARK,30,Victini,SWSH104,Victini V,SWSH Black Star Promos,promo,Promo
SPARK,30,Cresselia,99,Darkrai & Cresselia LEGEND,HS—Triumphant,main,LEGEND
SPARK,30,Cresselia,100,Darkrai & Cresselia LEGEND,HS—Triumphant,main,LEGEND
SPARK,30,Cresselia,143,Cresselia-EX,Boundaries Crossed,main,Rare Ultra
SPARK,30,Cresselia,103,Cresselia LV.X,Great Encounters,main,Rare Holo LV.X
SPARK,30,Cresselia,71,Cresselia,Shrouded Fable,alt_art_SIR,Illustration Rare
SPARK,30,Cresselia,228,Cresselia,Evolving Skies,alt_art_SIR,Rare Secret
SPARK,30,Cresselia,SWSH114,Cresselia,SWSH Black Star Promos,promo,Promo
SPARK,30,Shaymin,94,Shaymin-EX,Next Destinies,main,Rare Ultra
SPARK,30,Shaymin,126,Shaymin LV.X,Platinum,main,Rare Holo LV.X
SPARK,30,Shaymin,XY148,Shaymin-EX,XY Black Star Promos,main,Promo
SPARK,30,Shaymin,XY115,Shaymin,XY Black Star Promos,main,Promo
SPARK,30,Shaymin,127,Shaymin LV.X,Platinum,main,Rare Holo LV.X
SPARK,30,Shaymin,185,Shaymin,Destined Rivals,alt_art_SIR,Illustration Rare
SPARK,30,Shaymin,173,Shaymin VSTAR,Brilliant Stars,alt_art_SIR,Rare Rainbow
SPARK,30,Shaymin,152,Shaymin V,Brilliant Stars,alt_art_SIR,Rare Ultra
SPARK,30,Shaymin,14,Shaymin VSTAR,Brilliant Stars,alt_art_SIR,Rare Holo VSTAR
SPARK,30,Manaphy,XY113,Manaphy,XY Black Star Promos,main,Promo
SPARK,30,Manaphy,3,Manaphy,HS—Unleashed,main,Rare Holo
SPARK,30,Manaphy,9,Manaphy,Diamond & Pearl,main,Rare Holo
SPARK,30,Manaphy,116,Manaphy-EX,BREAKpoint,main,Rare Ultra
SPARK,30,Manaphy,8,Manaphy,Majestic Dawn,main,Rare Holo
SPARK,30,Manaphy,GG06,Manaphy,Crown Zenith Galarian Gallery,alt_art_SIR,Trainer Gallery Rare Holo
SPARK,30,Manaphy,SWSH275,Manaphy,SWSH Black Star Promos,promo,Promo
SPARK,30,Yveltal,144,Yveltal-EX,XY,main,Rare Ultra
SPARK,30,Yveltal,137,Yveltal-GX,Forbidden Light,main,Rare Rainbow
SPARK,30,Yveltal,205,Yveltal,Paradox Rift,main,Illustration Rare
SPARK,30,Yveltal,124,Yveltal-GX,Forbidden Light,main,Rare Ultra
SPARK,30,Yveltal,XY06,Yveltal,XY Black Star Promos,main,Promo
SPARK,30,Yveltal,46,Yveltal,Shining Fates,alt_art_SIR,Amazing Rare
SPARK,30,Yveltal,105,Yveltal ex,Perfect Order,alt_art_SIR,Ultra Rare
SPARK,31,Raikou,92,Raikou & Suicune LEGEND,HS—Unleashed,main,LEGEND
SPARK,31,Raikou,93,Raikou & Suicune LEGEND,HS—Unleashed,main,LEGEND
SPARK,31,Raikou,92,Raikou ex,Team Magma vs Team Aqua,main,Rare Holo EX
SPARK,31,Raikou,91,Entei & Raikou LEGEND,HS—Unleashed,main,LEGEND
SPARK,31,Raikou,28,Raikou,Skyridge,main,Rare
SPARK,31,Raikou,38,Raikou-EX,Dark Explorers,main,Rare Holo EX
SPARK,31,Raikou,50,Raikou,Vivid Voltage,alt_art_SIR,Amazing Rare
SPARK,31,Raikou,50,Raikou,30th Celebration: Classic Collection,alt_art_SIR,Amazing Rare
SPARK,31,Entei,91,Entei ex,Team Magma vs Team Aqua,main,Rare Holo EX
SPARK,31,Entei,95,Suicune & Entei LEGEND,HS—Unleashed,main,LEGEND
SPARK,31,Entei,91,Entei & Raikou LEGEND,HS—Unleashed,main,LEGEND
SPARK,31,Entei,10,Entei,Aquapolis,main,Rare
SPARK,31,Entei,17,Entei,Neo Revelation,main,Rare
SPARK,31,Entei,HGSS20,Entei,HGSS Black Star Promos,main,Promo
SPARK,31,Entei,112,Entei,Paldean Fates,alt_art_SIR,Shiny Rare
SPARK,31,Suicune,92,Raikou & Suicune LEGEND,HS—Unleashed,main,LEGEND
SPARK,31,Suicune,93,Raikou & Suicune LEGEND,HS—Unleashed,main,LEGEND
SPARK,31,Suicune,37,Suicune,Aquapolis,main,Rare
SPARK,31,Suicune,220,Suicune-GX,Lost Thunder,main,Rare Rainbow
SPARK,31,Suicune,27,Suicune,Neo Revelation,main,Rare
SPARK,31,Suicune,GG38,Suicune V,Crown Zenith Galarian Gallery,main,Rare Holo V
SPARK,31,Suicune,HGSS21,Suicune,HGSS Black Star Promos,main,Promo
SPARK,31,Suicune,SV022,Suicune,Shining Fates Shiny Vault,alt_art_SIR,Rare Shiny
SPARK,31,Suicune,173,Suicune V,Evolving Skies,alt_art_SIR,Rare Ultra
SPARK,32,All Trainer Cards,15,Here Comes Team Rocket!,Team Rocket,main,Rare Holo
SPARK,32,All Trainer Cards,164,Lisia,Celestial Storm,main,Rare Ultra
SPARK,32,All Trainer Cards,147,Bianca,Boundaries Crossed,main,Rare Ultra
SPARK,32,All Trainer Cards,105,Rare Candy,Plasma Blast,main,Rare Secret
SPARK,32,All Trainer Cards,230,Lillie's Full Force,Cosmic Eclipse,main,Rare Ultra
SPARK,32,All Trainer Cards,SV82,Cynthia,Hidden Fates Shiny Vault,main,Rare Ultra
SPARK,32,All Trainer Cards,18,Misty,Gym Heroes,main,Rare Holo
SPARK,32,All Trainer Cards,213,Professor Elm's Lecture,Lost Thunder,main,Rare Ultra
SPARK,32,All Trainer Cards,220,Perrin,Twilight Masquerade,alt_art_SIR,Special Illustration Rare
SPARK,32,All Trainer Cards,170,N's Plan,Black Bolt,alt_art_SIR,Special Illustration Rare
SPARK,32,All Trainer Cards,184,Lillie's Determination,Mega Evolution,alt_art_SIR,Special Illustration Rare
SPARK,32,All Trainer Cards,189,Boss's Orders,Rebel Clash,alt_art_SIR,Rare Ultra
SPARK,32,All Trainer Cards,211,Morty's Conviction,Temporal Forces,alt_art_SIR,Special Illustration Rare
SPARK,32,All Trainer Cards,269,Iono,Paldea Evolved,alt_art_SIR,Special Illustration Rare
SPARK,32,All Trainer Cards,217,Carmine,Twilight Masquerade,alt_art_SIR,Special Illustration Rare
SPARK,32,All Trainer Cards,171,Hilda,White Flare,alt_art_SIR,Special Illustration Rare
SPARK,32,All Trainer Cards,200,Boss's Orders,Rebel Clash,alt_art_SIR,Rare Rainbow
SPARK,32,All Trainer Cards,94,Cassiopeia,Shrouded Fable,alt_art_SIR,Special Illustration Rare
SPARK,32,All Trainer Cards,219,Lana's Aid,Twilight Masquerade,alt_art_SIR,Special Illustration Rare
SPARK,32,All Trainer Cards,236,Ethan's Adventure,Destined Rivals,alt_art_SIR,Special Illustration Rare
SPARK,32,All Trainer Cards,200,Marnie,Sword & Shield,alt_art_SIR,Rare Ultra
SPARK,32,All Trainer Cards,183,Acerola's Mischief,Mega Evolution,alt_art_SIR,Special Illustration Rare
SPARK,32,All Trainer Cards,246,Lisia's Appeal,Surging Sparks,alt_art_SIR,Special Illustration Rare
SPARK,32,All Trainer Cards,218,Kieran,Twilight Masquerade,alt_art_SIR,Special Illustration Rare
SPARK,32,All Trainer Cards,209,Bianca's Devotion,Temporal Forces,alt_art_SIR,Special Illustration Rare
SPARK,32,All Trainer Cards,237,Iono,Paldean Fates,alt_art_SIR,Special Illustration Rare
SPARK,32,All Trainer Cards,238,Team Rocket's Giovanni,Destined Rivals,alt_art_SIR,Special Illustration Rare
SPARK,32,All Trainer Cards,171,Crispin,Prismatic Evolutions,alt_art_SIR,Special Illustration Rare
SPARK,32,All Trainer Cards,GG60,Cynthia's Ambition,Crown Zenith Galarian Gallery,alt_art_SIR,Rare Ultra
SPARK,32,All Trainer Cards,189,Caitlin,Chilling Reign,alt_art_SIR,Rare Ultra
SPARK,32,All Trainer Cards,175,Lacey,Prismatic Evolutions,alt_art_SIR,Special Illustration Rare
SPARK,32,All Trainer Cards,173,Janine's Secret Art,Prismatic Evolutions,alt_art_SIR,Special Illustration Rare
SPARK,32,All Trainer Cards,251,Miriam,Scarlet & Violet,alt_art_SIR,Special Illustration Rare
SPARK,32,All Trainer Cards,236,Clive,Paldean Fates,alt_art_SIR,Special Illustration Rare
SPARK,32,All Trainer Cards,192,Sonia,Rebel Clash,alt_art_SIR,Rare Ultra
SPARK,32,All Trainer Cards,185,Pokémon Center Lady,Vivid Voltage,alt_art_SIR,Rare Ultra
SPARK,32,All Trainer Cards,208,Marnie,Sword & Shield,alt_art_SIR,Rare Rainbow
SPARK,32,All Trainer Cards,186,Wally's Compassion,Mega Evolution,alt_art_SIR,Special Illustration Rare
SPARK,32,All Trainer Cards,245,Jasmine's Gaze,Surging Sparks,alt_art_SIR,Special Illustration Rare
SPARK,32,All Trainer Cards,268,Grusha,Paldea Evolved,alt_art_SIR,Special Illustration Rare
SPARK,32,All Trainer Cards,210,Eri,Temporal Forces,alt_art_SIR,Special Illustration Rare
SPARK,32,All Trainer Cards,169,Lillie's Determination,Mega Evolution,alt_art_SIR,Ultra Rare
SPARK,32,All Trainer Cards,97,Powerglass,Shrouded Fable,alt_art_SIR,Hyper Rare
SPARK,32,All Trainer Cards,174,Kieran,Prismatic Evolutions,alt_art_SIR,Special Illustration Rare
SPARK,32,All Trainer Cards,129,Dawn,Phantasmal Flames,alt_art_SIR,Special Illustration Rare
SPARK,32,All Trainer Cards,237,Team Rocket's Ariana,Destined Rivals,alt_art_SIR,Special Illustration Rare
SPARK,32,All Trainer Cards,172,Lacey,Stellar Crown,alt_art_SIR,Special Illustration Rare
SPARK,32,All Trainer Cards,GG61,Gardenia's Vigor,Crown Zenith Galarian Gallery,alt_art_SIR,Rare Ultra
SPARK,32,All Trainer Cards,212,Salvatore,Temporal Forces,alt_art_SIR,Special Illustration Rare
SPARK,32,All Trainer Cards,213,Caitlin,Chilling Reign,alt_art_SIR,Rare Rainbow
SPARK,32,All Trainer Cards,96,Earthen Vessel,Shrouded Fable,alt_art_SIR,Hyper Rare
SPARK,32,All Trainer Cards,265,Boss's Orders (Ghetsis),Paldea Evolved,alt_art_SIR,Special Illustration Rare
SPARK,32,All Trainer Cards,191,Flannery,Chilling Reign,alt_art_SIR,Rare Ultra
SPARK,32,All Trainer Cards,185,Lt. Surge's Bargain,Mega Evolution,alt_art_SIR,Special Illustration Rare
SPARK,32,All Trainer Cards,255,Parasol Lady,Paradox Rift,alt_art_SIR,Special Illustration Rare
SPARK,32,All Trainer Cards,147,Elesa's Sparkle,Crown Zenith,alt_art_SIR,Rare Ultra
SPARK,32,All Trainer Cards,193,Karen's Conviction,Chilling Reign,alt_art_SIR,Rare Ultra
SPARK,32,All Trainer Cards,161,Phoebe,Battle Styles,alt_art_SIR,Rare Ultra
SPARK,32,All Trainer Cards,207,Serena,Silver Tempest,alt_art_SIR,Rare Rainbow
SPARK,32,All Trainer Cards,203,Sonia,Rebel Clash,alt_art_SIR,Rare Rainbow
SPARK,32,All Trainer Cards,204,Giovanni's Charisma,151,alt_art_SIR,Special Illustration Rare
SPARK,32,All Trainer Cards,203,Erika's Invitation,151,alt_art_SIR,Special Illustration Rare
SPARK,32,All Trainer Cards,270,Saguaro,Paldea Evolved,alt_art_SIR,Special Illustration Rare
SPARK,32,All Trainer Cards,239,Penny,Paldean Fates,alt_art_SIR,Special Illustration Rare
SPARK,32,All Trainer Cards,194,Klara,Chilling Reign,alt_art_SIR,Rare Ultra
SPARK,32,All Trainer Cards,186,Ultra Ball,Brilliant Stars,alt_art_SIR,Rare Secret
SPARK,32,All Trainer Cards,172,Drayton,Prismatic Evolutions,alt_art_SIR,Special Illustration Rare
SPARK,32,All Trainer Cards,199,Aroma Lady,Evolving Skies,alt_art_SIR,Rare Ultra
SPARK,32,All Trainer Cards,TG27,Nessa,Lost Origin Trainer Gallery,alt_art_SIR,Rare Ultra
SPARK,32,All Trainer Cards,193,Serena,Silver Tempest,alt_art_SIR,Rare Ultra
SPARK,32,All Trainer Cards,213,Air Balloon,Sword & Shield,alt_art_SIR,Rare Secret
SPARK,32,All Trainer Cards,170,Amarys,Prismatic Evolutions,alt_art_SIR,Special Illustration Rare
SPARK,32,All Trainer Cards,223,Buddy-Buddy Poffin,Twilight Masquerade,alt_art_SIR,Hyper Rare
SPARK,32,All Trainer Cards,171,Briar,Stellar Crown,alt_art_SIR,Special Illustration Rare
SPARK,32,All Trainer Cards,216,Quick Ball,Sword & Shield,alt_art_SIR,Rare Secret
SPARK,32,All Trainer Cards,196,Nessa,Vivid Voltage,alt_art_SIR,Rare Rainbow
SPARK,32,All Trainer Cards,169,Cynthia's Ambition,Brilliant Stars,alt_art_SIR,Rare Ultra
SPARK,32,All Trainer Cards,213,Path to the Peak,Astral Radiance,alt_art_SIR,Rare Secret
SPARK,32,All Trainer Cards,171,Marnie's Pride,Brilliant Stars,alt_art_SIR,Rare Ultra
SPARK,32,All Trainer Cards,250,Gravity Mountain,Surging Sparks,alt_art_SIR,Hyper Rare
SPARK,32,All Trainer Cards,254,Iono,Paldea Evolved,alt_art_SIR,Ultra Rare
SPARK,32,All Trainer Cards,196,Peonia,Chilling Reign,alt_art_SIR,Rare Ultra
SPARK,32,All Trainer Cards,248,Boss's Orders (Ghetsis),Paldea Evolved,alt_art_SIR,Ultra Rare
SPARK,32,All Trainer Cards,183,Nessa,Vivid Voltage,alt_art_SIR,Rare Ultra
SPARK,32,All Trainer Cards,72,Skyla,Shining Fates,alt_art_SIR,Rare Ultra
SPARK,32,All Trainer Cards,TG24,Boss's Orders,Lost Origin Trainer Gallery,alt_art_SIR,Rare Ultra
SPARK,32,All Trainer Cards,226,Team Rocket's Petrel,Destined Rivals,alt_art_SIR,Ultra Rare
SPARK,32,All Trainer Cards,217,Klara,Chilling Reign,alt_art_SIR,Rare Rainbow
SPARK,32,All Trainer Cards,216,Karen's Conviction,Chilling Reign,alt_art_SIR,Rare Rainbow
SPARK,32,All Trainer Cards,175,Phoebe,Battle Styles,alt_art_SIR,Rare Rainbow
SPARK,32,All Trainer Cards,258,Rika,Paradox Rift,alt_art_SIR,Special Illustration Rare
SPARK,32,All Trainer Cards,174,Area Zero Underdepths,Stellar Crown,alt_art_SIR,Hyper Rare
SPARK,32,All Trainer Cards,251,Night Stretcher,Surging Sparks,alt_art_SIR,Hyper Rare
SPARK,32,All Trainer Cards,84,Professor's Research,Pokémon GO,alt_art_SIR,Rare Rainbow
SPARK,32,All Trainer Cards,235,Arven,Paldean Fates,alt_art_SIR,Special Illustration Rare
SPARK,32,All Trainer Cards,254,Mela,Paradox Rift,alt_art_SIR,Special Illustration Rare
SPARK,32,All Trainer Cards,218,Melony,Chilling Reign,alt_art_SIR,Rare Rainbow
SPARK,32,All Trainer Cards,256,Professor Sada's Vitality,Paradox Rift,alt_art_SIR,Special Illustration Rare
SPARK,32,All Trainer Cards,186,Irida,Astral Radiance,alt_art_SIR,Rare Ultra
SPARK,32,All Trainer Cards,204,Irida,Astral Radiance,alt_art_SIR,Rare Rainbow
SPARK,32,All Trainer Cards,70,Poké Kid,Shining Fates,alt_art_SIR,Rare Ultra
SPARK,32,All Trainer Cards,214,Doctor,Chilling Reign,alt_art_SIR,Rare Rainbow
SPARK,32,All Trainer Cards,180,Bea,Vivid Voltage,alt_art_SIR,Rare Ultra
SPARK,32,All Trainer Cards,190,Doctor,Chilling Reign,alt_art_SIR,Rare Ultra
SPARK,32,All Trainer Cards,85,Spark,Pokémon GO,alt_art_SIR,Rare Rainbow
SPARK,32,All Trainer Cards,164,Hilda,White Flare,alt_art_SIR,Ultra Rare
SPARK,32,All Trainer Cards,TG23,Friends in Galar,Silver Tempest Trainer Gallery,alt_art_SIR,Rare Ultra
SPARK,32,All Trainer Cards,266,Dendra,Paldea Evolved,alt_art_SIR,Special Illustration Rare
SPARK,32,All Trainer Cards,TG24,Acerola's Premonition,Brilliant Stars Trainer Gallery,alt_art_SIR,Rare Ultra
SPARK,32,All Trainer Cards,244,Drayton,Surging Sparks,alt_art_SIR,Special Illustration Rare
SPARK,32,All Trainer Cards,82,Blanche,Pokémon GO,alt_art_SIR,Rare Rainbow
SPARK,32,All Trainer Cards,243,Clemont's Quick Wit,Surging Sparks,alt_art_SIR,Special Illustration Rare
SPARK,32,All Trainer Cards,198,Ciphermaniac's Codebreaking,Temporal Forces,alt_art_SIR,Ultra Rare
SPARK,32,All Trainer Cards,83,Candela,Pokémon GO,alt_art_SIR,Rare Rainbow
SPARK,32,All Trainer Cards,89,Xerosic's Machinations,Shrouded Fable,alt_art_SIR,Ultra Rare
SPARK,32,All Trainer Cards,GG63,Irida,Crown Zenith Galarian Gallery,alt_art_SIR,Rare Ultra
SPARK,32,All Trainer Cards,174,Korrina's Focus,Battle Styles,alt_art_SIR,Rare Rainbow
SPARK,32,All Trainer Cards,182,Leon,Vivid Voltage,alt_art_SIR,Rare Ultra
SPARK,32,All Trainer Cards,159,Cheryl,Battle Styles,alt_art_SIR,Rare Ultra
SPARK,32,All Trainer Cards,207,Lana's Aid,Twilight Masquerade,alt_art_SIR,Ultra Rare
SPARK,32,All Trainer Cards,173,Cheryl,Battle Styles,alt_art_SIR,Rare Rainbow
SPARK,32,All Trainer Cards,191,Oleana,Rebel Clash,alt_art_SIR,Rare Ultra
SPARK,32,All Trainer Cards,149,Friends in Sinnoh,Crown Zenith,alt_art_SIR,Rare Ultra
SPARK,32,All Trainer Cards,GG64,Melony,Crown Zenith Galarian Gallery,alt_art_SIR,Rare Ultra
SPARK,32,All Trainer Cards,259,Tulip,Paradox Rift,alt_art_SIR,Special Illustration Rare
SPARK,32,All Trainer Cards,202,Oleana,Rebel Clash,alt_art_SIR,Rare Rainbow
SPARK,32,All Trainer Cards,219,Peonia,Chilling Reign,alt_art_SIR,Rare Rainbow
SPARK,32,All Trainer Cards,193,Bea,Vivid Voltage,alt_art_SIR,Rare Rainbow
SPARK,32,All Trainer Cards,184,Gardenia's Vigor,Astral Radiance,alt_art_SIR,Rare Ultra
SPARK,32,All Trainer Cards,238,Nemona,Paldean Fates,alt_art_SIR,Special Illustration Rare
SPARK,32,All Trainer Cards,181,Level Ball,Battle Styles,alt_art_SIR,Rare Secret
SPARK,32,All Trainer Cards,TG24,Allister,Astral Radiance Trainer Gallery,alt_art_SIR,Rare Ultra
SPARK,32,All Trainer Cards,208,Tool Scrapper,Rebel Clash,alt_art_SIR,Rare Secret
SPARK,32,All Trainer Cards,214,Temple of Sinnoh,Astral Radiance,alt_art_SIR,Rare Secret
SPARK,32,All Trainer Cards,87,Colress's Tenacity,Shrouded Fable,alt_art_SIR,Ultra Rare
SPARK,32,All Trainer Cards,225,Zinnia's Resolve,Evolving Skies,alt_art_SIR,Rare Rainbow
SPARK,32,All Trainer Cards,194,Wallace,Silver Tempest,alt_art_SIR,Rare Ultra
SPARK,32,All Trainer Cards,202,Raihan,Evolving Skies,alt_art_SIR,Rare Ultra
SPARK,32,All Trainer Cards,201,Milo,Rebel Clash,alt_art_SIR,Rare Rainbow
SPARK,32,All Trainer Cards,164,Crispin,Stellar Crown,alt_art_SIR,Ultra Rare
SPARK,32,All Trainer Cards,243,Jamming Tower,Destined Rivals,alt_art_SIR,Hyper Rare
SPARK,32,All Trainer Cards,211,Avery,Chilling Reign,alt_art_SIR,Rare Rainbow
SPARK,32,All Trainer Cards,TG25,Judge,Silver Tempest Trainer Gallery,alt_art_SIR,Rare Ultra
SPARK,32,All Trainer Cards,148,Friends in Hisui,Crown Zenith,alt_art_SIR,Rare Ultra
SPARK,32,All Trainer Cards,221,Aroma Lady,Evolving Skies,alt_art_SIR,Rare Rainbow
SPARK,32,All Trainer Cards,205,Furisode Girl,Silver Tempest,alt_art_SIR,Rare Rainbow
SPARK,32,All Trainer Cards,244,Levincia,Destined Rivals,alt_art_SIR,Hyper Rare
SPARK,32,All Trainer Cards,196,Erika's Invitation,151,alt_art_SIR,Ultra Rare
SPARK,32,All Trainer Cards,GG66,Roxanne,Crown Zenith Galarian Gallery,alt_art_SIR,Rare Ultra
SPARK,32,All Trainer Cards,225,Team Rocket's Giovanni,Destined Rivals,alt_art_SIR,Ultra Rare
SPARK,32,All Trainer Cards,215,Flannery,Chilling Reign,alt_art_SIR,Rare Rainbow
SPARK,32,All Trainer Cards,257,Professor Turo's Scenario,Paradox Rift,alt_art_SIR,Special Illustration Rare
SPARK,32,All Trainer Cards,224,Enhanced Hammer,Twilight Masquerade,alt_art_SIR,Hyper Rare
SPARK,32,All Trainer Cards,206,Roxanne,Astral Radiance,alt_art_SIR,Rare Rainbow
SPARK,32,All Trainer Cards,195,Leon,Vivid Voltage,alt_art_SIR,Rare Rainbow
SPARK,32,All Trainer Cards,88,Janine's Secret Art,Shrouded Fable,alt_art_SIR,Ultra Rare
SPARK,32,All Trainer Cards,178,Cynthia's Ambition,Brilliant Stars,alt_art_SIR,Rare Rainbow
SPARK,32,All Trainer Cards,202,Gardenia's Vigor,Astral Radiance,alt_art_SIR,Rare Rainbow
SPARK,32,All Trainer Cards,206,Lance,Silver Tempest,alt_art_SIR,Rare Rainbow
SPARK,32,All Trainer Cards,TG25,Bea,Astral Radiance Trainer Gallery,alt_art_SIR,Rare Ultra
SPARK,32,All Trainer Cards,275,Elesa's Sparkle,Fusion Strike,alt_art_SIR,Rare Rainbow
SPARK,32,All Trainer Cards,252,Penny,Scarlet & Violet,alt_art_SIR,Special Illustration Rare
SPARK,32,All Trainer Cards,203,Brandon,Silver Tempest,alt_art_SIR,Rare Rainbow
SPARK,32,All Trainer Cards,203,Zinnia's Resolve,Evolving Skies,alt_art_SIR,Rare Ultra
SPARK,32,All Trainer Cards,192,Honey,Chilling Reign,alt_art_SIR,Rare Ultra
SPARK,32,All Trainer Cards,224,Raihan,Evolving Skies,alt_art_SIR,Rare Rainbow
SPARK,32,All Trainer Cards,238,Miriam,Scarlet & Violet,alt_art_SIR,Ultra Rare
SPARK,32,All Trainer Cards,204,Candice,Silver Tempest,alt_art_SIR,Rare Rainbow
SPARK,32,All Trainer Cards,211,Volo,Lost Origin,alt_art_SIR,Rare Rainbow
SPARK,32,All Trainer Cards,TG26,Gloria,Brilliant Stars Trainer Gallery,alt_art_SIR,Rare Ultra
SPARK,32,All Trainer Cards,188,Roxanne,Astral Radiance,alt_art_SIR,Rare Ultra
SPARK,32,All Trainer Cards,199,Adaman,Astral Radiance,alt_art_SIR,Rare Rainbow
SPARK,32,All Trainer Cards,167,Buddy-Buddy Poffin,Mega Evolution,alt_art_SIR,Ultra Rare
SPARK,32,All Trainer Cards,208,Lady,Lost Origin,alt_art_SIR,Rare Rainbow
SPARK,32,All Trainer Cards,201,Professor's Research (Professor Magnolia),Sword & Shield,alt_art_SIR,Rare Ultra
SPARK,32,All Trainer Cards,256,Rare Candy,Scarlet & Violet,alt_art_SIR,Hyper Rare
SPARK,32,All Trainer Cards,210,Agatha,Chilling Reign,alt_art_SIR,Rare Rainbow
SPARK,32,All Trainer Cards,TG28,Piers,Astral Radiance Trainer Gallery,alt_art_SIR,Rare Ultra
SPARK,32,All Trainer Cards,189,Candice,Silver Tempest,alt_art_SIR,Rare Ultra
SPARK,32,All Trainer Cards,195,Melony,Chilling Reign,alt_art_SIR,Rare Ultra
SPARK,32,All Trainer Cards,TG26,Melony,Astral Radiance Trainer Gallery,alt_art_SIR,Rare Ultra
SPARK,32,All Trainer Cards,267,Giacomo,Paldea Evolved,alt_art_SIR,Special Illustration Rare
SPARK,32,All Trainer Cards,209,Perrin,Twilight Masquerade,alt_art_SIR,Ultra Rare
SPARK,32,All Trainer Cards,179,Allister,Vivid Voltage,alt_art_SIR,Rare Ultra
SPARK,32,All Trainer Cards,172,Bruno,Battle Styles,alt_art_SIR,Rare Rainbow
SPARK,32,All Trainer Cards,190,Furisode Girl,Silver Tempest,alt_art_SIR,Rare Ultra
SPARK,32,All Trainer Cards,192,Allister,Vivid Voltage,alt_art_SIR,Rare Rainbow
SPARK,32,All Trainer Cards,212,Brawly,Chilling Reign,alt_art_SIR,Rare Rainbow
SPARK,32,All Trainer Cards,207,Scoop Up Net,Rebel Clash,alt_art_SIR,Rare Secret
SPARK,32,All Trainer Cards,194,Beauty,Vivid Voltage,alt_art_SIR,Rare Rainbow
SPARK,32,All Trainer Cards,186,Agatha,Chilling Reign,alt_art_SIR,Rare Ultra
SPARK,32,All Trainer Cards,209,Miss Fortune Sisters,Lost Origin,alt_art_SIR,Rare Rainbow
SPARK,32,All Trainer Cards,222,Copycat,Evolving Skies,alt_art_SIR,Rare Rainbow
SPARK,32,All Trainer Cards,227,Fog Crystal,Chilling Reign,alt_art_SIR,Rare Secret
SPARK,32,All Trainer Cards,173,Night Stretcher,Mega Evolution,alt_art_SIR,Ultra Rare
SPARK,32,All Trainer Cards,212,Jubilife Village,Astral Radiance,alt_art_SIR,Rare Secret
SPARK,32,All Trainer Cards,221,Siebold,Chilling Reign,alt_art_SIR,Rare Rainbow
SPARK,32,All Trainer Cards,GG65,Raihan,Crown Zenith Galarian Gallery,alt_art_SIR,Rare Ultra
SPARK,32,All Trainer Cards,249,Arven,Scarlet & Violet,alt_art_SIR,Special Illustration Rare
SPARK,32,All Trainer Cards,220,Peony,Chilling Reign,alt_art_SIR,Rare Rainbow
SPARK,32,All Trainer Cards,205,Kamado,Astral Radiance,alt_art_SIR,Rare Rainbow
SPARK,32,All Trainer Cards,GG57,Adaman,Crown Zenith Galarian Gallery,alt_art_SIR,Rare Ultra
SPARK,32,All Trainer Cards,204,Arezu,Lost Origin,alt_art_SIR,Rare Rainbow
SPARK,32,All Trainer Cards,197,Giovanni's Charisma,151,alt_art_SIR,Ultra Rare
SPARK,32,All Trainer Cards,278,Shauna,Fusion Strike,alt_art_SIR,Rare Rainbow
SPARK,32,All Trainer Cards,118,Dawn,Phantasmal Flames,alt_art_SIR,Ultra Rare
SPARK,32,All Trainer Cards,215,Ordinary Rod,Sword & Shield,alt_art_SIR,Rare Secret
SPARK,32,All Trainer Cards,TG26,Professor Burnet,Silver Tempest Trainer Gallery,alt_art_SIR,Rare Ultra
SPARK,32,All Trainer Cards,195,Pokémon Breeder's Nurturing,Darkness Ablaze,alt_art_SIR,Rare Rainbow
SPARK,32,All Trainer Cards,189,Arezu,Lost Origin,alt_art_SIR,Rare Ultra
SPARK,32,All Trainer Cards,206,Kieran,Twilight Masquerade,alt_art_SIR,Ultra Rare
SPARK,32,All Trainer Cards,238,Parasol Lady,Paradox Rift,alt_art_SIR,Ultra Rare
SPARK,32,All Trainer Cards,65,Ball Guy,Shining Fates,alt_art_SIR,Rare Ultra
SPARK,32,All Trainer Cards,160,Korrina's Focus,Battle Styles,alt_art_SIR,Rare Ultra
SPARK,32,All Trainer Cards,208,Wallace,Silver Tempest,alt_art_SIR,Rare Rainbow
SPARK,32,All Trainer Cards,232,Stormy Mountains,Evolving Skies,alt_art_SIR,Rare Secret
SPARK,32,All Trainer Cards,207,Bede,Sword & Shield,alt_art_SIR,Rare Rainbow
SPARK,32,All Trainer Cards,210,Team Yell Grunt,Sword & Shield,alt_art_SIR,Rare Rainbow
SPARK,32,All Trainer Cards,234,Turffield Stadium,Evolving Skies,alt_art_SIR,Rare Secret
SPARK,32,All Trainer Cards,201,Cyllene,Astral Radiance,alt_art_SIR,Rare Rainbow
SPARK,32,All Trainer Cards,230,Crystal Cave,Evolving Skies,alt_art_SIR,Rare Secret
SPARK,32,All Trainer Cards,206,Fantina,Lost Origin,alt_art_SIR,Rare Rainbow
SPARK,32,All Trainer Cards,250,Jacq,Scarlet & Violet,alt_art_SIR,Special Illustration Rare
SPARK,32,All Trainer Cards,192,Lance,Silver Tempest,alt_art_SIR,Rare Ultra
SPARK,32,All Trainer Cards,78,Piers,Champion's Path,alt_art_SIR,Rare Rainbow
SPARK,32,All Trainer Cards,260,Elesa's Sparkle,Fusion Strike,alt_art_SIR,Rare Ultra
SPARK,32,All Trainer Cards,209,Worker,Silver Tempest,alt_art_SIR,Rare Rainbow
SPARK,32,All Trainer Cards,TG23,Adventurer's Discovery,Lost Origin Trainer Gallery,alt_art_SIR,Rare Ultra
SPARK,32,All Trainer Cards,193,Lady,Lost Origin,alt_art_SIR,Rare Ultra
SPARK,32,All Trainer Cards,175,Bravery Charm,Stellar Crown,alt_art_SIR,Hyper Rare
SPARK,32,All Trainer Cards,204,Carmine,Twilight Masquerade,alt_art_SIR,Ultra Rare
SPARK,32,All Trainer Cards,177,Single Strike Style Mustard,Battle Styles,alt_art_SIR,Rare Rainbow
SPARK,32,All Trainer Cards,176,Rapid Strike Style Mustard,Battle Styles,alt_art_SIR,Rare Rainbow
SPARK,32,All Trainer Cards,GG58,Cheren's Care,Crown Zenith Galarian Gallery,alt_art_SIR,Rare Ultra
SPARK,32,All Trainer Cards,TG25,Cook,Lost Origin Trainer Gallery,alt_art_SIR,Rare Ultra
SPARK,32,All Trainer Cards,175,Rare Candy,Mega Evolution,alt_art_SIR,Ultra Rare
SPARK,32,All Trainer Cards,207,Zisu,Astral Radiance,alt_art_SIR,Rare Rainbow
SPARK,32,All Trainer Cards,86,Cassiopeia,Shrouded Fable,alt_art_SIR,Ultra Rare
SPARK,32,All Trainer Cards,209,Professor's Research (Professor Magnolia),Sword & Shield,alt_art_SIR,Rare Rainbow
SPARK,32,All Trainer Cards,190,Milo,Rebel Clash,alt_art_SIR,Rare Ultra
SPARK,32,All Trainer Cards,255,Nest Ball,Scarlet & Violet,alt_art_SIR,Hyper Rare
SPARK,32,All Trainer Cards,277,Schoolgirl,Fusion Strike,alt_art_SIR,Rare Rainbow
SPARK,32,All Trainer Cards,274,Dancer,Fusion Strike,alt_art_SIR,Rare Rainbow
SPARK,32,All Trainer Cards,197,Opal,Vivid Voltage,alt_art_SIR,Rare Rainbow
SPARK,32,All Trainer Cards,203,Grant,Astral Radiance,alt_art_SIR,Rare Rainbow
SPARK,32,All Trainer Cards,194,Miss Fortune Sisters,Lost Origin,alt_art_SIR,Rare Ultra
SPARK,32,All Trainer Cards,244,Tulip,Paradox Rift,alt_art_SIR,Ultra Rare
SPARK,32,All Trainer Cards,276,Schoolboy,Fusion Strike,alt_art_SIR,Rare Rainbow
SPARK,32,All Trainer Cards,181,Adaman,Astral Radiance,alt_art_SIR,Rare Ultra
SPARK,32,All Trainer Cards,224,Team Rocket's Ariana,Destined Rivals,alt_art_SIR,Ultra Rare
SPARK,32,All Trainer Cards,187,Avery,Chilling Reign,alt_art_SIR,Rare Ultra
SPARK,32,All Trainer Cards,200,Choy,Astral Radiance,alt_art_SIR,Rare Rainbow
SPARK,32,All Trainer Cards,188,Brandon,Silver Tempest,alt_art_SIR,Rare Ultra
SPARK,32,All Trainer Cards,223,Gordie,Evolving Skies,alt_art_SIR,Rare Rainbow
SPARK,32,All Trainer Cards,GG59,Colress's Experiment,Crown Zenith Galarian Gallery,alt_art_SIR,Rare Ultra
SPARK,32,All Trainer Cards,163,N's Plan,Black Bolt,alt_art_SIR,Ultra Rare
SPARK,32,All Trainer Cards,TG27,Raihan,Silver Tempest Trainer Gallery,alt_art_SIR,Rare Ultra
SPARK,32,All Trainer Cards,197,Peony,Chilling Reign,alt_art_SIR,Rare Ultra
SPARK,32,All Trainer Cards,196,Rose,Darkness Ablaze,alt_art_SIR,Rare Rainbow
SPARK,32,All Trainer Cards,212,Energy Switch,Silver Tempest,alt_art_SIR,Rare Secret
SPARK,32,All Trainer Cards,205,Colress's Experiment,Lost Origin,alt_art_SIR,Rare Rainbow
SPARK,32,All Trainer Cards,279,Sidney,Fusion Strike,alt_art_SIR,Rare Rainbow
SPARK,32,All Trainer Cards,234,Lisia's Appeal,Surging Sparks,alt_art_SIR,Ultra Rare
SPARK,32,All Trainer Cards,239,Penny,Scarlet & Violet,alt_art_SIR,Ultra Rare
SPARK,32,All Trainer Cards,276,Super Rod,Paldea Evolved,alt_art_SIR,Hyper Rare
SPARK,32,All Trainer Cards,263,Shauna,Fusion Strike,alt_art_SIR,Rare Ultra
SPARK,32,All Trainer Cards,197,Bianca's Devotion,Temporal Forces,alt_art_SIR,Ultra Rare
SPARK,32,All Trainer Cards,225,Rescue Board,Twilight Masquerade,alt_art_SIR,Hyper Rare
SPARK,32,All Trainer Cards,87,Egg Incubator,Pokémon GO,alt_art_SIR,Rare Secret
SPARK,32,All Trainer Cards,253,Grusha,Paldea Evolved,alt_art_SIR,Ultra Rare
SPARK,32,All Trainer Cards,181,Beauty,Vivid Voltage,alt_art_SIR,Rare Ultra
SPARK,32,All Trainer Cards,202,Salvatore,Temporal Forces,alt_art_SIR,Ultra Rare
SPARK,32,All Trainer Cards,273,Chili & Cilan & Cress,Fusion Strike,alt_art_SIR,Rare Rainbow
SPARK,32,All Trainer Cards,226,Geeta,Obsidian Flames,alt_art_SIR,Special Illustration Rare
SPARK,32,All Trainer Cards,199,Bede,Sword & Shield,alt_art_SIR,Rare Ultra
SPARK,32,All Trainer Cards,195,Worker,Silver Tempest,alt_art_SIR,Rare Ultra
SPARK,32,All Trainer Cards,TG27,Milo,Astral Radiance Trainer Gallery,alt_art_SIR,Rare Ultra
SPARK,32,All Trainer Cards,210,Thorton,Lost Origin,alt_art_SIR,Rare Rainbow
SPARK,32,All Trainer Cards,202,Team Yell Grunt,Sword & Shield,alt_art_SIR,Rare Ultra
SPARK,32,All Trainer Cards,194,Bill's Transfer,151,alt_art_SIR,Ultra Rare
SPARK,32,All Trainer Cards,207,Iscan,Lost Origin,alt_art_SIR,Rare Rainbow
SPARK,32,All Trainer Cards,198,Siebold,Chilling Reign,alt_art_SIR,Rare Ultra
SPARK,32,All Trainer Cards,227,Poppy,Obsidian Flames,alt_art_SIR,Special Illustration Rare
SPARK,32,All Trainer Cards,191,Fantina,Lost Origin,alt_art_SIR,Rare Ultra
SPARK,32,All Trainer Cards,265,Luxurious Cape,Paradox Rift,alt_art_SIR,Hyper Rare
SPARK,32,All Trainer Cards,158,Bruno,Battle Styles,alt_art_SIR,Rare Ultra
SPARK,32,All Trainer Cards,201,Morty's Conviction,Temporal Forces,alt_art_SIR,Ultra Rare
SPARK,32,All Trainer Cards,77,Kabu,Champion's Path,alt_art_SIR,Rare Rainbow
SPARK,32,All Trainer Cards,180,Roseanne's Backup,Brilliant Stars,alt_art_SIR,Rare Rainbow
SPARK,32,All Trainer Cards,221,Ethan's Adventure,Destined Rivals,alt_art_SIR,Ultra Rare
SPARK,32,All Trainer Cards,183,Cyllene,Astral Radiance,alt_art_SIR,Rare Ultra
SPARK,32,All Trainer Cards,216,Dark Patch,Lost Origin,alt_art_SIR,Rare Secret
SPARK,32,All Trainer Cards,195,Daisy's Help,151,alt_art_SIR,Ultra Rare
SPARK,32,All Trainer Cards,230,Cyrano,Surging Sparks,alt_art_SIR,Ultra Rare
SPARK,32,All Trainer Cards,176,Wally's Compassion,Mega Evolution,alt_art_SIR,Ultra Rare
SPARK,32,All Trainer Cards,188,Pokémon Breeder's Nurturing,Darkness Ablaze,alt_art_SIR,Rare Ultra
SPARK,32,All Trainer Cards,241,Rika,Paradox Rift,alt_art_SIR,Ultra Rare
SPARK,32,All Trainer Cards,263,Beach Court,Paradox Rift,alt_art_SIR,Hyper Rare
SPARK,32,All Trainer Cards,199,Eri,Temporal Forces,alt_art_SIR,Ultra Rare
SPARK,32,All Trainer Cards,214,Metal Saucer,Sword & Shield,alt_art_SIR,Rare Secret
SPARK,32,All Trainer Cards,235,Arven,Scarlet & Violet,alt_art_SIR,Ultra Rare
SPARK,32,All Trainer Cards,213,Gapejaw Bog,Silver Tempest,alt_art_SIR,Rare Secret
SPARK,32,All Trainer Cards,215,Collapsed Stadium,Lost Origin,alt_art_SIR,Rare Secret
SPARK,32,All Trainer Cards,177,Cheren's Care,Brilliant Stars,alt_art_SIR,Rare Rainbow
SPARK,32,All Trainer Cards,172,Roseanne's Backup,Brilliant Stars,alt_art_SIR,Rare Ultra
SPARK,32,All Trainer Cards,228,Rugged Helmet,Chilling Reign,alt_art_SIR,Rare Secret
SPARK,32,All Trainer Cards,GG62,Grant,Crown Zenith Galarian Gallery,alt_art_SIR,Rare Ultra
SPARK,32,All Trainer Cards,185,Magma Basin,Brilliant Stars,alt_art_SIR,Rare Secret
SPARK,32,All Trainer Cards,187,Piers,Darkness Ablaze,alt_art_SIR,Rare Ultra
SPARK,32,All Trainer Cards,230,Welcoming Lantern,Chilling Reign,alt_art_SIR,Rare Secret
SPARK,32,All Trainer Cards,206,Switch,151,alt_art_SIR,Hyper Rare
SPARK,32,All Trainer Cards,196,Volo,Lost Origin,alt_art_SIR,Rare Ultra
SPARK,32,All Trainer Cards,200,Copycat,Evolving Skies,alt_art_SIR,Rare Ultra
SPARK,32,All Trainer Cards,240,Professor's Research (Professor Sada),Scarlet & Violet,alt_art_SIR,Ultra Rare
SPARK,32,All Trainer Cards,215,Trekking Shoes,Astral Radiance,alt_art_SIR,Rare Secret
SPARK,32,All Trainer Cards,229,Boost Shake,Evolving Skies,alt_art_SIR,Rare Secret
SPARK,32,All Trainer Cards,226,Fan of Waves,Chilling Reign,alt_art_SIR,Rare Secret
SPARK,32,All Trainer Cards,66,Bird Keeper,Shining Fates,alt_art_SIR,Rare Ultra
SPARK,32,All Trainer Cards,78,Professor's Research,Pokémon GO,alt_art_SIR,Rare Ultra
SPARK,32,All Trainer Cards,277,Superior Energy Retrieval,Paldea Evolved,alt_art_SIR,Hyper Rare
SPARK,32,All Trainer Cards,229,Urn of Vitality,Chilling Reign,alt_art_SIR,Rare Secret
SPARK,32,All Trainer Cards,200,Turbo Patch,Darkness Ablaze,alt_art_SIR,Rare Secret
SPARK,32,All Trainer Cards,180,Exp. Share,Battle Styles,alt_art_SIR,Rare Secret
SPARK,32,All Trainer Cards,200,Explorer's Guidance,Temporal Forces,alt_art_SIR,Ultra Rare
SPARK,32,All Trainer Cards,249,Counter Gain,Surging Sparks,alt_art_SIR,Hyper Rare
SPARK,32,All Trainer Cards,250,Dendra,Paldea Evolved,alt_art_SIR,Ultra Rare
SPARK,32,All Trainer Cards,166,Air Balloon,Mega Evolution,alt_art_SIR,Ultra Rare
SPARK,32,All Trainer Cards,69,Piers,Shining Fates,alt_art_SIR,Rare Ultra
SPARK,32,All Trainer Cards,179,Kindler,Brilliant Stars,alt_art_SIR,Rare Rainbow
SPARK,32,All Trainer Cards,166,Lacey,Stellar Crown,alt_art_SIR,Ultra Rare
SPARK,32,All Trainer Cards,88,Lure Module,Pokémon GO,alt_art_SIR,Rare Secret
SPARK,32,All Trainer Cards,236,Mela,Paradox Rift,alt_art_SIR,Ultra Rare
SPARK,32,All Trainer Cards,233,Toy Catcher,Evolving Skies,alt_art_SIR,Rare Secret
SPARK,32,All Trainer Cards,225,Echoing Horn,Chilling Reign,alt_art_SIR,Rare Secret
SPARK,32,All Trainer Cards,199,Big Parasol,Darkness Ablaze,alt_art_SIR,Rare Secret
SPARK,32,All Trainer Cards,231,Full Face Guard,Evolving Skies,alt_art_SIR,Rare Secret
SPARK,32,All Trainer Cards,222,Judge,Destined Rivals,alt_art_SIR,Ultra Rare
SPARK,32,All Trainer Cards,206,Big Charm,Rebel Clash,alt_art_SIR,Rare Secret
SPARK,32,All Trainer Cards,227,Team Rocket's Proton,Destined Rivals,alt_art_SIR,Ultra Rare
SPARK,32,All Trainer Cards,264,Counter Catcher,Paradox Rift,alt_art_SIR,Hyper Rare
SPARK,32,All Trainer Cards,201,Hero's Medal,Vivid Voltage,alt_art_SIR,Rare Secret
SPARK,32,All Trainer Cards,211,Choice Belt,Astral Radiance,alt_art_SIR,Rare Secret
SPARK,32,All Trainer Cards,201,Gordie,Evolving Skies,alt_art_SIR,Rare Ultra
SPARK,32,All Trainer Cards,282,Training Court,Fusion Strike,alt_art_SIR,Rare Secret
SPARK,32,All Trainer Cards,217,Lost Vacuum,Lost Origin,alt_art_SIR,Rare Secret
SPARK,32,All Trainer Cards,261,Schoolboy,Fusion Strike,alt_art_SIR,Rare Ultra
SPARK,32,All Trainer Cards,TG27,Rapid Strike Style Mustard,Brilliant Stars Trainer Gallery,alt_art_SIR,Rare Ultra
SPARK,32,All Trainer Cards,235,Larry,Paradox Rift,alt_art_SIR,Ultra Rare
SPARK,32,All Trainer Cards,214,Leafy Camo Poncho,Silver Tempest,alt_art_SIR,Rare Secret
SPARK,32,All Trainer Cards,214,Box of Disaster,Lost Origin,alt_art_SIR,Rare Secret
SPARK,32,All Trainer Cards,151,Volo,Crown Zenith,alt_art_SIR,Rare Ultra
SPARK,32,All Trainer Cards,TG28,Opal,Lost Origin Trainer Gallery,alt_art_SIR,Rare Ultra
SPARK,32,All Trainer Cards,TG26,Kabu,Lost Origin Trainer Gallery,alt_art_SIR,Rare Ultra
SPARK,32,All Trainer Cards,188,Brawly,Chilling Reign,alt_art_SIR,Rare Ultra
SPARK,32,All Trainer Cards,TG25,Café Master,Brilliant Stars Trainer Gallery,alt_art_SIR,Rare Ultra
SPARK,32,All Trainer Cards,174,Premium Power Pro,Mega Evolution,alt_art_SIR,Ultra Rare
SPARK,32,All Trainer Cards,165,Acerola's Mischief,Mega Evolution,alt_art_SIR,Ultra Rare
SPARK,32,All Trainer Cards,189,Zisu,Astral Radiance,alt_art_SIR,Rare Ultra
SPARK,32,All Trainer Cards,203,Telescopic Sight,Vivid Voltage,alt_art_SIR,Rare Secret
SPARK,32,All Trainer Cards,262,Schoolgirl,Fusion Strike,alt_art_SIR,Rare Ultra
SPARK,32,All Trainer Cards,167,Barry,Brilliant Stars,alt_art_SIR,Rare Ultra
SPARK,32,All Trainer Cards,220,Emcee's Hype,Destined Rivals,alt_art_SIR,Ultra Rare
SPARK,32,All Trainer Cards,200,Cape of Toughness,Vivid Voltage,alt_art_SIR,Rare Secret
SPARK,32,All Trainer Cards,TG24,Gordie,Silver Tempest Trainer Gallery,alt_art_SIR,Rare Ultra
SPARK,32,All Trainer Cards,187,Kamado,Astral Radiance,alt_art_SIR,Rare Ultra
SPARK,32,All Trainer Cards,191,Gym Trainer,Silver Tempest,alt_art_SIR,Rare Ultra
SPARK,32,All Trainer Cards,185,Grant,Astral Radiance,alt_art_SIR,Rare Ultra
SPARK,32,All Trainer Cards,243,Shauntal,Paradox Rift,alt_art_SIR,Ultra Rare
SPARK,32,All Trainer Cards,168,Fighting Gong,Mega Evolution,alt_art_SIR,Ultra Rare
SPARK,32,All Trainer Cards,150,Professor's Research,Crown Zenith,alt_art_SIR,Rare Ultra
SPARK,32,All Trainer Cards,237,Katy,Scarlet & Violet,alt_art_SIR,Ultra Rare
SPARK,32,All Trainer Cards,236,Jacq,Scarlet & Violet,alt_art_SIR,Ultra Rare
SPARK,32,All Trainer Cards,281,Power Tablet,Fusion Strike,alt_art_SIR,Rare Secret
SPARK,32,All Trainer Cards,TG28,Sordward & Shielbert,Silver Tempest Trainer Gallery,alt_art_SIR,Rare Ultra
SPARK,32,All Trainer Cards,168,Cheren's Care,Brilliant Stars,alt_art_SIR,Rare Ultra
SPARK,32,All Trainer Cards,258,Chili & Cilan & Cress,Fusion Strike,alt_art_SIR,Rare Ultra
SPARK,32,All Trainer Cards,202,Memory Capsule,Vivid Voltage,alt_art_SIR,Rare Secret
SPARK,32,All Trainer Cards,239,Professor Sada's Vitality,Paradox Rift,alt_art_SIR,Ultra Rare
SPARK,32,All Trainer Cards,73,Hop,Champion's Path,alt_art_SIR,Rare Ultra
SPARK,32,All Trainer Cards,223,Team Rocket's Archer,Destined Rivals,alt_art_SIR,Ultra Rare
SPARK,32,All Trainer Cards,TG28,Single Strike Style Mustard,Brilliant Stars Trainer Gallery,alt_art_SIR,Rare Ultra
SPARK,32,All Trainer Cards,251,Falkner,Paldea Evolved,alt_art_SIR,Ultra Rare
SPARK,32,All Trainer Cards,184,Opal,Vivid Voltage,alt_art_SIR,Rare Ultra
SPARK,32,All Trainer Cards,116,Battle Cage,Phantasmal Flames,alt_art_SIR,Ultra Rare
SPARK,32,All Trainer Cards,163,Briar,Stellar Crown,alt_art_SIR,Ultra Rare
SPARK,32,All Trainer Cards,233,Jasmine's Gaze,Surging Sparks,alt_art_SIR,Ultra Rare
SPARK,32,All Trainer Cards,259,Dancer,Fusion Strike,alt_art_SIR,Rare Ultra
SPARK,32,All Trainer Cards,162,Rapid Strike Style Mustard,Battle Styles,alt_art_SIR,Rare Ultra
SPARK,32,All Trainer Cards,179,Brock's Scouting,Journey Together,alt_art_SIR,Ultra Rare
SPARK,32,All Trainer Cards,163,Single Strike Style Mustard,Battle Styles,alt_art_SIR,Rare Ultra
SPARK,32,All Trainer Cards,241,Professor's Research (Professor Turo),Scarlet & Violet,alt_art_SIR,Ultra Rare
SPARK,32,All Trainer Cards,242,Team Star Grunt,Scarlet & Violet,alt_art_SIR,Ultra Rare
SPARK,32,All Trainer Cards,190,Colress's Experiment,Lost Origin,alt_art_SIR,Rare Ultra
SPARK,32,All Trainer Cards,205,Hassel,Twilight Masquerade,alt_art_SIR,Ultra Rare
SPARK,32,All Trainer Cards,189,Rose,Darkness Ablaze,alt_art_SIR,Rare Ultra
SPARK,32,All Trainer Cards,208,Lucian,Twilight Masquerade,alt_art_SIR,Ultra Rare
SPARK,32,All Trainer Cards,182,Choy,Astral Radiance,alt_art_SIR,Rare Ultra
SPARK,32,All Trainer Cards,237,Norman,Paradox Rift,alt_art_SIR,Ultra Rare
SPARK,32,All Trainer Cards,220,Poppy,Obsidian Flames,alt_art_SIR,Ultra Rare
SPARK,32,All Trainer Cards,240,Professor Turo's Scenario,Paradox Rift,alt_art_SIR,Ultra Rare
SPARK,32,All Trainer Cards,229,Artazon,Obsidian Flames,alt_art_SIR,Hyper Rare
SPARK,32,All Trainer Cards,180,Iris's Fighting Spirit,Journey Together,alt_art_SIR,Ultra Rare
SPARK,32,All Trainer Cards,218,Geeta,Obsidian Flames,alt_art_SIR,Ultra Rare
SPARK,32,All Trainer Cards,242,Roark,Paradox Rift,alt_art_SIR,Ultra Rare
SPARK,32,All Trainer Cards,192,Iscan,Lost Origin,alt_art_SIR,Rare Ultra
SPARK,32,All Trainer Cards,67,Cara Liss,Shining Fates,alt_art_SIR,Rare Ultra
SPARK,32,All Trainer Cards,186,Kabu,Darkness Ablaze,alt_art_SIR,Rare Ultra
SPARK,32,All Trainer Cards,229,Clemont's Quick Wit,Surging Sparks,alt_art_SIR,Ultra Rare
SPARK,32,All Trainer Cards,252,Giacomo,Paldea Evolved,alt_art_SIR,Ultra Rare
SPARK,32,All Trainer Cards,68,Gym Trainer,Shining Fates,alt_art_SIR,Rare Ultra
SPARK,32,All Trainer Cards,120,Grimsley's Move,Phantasmal Flames,alt_art_SIR,Ultra Rare
SPARK,32,All Trainer Cards,195,Thorton,Lost Origin,alt_art_SIR,Rare Ultra
SPARK,32,All Trainer Cards,264,Sidney,Fusion Strike,alt_art_SIR,Rare Ultra
SPARK,32,All Trainer Cards,219,Ortega,Obsidian Flames,alt_art_SIR,Ultra Rare
SPARK,32,All Trainer Cards,123,Switch,Phantasmal Flames,alt_art_SIR,Ultra Rare
SPARK,32,All Trainer Cards,71,Rose,Shining Fates,alt_art_SIR,Rare Ultra
SPARK,32,All Trainer Cards,255,Saguaro,Paldea Evolved,alt_art_SIR,Ultra Rare
SPARK,32,All Trainer Cards,80,Suspicious Food Tin,Champion's Path,alt_art_SIR,Rare Secret
SPARK,32,All Trainer Cards,249,Clavell,Paldea Evolved,alt_art_SIR,Ultra Rare
SPARK,32,All Trainer Cards,172,Mystery Garden,Mega Evolution,alt_art_SIR,Ultra Rare
SPARK,32,All Trainer Cards,162,Fennel,Black Bolt,alt_art_SIR,Ultra Rare
SPARK,32,All Trainer Cards,235,Surfer,Surging Sparks,alt_art_SIR,Ultra Rare
SPARK,32,All Trainer Cards,221,Ryme,Obsidian Flames,alt_art_SIR,Ultra Rare
SPARK,32,All Trainer Cards,171,Mega Signal,Mega Evolution,alt_art_SIR,Ultra Rare
SPARK,32,All Trainer Cards,203,Caretaker,Twilight Masquerade,alt_art_SIR,Ultra Rare
SPARK,32,All Trainer Cards,165,Kofu,Stellar Crown,alt_art_SIR,Ultra Rare
SPARK,32,All Trainer Cards,232,Drayton,Surging Sparks,alt_art_SIR,Ultra Rare
SPARK,32,All Trainer Cards,136,Eri,Prismatic Evolutions,alt_art_SIR,Ultra Rare
SPARK,32,All Trainer Cards,231,Drasna,Surging Sparks,alt_art_SIR,Ultra Rare
SPARK,32,All Trainer Cards,163,Harlequin,White Flare,alt_art_SIR,Ultra Rare
SPARK,32,All Trainer Cards,170,Lt. Surge's Bargain,Mega Evolution,alt_art_SIR,Ultra Rare
SPARK,32,All Trainer Cards,228,Judge,Paldean Fates,alt_art_SIR,Ultra Rare
SPARK,32,All Trainer Cards,24,Professor's Research (Professor Oak),Celebrations,alt_art_SIR,Rare Ultra
SPARK,32,All Trainer Cards,170,Kindler,Brilliant Stars,alt_art_SIR,Rare Ultra
SPARK,32,All Trainer Cards,229,Nemona,Paldean Fates,alt_art_SIR,Ultra Rare
SPARK,32,All Trainer Cards,140,Mela,Prismatic Evolutions,alt_art_SIR,Ultra Rare
SPARK,32,All Trainer Cards,181,Ruffian,Journey Together,alt_art_SIR,Ultra Rare
SPARK,32,All Trainer Cards,137,Friends in Paldea,Prismatic Evolutions,alt_art_SIR,Ultra Rare
SPARK,32,All Trainer Cards,119,Firebreather,Phantasmal Flames,alt_art_SIR,Ultra Rare
SPARK,32,All Trainer Cards,139,Larry's Skill,Prismatic Evolutions,alt_art_SIR,Ultra Rare
SPARK,32,All Trainer Cards,117,Blowtorch,Phantasmal Flames,alt_art_SIR,Ultra Rare
SPARK,32,All Trainer Cards,230,Paldean Student,Paldean Fates,alt_art_SIR,Ultra Rare
SPARK,32,All Trainer Cards,231,Paldean Student,Paldean Fates,alt_art_SIR,Ultra Rare
SPARK,32,All Trainer Cards,122,Sacred Charm,Phantasmal Flames,alt_art_SIR,Ultra Rare
SPARK,32,All Trainer Cards,141,Ortega,Prismatic Evolutions,alt_art_SIR,Ultra Rare
SPARK,32,All Trainer Cards,134,Atticus,Prismatic Evolutions,alt_art_SIR,Ultra Rare
SPARK,32,All Trainer Cards,121,Punk Helmet,Phantasmal Flames,alt_art_SIR,Ultra Rare
SPARK,32,All Trainer Cards,133,Atticus,Prismatic Evolutions,alt_art_SIR,Ultra Rare
SPARK,32,All Trainer Cards,132,Amarys,Prismatic Evolutions,alt_art_SIR,Ultra Rare
SPARK,32,All Trainer Cards,142,Raifort,Prismatic Evolutions,alt_art_SIR,Ultra Rare
SPARK,32,All Trainer Cards,227,Clive,Paldean Fates,alt_art_SIR,Ultra Rare
SPARK,32,All Trainer Cards,143,Tyme,Prismatic Evolutions,alt_art_SIR,Ultra Rare
SPARK,32,All Trainer Cards,138,Giacomo,Prismatic Evolutions,alt_art_SIR,Ultra Rare
SPARK,32,All Trainer Cards,135,Brassius,Prismatic Evolutions,alt_art_SIR,Ultra Rare
SPARK,32,All Trainer Cards,119,Gwynn,Pitch Black,alt_art_SIR,Special Illustration Rare
SPARK,32,All Trainer Cards,118,Gladion's Final Battle,Pitch Black,alt_art_SIR,Special Illustration Rare
SPARK,32,All Trainer Cards,121,Roxie's Performance,Chaos Rising,alt_art_SIR,Special Illustration Rare
SPARK,32,All Trainer Cards,120,AZ's Tranquility,Chaos Rising,alt_art_SIR,Special Illustration Rare
SPARK,32,All Trainer Cards,123,Rosa's Encouragement,Perfect Order,alt_art_SIR,Special Illustration Rare
SPARK,32,All Trainer Cards,122,Jacinthe,Perfect Order,alt_art_SIR,Special Illustration Rare
SPARK,32,All Trainer Cards,293,Surfer,Ascended Heroes,alt_art_SIR,Special Illustration Rare
SPARK,32,All Trainer Cards,292,Iris's Fighting Spirit,Ascended Heroes,alt_art_SIR,Special Illustration Rare
SPARK,32,All Trainer Cards,291,Canari,Ascended Heroes,alt_art_SIR,Special Illustration Rare
SPARK,32,All Trainer Cards,101,N,30th Celebration: Classic Collection,alt_art_SIR,Rare Ultra
SPARK,32,All Trainer Cards,113,Tremendous Bomb,Pitch Black,alt_art_SIR,Ultra Rare
SPARK,32,All Trainer Cards,112,Rust Syndicate Grunt,Pitch Black,alt_art_SIR,Ultra Rare
SPARK,32,All Trainer Cards,111,Misty's Vitality,Pitch Black,alt_art_SIR,Ultra Rare
SPARK,32,All Trainer Cards,110,Iron Defender,Pitch Black,alt_art_SIR,Ultra Rare
SPARK,32,All Trainer Cards,109,Gwynn,Pitch Black,alt_art_SIR,Ultra Rare
SPARK,32,All Trainer Cards,108,Gladion's Final Battle,Pitch Black,alt_art_SIR,Ultra Rare
SPARK,32,All Trainer Cards,107,Energy Switch,Pitch Black,alt_art_SIR,Ultra Rare
SPARK,32,All Trainer Cards,106,Dark Bell,Pitch Black,alt_art_SIR,Ultra Rare
SPARK,32,All Trainer Cards,105,Crushing Hammer,Pitch Black,alt_art_SIR,Ultra Rare
SPARK,32,All Trainer Cards,104,Brave Bangle,Pitch Black,alt_art_SIR,Ultra Rare
SPARK,32,All Trainer Cards,115,Tool Scrapper,Chaos Rising,alt_art_SIR,Ultra Rare
SPARK,32,All Trainer Cards,114,Surfing Beach,Chaos Rising,alt_art_SIR,Ultra Rare
SPARK,32,All Trainer Cards,113,Special Red Card,Chaos Rising,alt_art_SIR,Ultra Rare
SPARK,32,All Trainer Cards,112,Roxie's Performance,Chaos Rising,alt_art_SIR,Ultra Rare
SPARK,32,All Trainer Cards,111,Prism Tower,Chaos Rising,alt_art_SIR,Ultra Rare
SPARK,32,All Trainer Cards,110,Philippe,Chaos Rising,alt_art_SIR,Ultra Rare
SPARK,32,All Trainer Cards,109,Jumbo Ice Cream,Chaos Rising,alt_art_SIR,Ultra Rare
SPARK,32,All Trainer Cards,108,Energy Retrieval,Chaos Rising,alt_art_SIR,Ultra Rare
SPARK,32,All Trainer Cards,107,Emma,Chaos Rising,alt_art_SIR,Ultra Rare
SPARK,32,All Trainer Cards,106,AZ's Tranquility,Chaos Rising,alt_art_SIR,Ultra Rare
SPARK,32,All Trainer Cards,117,Wondrous Patch,Perfect Order,alt_art_SIR,Ultra Rare
SPARK,32,All Trainer Cards,116,Tarragon,Perfect Order,alt_art_SIR,Ultra Rare
SPARK,32,All Trainer Cards,115,Sacred Ash,Perfect Order,alt_art_SIR,Ultra Rare
SPARK,32,All Trainer Cards,114,Rosa's Encouragement,Perfect Order,alt_art_SIR,Ultra Rare
SPARK,32,All Trainer Cards,113,Poké Pad,Perfect Order,alt_art_SIR,Ultra Rare
SPARK,32,All Trainer Cards,112,Naveen,Perfect Order,alt_art_SIR,Ultra Rare
SPARK,32,All Trainer Cards,111,Lumiose City,Perfect Order,alt_art_SIR,Ultra Rare
SPARK,32,All Trainer Cards,110,Jacinthe,Perfect Order,alt_art_SIR,Ultra Rare
SPARK,32,All Trainer Cards,109,Forest of Vitality,Perfect Order,alt_art_SIR,Ultra Rare
SPARK,32,All Trainer Cards,108,Energy Recycler,Perfect Order,alt_art_SIR,Ultra Rare
SPARK,32,All Trainer Cards,264,Ultra Ball,Ascended Heroes,alt_art_SIR,Ultra Rare
SPARK,32,All Trainer Cards,262,N's PP Up,Ascended Heroes,alt_art_SIR,Ultra Rare
SPARK,32,All Trainer Cards,260,Glass Trumpet,Ascended Heroes,alt_art_SIR,Ultra Rare
SPARK,32,All Trainer Cards,263,Team Rocket's Transceiver,Ascended Heroes,alt_art_SIR,Ultra Rare
SPARK,32,All Trainer Cards,261,Jamming Tower,Ascended Heroes,alt_art_SIR,Ultra Rare
SPARK,32,All Trainer Cards,258,Cheren,Ascended Heroes,alt_art_SIR,Ultra Rare
SPARK,32,All Trainer Cards,257,Canari,Ascended Heroes,alt_art_SIR,Ultra Rare
SPARK,32,All Trainer Cards,259,Counter Gain,Ascended Heroes,alt_art_SIR,Ultra Rare
SPARK,32,All Trainer Cards,256,Boss's Orders,Ascended Heroes,alt_art_SIR,Ultra Rare
SPARK,32,All Trainer Cards,255,Black Belt's Training,Ascended Heroes,alt_art_SIR,Ultra Rare
SPARK,32,All Trainer Cards,254,Anthea & Concordia,Ascended Heroes,alt_art_SIR,Ultra Rare
SPARK,32,All Trainer Cards,150,Paradise Resort,Scarlet & Violet Black Star Promos,promo,Promo
SPARK,32,All Trainer Cards,45,Paradise Resort,Scarlet & Violet Black Star Promos,promo,Promo
SPARK,32,All Trainer Cards,SWSH296,Champions Festival,SWSH Black Star Promos,promo,Promo
SPARK,32,All Trainer Cards,SWSH146,Poké Ball,SWSH Black Star Promos,promo,Promo
SPARK,32,All Trainer Cards,SWSH121,Marnie,SWSH Black Star Promos,promo,Promo
SPARK,32,All Trainer Cards,124,Iono,Scarlet & Violet Black Star Promos,promo,Promo
SPARK,32,All Trainer Cards,SWSH251,Boss's Orders,SWSH Black Star Promos,promo,Promo
SPARK,32,All Trainer Cards,SWSH302,Klara,SWSH Black Star Promos,promo,Promo
SPARK,32,All Trainer Cards,SWSH120,Marnie,SWSH Black Star Promos,promo,Promo
SPARK,32,All Trainer Cards,SWSH152,Professor's Research,SWSH Black Star Promos,promo,Promo
SPARK,32,All Trainer Cards,SWSH227,Blanche,SWSH Black Star Promos,promo,Promo
SPARK,32,All Trainer Cards,SWSH228,Candela,SWSH Black Star Promos,promo,Promo
SPARK,32,All Trainer Cards,SWSH226,Spark,SWSH Black Star Promos,promo,Promo
SPARK,32,All Trainer Cards,114,Picnicker,Scarlet & Violet Black Star Promos,promo,Promo
SPARK,32,All Trainer Cards,SWSH178,Professor's Research,SWSH Black Star Promos,promo,Promo
SPARK,32,All Trainer Cards,SWSH167,Professor Burnet,SWSH Black Star Promos,promo,Promo
